,best_m,best_m,best_k,best_k,best_k_original_gs,best_k_original_gs,best_m_base,best_m_base,insample_lasso,insample_lasso,mse_lasso,mse_lasso,df_lasso,df_lasso,coef_recovery_lasso,coef_recovery_lasso,support_recovery_lasso,support_recovery_lasso,outsample_mse_lasso,outsample_mse_lasso,rte_lasso,rte_lasso,f_score_lasso,f_score_lasso,insample_ridge,insample_ridge,mse_ridge,mse_ridge,df_ridge,df_ridge,coef_recovery_ridge,coef_recovery_ridge,outsample_mse_ridge,outsample_mse_ridge,rte_ridge,rte_ridge,f_score_ridge,f_score_ridge,insample_elastic,insample_elastic,mse_elastic,mse_elastic,df_elastic,df_elastic,coef_recovery_elastic,coef_recovery_elastic,support_recovery_elastic,support_recovery_elastic,outsample_mse_elastic,outsample_mse_elastic,rte_elastic,rte_elastic,f_score_elastic,f_score_elastic,best_k_bagged_gs,best_k_bagged_gs,insample_bagged_gs,insample_bagged_gs,mse_bagged_gs,mse_bagged_gs,df_bagged_gs,df_bagged_gs,coef_recovery_bagged_gs,coef_recovery_bagged_gs,support_recovery_bagged_gs,support_recovery_bagged_gs,outsample_mse_bagged_gs,outsample_mse_bagged_gs,rte_bagged_gs,rte_bagged_gs,f_score_bagged_gs,f_score_bagged_gs,best_k_smeared_gs,best_k_smeared_gs,best_noise_scale,best_noise_scale,insample_smeared_gs,insample_smeared_gs,mse_smeared_gs,mse_smeared_gs,df_smeared_gs,df_smeared_gs,coef_recovery_smeared_gs,coef_recovery_smeared_gs,support_recovery_smeared_gs,support_recovery_smeared_gs,outsample_mse_smeared_gs,outsample_mse_smeared_gs,rte_smeared_gs,rte_smeared_gs,f_score_smeared_gs,f_score_smeared_gs,insample_rgs,insample_rgs,mse_rgs,mse_rgs,df_rgs,df_rgs,coef_recovery_rgs,coef_recovery_rgs,support_recovery_rgs,support_recovery_rgs,outsample_mse_rgs,outsample_mse_rgs,rte_rgs,rte_rgs,f_score_rgs,f_score_rgs,insample_original_gs,insample_original_gs,mse_original_gs,mse_original_gs,df_original_gs,df_original_gs,coef_recovery_original_gs,coef_recovery_original_gs,support_recovery_original_gs,support_recovery_original_gs,outsample_mse_original_gs,outsample_mse_original_gs,rte_original_gs,rte_original_gs,f_score_original_gs,f_score_original_gs,insample_base_rgs,insample_base_rgs,mse_base_rgs,mse_base_rgs,df_base_rgs,df_base_rgs,coef_recovery_base_rgs,coef_recovery_base_rgs,support_recovery_base_rgs,support_recovery_base_rgs,outsample_mse_base_rgs,outsample_mse_base_rgs,insample_base_gs,insample_base_gs,mse_base_gs,mse_base_gs,df_base_gs,df_base_gs,coef_recovery_base_gs,coef_recovery_base_gs,support_recovery_base_gs,support_recovery_base_gs,outsample_mse_base_gs,outsample_mse_base_gs
,mean,std,mean,std,mean,std,mean,std,mean,std,mean,std,mean,std,mean,std,mean,std,mean,std,mean,std,mean,std,mean,std,mean,std,mean,std,mean,std,mean,std,mean,std,mean,std,mean,std,mean,std,mean,std,mean,std,mean,std,mean,std,mean,std,mean,std,mean,std,mean,std,mean,std,mean,std,mean,std,mean,std,mean,std,mean,std,mean,std,mean,std,mean,std,mean,std,mean,std,mean,std,mean,std,mean,std,mean,std,mean,std,mean,std,mean,std,mean,std,mean,std,mean,std,mean,std,mean,std,mean,std,mean,std,mean,std,mean,std,mean,std,mean,std,mean,std,mean,std,mean,std,mean,std,mean,std,mean,std,mean,std,mean,std,mean,std,mean,std,mean,std,mean,std,mean,std,mean,std,mean,std,mean,std
sigma,,,,,,,,,,,,,,,,,,,,,,,,,,,,,,,,,,,,,,,,,,,,,,,,,,,,,,,,,,,,,,,,,,,,,,,,,,,,,,,,,,,,,,,,,,,,,,,,,,,,,,,,,,,,,,,,,,,,,,,,,,,,,,,,,,,,,,,,,,,,,,,,,,,,
3.1622776601683795,91.2,27.828,11.1,1.8529,10.8,1.0328,91.2,27.828,0.2229,0.0759,9.8739,0.5069,17.4295,23.6294,0.0043,0.0013,0.938,0.0437,10.5973,1.5978,1.0217,0.0073,0.782,0.1249,0.9447,0.1214,9.0507,0.4171,94.609,20.3746,0.0325,0.0047,11.4946,1.6844,1.0943,0.0125,0.1818,0.0,0.2312,0.086,9.8814,0.5086,17.4712,23.6509,0.0037,0.0009,0.923,0.0583,10.5906,1.586,1.0225,0.0084,0.7489,0.1438,10.7,1.1595,0.2211,0.0631,9.8058,0.4844,20.7451,23.1697,0.0069,0.0031,0.344,0.1462,10.6193,1.652,1.0212,0.0068,0.2401,0.0425,10.9,1.1005,0.6,0.2108,0.1935,0.0957,9.8595,0.4599,16.6846,23.7753,0.0043,0.0016,0.973,0.0323,10.5665,1.6658,1.0185,0.01,0.8954,0.1132,0.1866,0.1206,9.8754,0.4457,15.5445,22.8508,0.0041,0.0016,0.938,0.1786,10.5438,1.7172,1.0181,0.0121,0.9026,0.2281,0.1826,0.1111,9.8753,0.4457,15.3495,22.7864,0.0042,0.0017,0.992,0.0103,10.5638,1.6888,1.0178,0.0113,0.9636,0.0457,0.1822,0.2293,9.9692,0.4648,10.6371,20.2843,0.0041,0.0023,0.958,0.1328,10.4514,1.6547,0.1471,0.1216,9.943,0.4375,10.1926,20.2099,0.1085,0.0029,0.9498,0.0006,10.5082,1.5769
3.872983346207417,73.5,42.774,12.0,3.5277,10.6,2.1705,88.5,26.6552,0.3324,0.1104,14.8107,0.7526,17.3703,23.5445,0.0064,0.002,0.938,0.0413,15.8922,2.3887,1.0215,0.0071,0.7798,0.1165,1.4164,0.1817,13.5758,0.6257,94.5904,20.3831,0.0488,0.0071,17.2417,2.5297,1.0943,0.0125,0.1818,0.0,0.3419,0.1237,14.831,0.7559,17.0148,23.4971,0.0052,0.0013,0.92,0.0583,15.8721,2.376,1.0221,0.008,0.741,0.1444,9.3,1.1595,0.3997,0.0986,14.7548,0.7,21.4771,22.3815,0.0146,0.0058,0.383,0.191,15.9799,2.4457,1.0259,0.007,0.2588,0.0669,10.7,2.3118,0.75,0.2635,0.4264,0.1715,14.7969,0.7088,20.9635,23.5794,0.0132,0.008,0.962,0.0365,16.1423,2.454,1.0277,0.0119,0.8535,0.1062,0.5036,0.1397,14.8151,0.6958,22.9291,24.6045,0.0149,0.0074,0.828,0.2603,16.3406,2.357,1.0332,0.0096,0.7261,0.3091,0.4427,0.166,14.8163,0.7011,20.8591,23.4135,0.0138,0.0081,0.982,0.014,16.1729,2.5542,1.029,0.0111,0.9162,0.0558,0.4701,0.3992,14.9438,0.6427,17.5258,23.7436,0.0148,0.0148,0.963,0.0736,15.9575,2.6261,0.4027,0.3095,14.8952,0.6542,16.8989,22.6273,0.1097,0.0034,0.9484,0.0022,15.8693,2.5188
4.830458915396479,44.5,41.6793,10.7,1.4181,10.5,2.3214,53.3,43.3129,0.515,0.1759,23.0535,1.1712,17.0147,23.3016,0.01,0.0031,0.937,0.0406,24.711,3.732,1.0214,0.0073,0.7762,0.1139,2.2024,0.2819,21.1178,0.9733,94.574,20.3906,0.0759,0.011,26.8204,3.9393,1.0942,0.0124,0.1818,0.0,0.5236,0.1933,23.0718,1.1948,16.8086,23.7427,0.0072,0.0019,0.914,0.0568,24.6635,3.6716,1.0218,0.008,0.7239,0.1391,7.8,1.2293,0.6023,0.1461,22.984,1.0826,20.371,22.953,0.0222,0.0087,0.458,0.2159,24.7651,3.7217,1.0251,0.0067,0.2949,0.1032,9.7,1.767,1.2,0.7149,0.7189,0.2386,23.0406,1.1014,21.6551,22.892,0.0237,0.0109,0.936,0.0703,24.8966,3.921,1.0301,0.0104,0.7815,0.1417,0.8595,0.429,23.1,0.9942,23.396,21.3227,0.0236,0.021,0.755,0.19,25.123,3.9573,1.0365,0.0182,0.5485,0.2669,0.7701,0.2056,23.0315,1.1417,22.9467,24.2407,0.0236,0.008,0.971,0.011,24.9122,3.9341,1.0324,0.0087,0.861,0.0404,0.9073,0.4624,23.1955,1.0249,22.3726,22.2549,0.024,0.0211,0.809,0.174,24.9973,4.1533,0.8361,0.2633,23.085,1.0162,23.2148,22.0819,0.1116,0.0038,0.9458,0.0015,25.1577,4.0972
6.324555320336759,30.2,36.9769,10.9,2.0248,9.0,2.1082,22.5,27.4965,0.8865,0.2958,39.5004,2.0258,17.308,23.6344,0.0171,0.0053,0.937,0.0406,42.3778,6.4014,1.0215,0.0071,0.7762,0.1139,3.774,0.4822,36.2018,1.6686,94.5584,20.3978,0.13,0.0189,45.9779,6.7599,1.0942,0.0124,0.1818,0.0,0.8729,0.3049,39.5899,2.0285,16.0215,23.5869,0.0117,0.0051,0.918,0.0485,42.173,6.2462,1.0212,0.0074,0.7292,0.1292,6.7,1.0593,0.9249,0.2425,39.361,1.8868,19.5291,22.868,0.0302,0.0093,0.425,0.1665,42.3024,6.3992,1.0225,0.0064,0.2701,0.0645,8.3,2.1628,1.45,0.7246,1.3813,0.5793,39.5099,1.7676,23.369,24.1132,0.049,0.0192,0.933,0.0343,43.0404,5.9907,1.034,0.015,0.7272,0.1012,1.1735,0.4208,39.3316,1.8161,23.0009,22.0057,0.025,0.0148,0.677,0.1748,42.4416,6.0961,1.0289,0.0105,0.4368,0.2024,1.6777,0.6125,39.5423,1.7275,26.6656,23.4873,0.0577,0.0197,0.948,0.022,43.4035,6.0443,1.0415,0.0156,0.7298,0.0947,1.1916,0.3589,39.46,1.8,21.623,22.2348,0.0218,0.0088,0.693,0.1261,42.4593,6.0977,1.4347,0.4581,39.3851,1.7702,25.595,22.958,0.1182,0.007,0.9404,0.0044,42.9552,6.6009
9.486832980505138,25.8,31.3929,8.8,3.084,8.1,3.3813,11.5,3.2404,1.8883,0.6515,88.9382,4.5292,16.373,23.537,0.0331,0.0073,0.933,0.0452,95.172,14.2693,1.0204,0.007,0.7544,0.1322,8.4881,1.0822,81.4536,3.7544,94.5415,20.4056,0.2924,0.0424,103.4503,15.2265,1.0942,0.0124,0.1818,0.0,1.8334,0.619,89.1048,4.5832,15.144,23.7686,0.0233,0.0102,0.912,0.0598,94.7194,14.0959,1.0197,0.0066,0.714,0.1552,5.0,1.1547,1.7286,0.5954,88.6839,4.1801,16.898,22.5875,0.0443,0.0118,0.509,0.2121,94.6381,13.9125,1.0186,0.0069,0.32,0.1177,6.3,2.0028,1.9,0.3162,2.7795,1.0658,89.088,4.182,20.4876,24.2668,0.0871,0.0177,0.942,0.0459,95.9309,13.2612,1.0304,0.0124,0.7541,0.142,2.0387,0.6023,88.7255,4.3449,18.3887,22.6536,0.0368,0.028,0.668,0.2008,94.7117,13.6743,1.0222,0.0064,0.4309,0.2023,3.532,1.2819,88.8242,4.9066,26.1284,28.5549,0.1047,0.0194,0.931,0.0238,96.7969,13.4423,1.0389,0.0146,0.6251,0.0687,1.8188,0.551,88.2044,3.8988,20.0601,20.9744,0.0243,0.007,0.59,0.0803,95.5687,13.3433,3.4196,1.0587,88.0688,4.0454,29.6967,23.4877,0.14,0.0137,0.9304,0.0054,97.6931,14.3817
