,best_m,best_m,best_k,best_k,best_k_original_gs,best_k_original_gs,best_m_base,best_m_base,insample_lasso,insample_lasso,mse_lasso,mse_lasso,df_lasso,df_lasso,coef_recovery_lasso,coef_recovery_lasso,support_recovery_lasso,support_recovery_lasso,outsample_mse_lasso,outsample_mse_lasso,rte_lasso,rte_lasso,f_score_lasso,f_score_lasso,insample_ridge,insample_ridge,mse_ridge,mse_ridge,df_ridge,df_ridge,coef_recovery_ridge,coef_recovery_ridge,outsample_mse_ridge,outsample_mse_ridge,rte_ridge,rte_ridge,f_score_ridge,f_score_ridge,insample_elastic,insample_elastic,mse_elastic,mse_elastic,df_elastic,df_elastic,coef_recovery_elastic,coef_recovery_elastic,support_recovery_elastic,support_recovery_elastic,outsample_mse_elastic,outsample_mse_elastic,rte_elastic,rte_elastic,f_score_elastic,f_score_elastic,best_k_bagged_gs,best_k_bagged_gs,insample_bagged_gs,insample_bagged_gs,mse_bagged_gs,mse_bagged_gs,df_bagged_gs,df_bagged_gs,coef_recovery_bagged_gs,coef_recovery_bagged_gs,support_recovery_bagged_gs,support_recovery_bagged_gs,outsample_mse_bagged_gs,outsample_mse_bagged_gs,rte_bagged_gs,rte_bagged_gs,f_score_bagged_gs,f_score_bagged_gs,best_k_smeared_gs,best_k_smeared_gs,best_noise_scale,best_noise_scale,insample_smeared_gs,insample_smeared_gs,mse_smeared_gs,mse_smeared_gs,df_smeared_gs,df_smeared_gs,coef_recovery_smeared_gs,coef_recovery_smeared_gs,support_recovery_smeared_gs,support_recovery_smeared_gs,outsample_mse_smeared_gs,outsample_mse_smeared_gs,rte_smeared_gs,rte_smeared_gs,f_score_smeared_gs,f_score_smeared_gs,insample_rgs,insample_rgs,mse_rgs,mse_rgs,df_rgs,df_rgs,coef_recovery_rgs,coef_recovery_rgs,support_recovery_rgs,support_recovery_rgs,outsample_mse_rgs,outsample_mse_rgs,rte_rgs,rte_rgs,f_score_rgs,f_score_rgs,insample_original_gs,insample_original_gs,mse_original_gs,mse_original_gs,df_original_gs,df_original_gs,coef_recovery_original_gs,coef_recovery_original_gs,support_recovery_original_gs,support_recovery_original_gs,outsample_mse_original_gs,outsample_mse_original_gs,rte_original_gs,rte_original_gs,f_score_original_gs,f_score_original_gs,insample_base_rgs,insample_base_rgs,mse_base_rgs,mse_base_rgs,df_base_rgs,df_base_rgs,coef_recovery_base_rgs,coef_recovery_base_rgs,support_recovery_base_rgs,support_recovery_base_rgs,outsample_mse_base_rgs,outsample_mse_base_rgs,insample_base_gs,insample_base_gs,mse_base_gs,mse_base_gs,df_base_gs,df_base_gs,coef_recovery_base_gs,coef_recovery_base_gs,support_recovery_base_gs,support_recovery_base_gs,outsample_mse_base_gs,outsample_mse_base_gs
,mean,std,mean,std,mean,std,mean,std,mean,std,mean,std,mean,std,mean,std,mean,std,mean,std,mean,std,mean,std,mean,std,mean,std,mean,std,mean,std,mean,std,mean,std,mean,std,mean,std,mean,std,mean,std,mean,std,mean,std,mean,std,mean,std,mean,std,mean,std,mean,std,mean,std,mean,std,mean,std,mean,std,mean,std,mean,std,mean,std,mean,std,mean,std,mean,std,mean,std,mean,std,mean,std,mean,std,mean,std,mean,std,mean,std,mean,std,mean,std,mean,std,mean,std,mean,std,mean,std,mean,std,mean,std,mean,std,mean,std,mean,std,mean,std,mean,std,mean,std,mean,std,mean,std,mean,std,mean,std,mean,std,mean,std,mean,std,mean,std,mean,std,mean,std,mean,std,mean,std,mean,std,mean,std
sigma,,,,,,,,,,,,,,,,,,,,,,,,,,,,,,,,,,,,,,,,,,,,,,,,,,,,,,,,,,,,,,,,,,,,,,,,,,,,,,,,,,,,,,,,,,,,,,,,,,,,,,,,,,,,,,,,,,,,,,,,,,,,,,,,,,,,,,,,,,,,,,,,,,,,
3.1622776601683795,13.4,19.2481,5.8,2.6998,1.8,1.0328,3.8,1.7512,0.757,0.0711,10.5198,0.5524,11.8483,25.1355,0.0933,0.0037,0.888,0.0262,11.1257,1.855,3.4024,0.1111,0.3994,0.1591,1.5304,0.1229,9.5444,0.4444,99.201,20.9171,0.0988,0.0033,12.2717,1.685,3.2108,0.0695,0.1818,0.0,0.748,0.0725,10.4973,0.5625,12.524,25.5488,0.0931,0.0034,0.841,0.0676,11.1262,1.8596,3.4037,0.1009,0.3785,0.1546,2.2,0.9189,0.7318,0.0407,10.4275,0.5203,15.1994,24.8541,0.0909,0.0026,0.449,0.1376,11.1182,1.8243,3.3347,0.0799,0.258,0.0389,1.7,0.6749,1.6,0.6583,0.758,0.0365,10.5296,0.538,11.4117,25.4585,0.091,0.0027,0.84,0.0724,11.125,1.8575,3.3284,0.0866,0.4034,0.1222,0.7507,0.0616,10.4105,0.509,16.9919,24.1065,0.0921,0.003,0.559,0.2387,11.19,1.7653,3.3705,0.0916,0.332,0.1164,0.8215,0.0235,10.5808,0.4971,12.0227,24.1013,0.0918,0.0026,0.91,0.0,11.2767,1.8402,3.3235,0.1073,0.2322,0.065,0.742,0.0667,10.2949,0.4435,22.331,20.8367,0.0909,0.0021,0.331,0.115,11.1823,1.7766,1.0445,0.0932,10.1963,0.4817,42.3659,23.9937,0.0919,0.0027,0.8865,0.0099,11.5586,1.7618
3.872983346207417,21.4,26.5966,5.1,5.3219,1.6,0.6992,3.7,1.8288,0.7977,0.0693,15.5427,0.756,8.493,23.9195,0.0953,0.0031,0.895,0.0276,16.3459,2.6601,2.6389,0.0628,0.3451,0.1562,2.0188,0.1841,14.0559,0.6535,98.6647,20.6616,0.1071,0.0047,18.0437,2.4966,2.508,0.0587,0.1818,0.0,0.7769,0.0719,15.4733,0.7846,10.11,24.5582,0.0944,0.0034,0.832,0.0704,16.3,2.6519,2.6248,0.0678,0.3224,0.1266,1.7,0.8233,0.7711,0.0485,15.397,0.7236,12.4569,23.4327,0.0928,0.0029,0.472,0.1384,16.2853,2.6146,2.5914,0.0602,0.258,0.0539,1.7,0.9487,1.9,0.3162,0.8376,0.0783,15.4555,0.7008,12.7227,22.6865,0.0931,0.0025,0.847,0.0717,16.3435,2.5686,2.5822,0.0579,0.4327,0.1062,0.7903,0.0638,15.3967,0.7645,13.1078,24.5822,0.0935,0.003,0.595,0.2802,16.3165,2.4773,2.6064,0.0552,0.3418,0.1758,0.9242,0.0933,15.5587,0.7594,12.17,26.9178,0.0947,0.0026,0.902,0.0079,16.4333,2.6149,2.5966,0.0601,0.1548,0.0552,0.7916,0.0818,15.1542,0.7078,21.227,22.7775,0.0915,0.0026,0.314,0.1086,16.3436,2.5081,1.2472,0.1485,15.0014,0.7103,41.4844,24.1744,0.0933,0.0031,0.8827,0.0089,17.0272,2.5844
4.830458915396479,28.8,35.3233,4.1,4.0125,1.5,0.527,3.1,1.792,0.843,0.0715,23.8833,1.1075,6.2739,23.0697,0.0969,0.0031,0.893,0.0275,24.9809,3.9802,2.0715,0.041,0.2296,0.1942,2.8326,0.2863,21.5791,1.0017,98.1916,20.492,0.1209,0.0068,27.6626,3.8622,2.0057,0.049,0.1818,0.0,0.8189,0.0653,23.7903,1.1689,7.7468,24.1239,0.0959,0.0029,0.836,0.0849,24.9404,3.9372,2.0617,0.0387,0.2756,0.1631,1.5,0.7071,0.8194,0.0715,23.6306,1.0948,11.1781,23.1045,0.0943,0.0025,0.466,0.1196,24.9326,3.935,2.0401,0.0323,0.2469,0.0496,1.8,1.2293,1.7,0.6325,0.9548,0.1688,23.6823,1.0703,12.9693,23.0012,0.0947,0.003,0.856,0.053,25.0628,3.7385,2.0245,0.0433,0.3422,0.1268,0.8884,0.0892,23.636,1.2227,12.5373,25.7118,0.0952,0.0033,0.625,0.2741,24.9532,3.7777,2.044,0.0497,0.3084,0.1468,1.0102,0.1518,23.8348,1.1362,10.8908,24.8695,0.0955,0.0042,0.901,0.0099,24.9229,4.0581,2.0307,0.056,0.1394,0.0738,0.8385,0.0719,23.3017,1.0827,18.627,23.1869,0.0931,0.0023,0.27,0.1052,25.0483,3.8992,1.5614,0.2018,23.0187,1.094,40.1606,23.8234,0.0962,0.0038,0.876,0.0079,26.1995,4.0185
6.324555320336759,19.4,22.1118,3.0,2.7487,1.3,0.483,2.4,0.9661,0.8905,0.0905,40.5487,1.843,4.2676,22.6132,0.0981,0.0027,0.886,0.0288,42.1516,6.6011,1.6336,0.0213,0.1177,0.1205,4.4603,0.4906,36.6333,1.6977,97.7396,20.3799,0.1483,0.0108,46.8986,6.6164,1.6285,0.0397,0.1818,0.0,0.8717,0.0734,40.4068,1.9014,5.8047,23.2392,0.0972,0.0028,0.847,0.0876,42.1303,6.5664,1.6273,0.0225,0.1756,0.1449,1.2,0.6325,0.887,0.1239,40.1688,1.7861,8.9684,22.0718,0.0963,0.003,0.466,0.0994,42.1228,6.5473,1.6198,0.0213,0.2251,0.0415,1.5,1.2693,1.6,0.6583,1.1601,0.362,40.2669,1.786,11.1531,23.6142,0.0984,0.0062,0.868,0.0444,42.4575,6.6242,1.6193,0.0379,0.1911,0.1129,0.9252,0.1522,40.1939,1.9036,9.1319,23.4046,0.0963,0.0027,0.631,0.2658,42.2756,6.4305,1.6182,0.0211,0.3195,0.1432,1.1723,0.2934,40.4362,1.9451,9.1917,25.6104,0.0979,0.0071,0.899,0.0129,42.0626,6.9877,1.6145,0.0446,0.1076,0.0927,0.9303,0.0879,39.6227,1.9059,16.3282,23.5354,0.0943,0.0042,0.222,0.0827,42.3461,6.7099,2.2639,0.3103,39.0591,1.8525,40.0198,23.357,0.1009,0.0047,0.8718,0.0075,44.2896,6.5292
9.486832980505138,16.9,21.2731,2.9,2.8848,1.1,0.3162,4.9,8.4781,0.9757,0.1627,90.5505,4.09,2.3595,22.3719,0.0995,0.0028,0.887,0.0236,93.4352,14.4746,1.2855,0.009,0.0832,0.1229,9.3433,1.1037,81.8203,3.7852,97.2524,20.3147,0.23,0.0225,104.6005,14.9479,1.3347,0.0297,0.1818,0.0,0.9641,0.1221,90.2881,4.1378,3.7516,22.6785,0.0989,0.0024,0.829,0.1159,93.5402,14.4329,1.2832,0.0091,0.1149,0.1229,1.2,0.6325,1.0783,0.2875,89.5511,4.0163,8.4756,22.078,0.0986,0.0043,0.439,0.0844,93.683,14.4267,1.2803,0.0119,0.2151,0.0443,1.5,1.2693,1.25,0.677,1.7373,0.9749,89.8068,4.0225,10.7145,23.3617,0.1057,0.0123,0.868,0.0305,94.4108,14.3791,1.2876,0.023,0.0976,0.1037,1.1631,0.4205,89.7154,4.1574,8.0348,22.9935,0.0998,0.0047,0.575,0.2457,94.0208,14.1088,1.2832,0.0122,0.208,0.091,1.6274,0.4656,90.241,4.2265,7.6942,24.0956,0.1035,0.0095,0.895,0.0108,93.6097,15.4063,1.283,0.0263,0.0545,0.0878,1.4149,0.804,88.2486,3.9869,17.573,21.7936,0.0978,0.0091,0.268,0.1736,94.2238,13.7077,4.3417,0.6869,87.2142,4.1244,39.5578,22.811,0.1149,0.0088,0.8685,0.0088,98.8577,14.7124
