,best_m,best_m,best_k,best_k,best_k_original_gs,best_k_original_gs,insample_lasso,insample_lasso,mse_lasso,mse_lasso,df_lasso,df_lasso,coef_recovery_lasso,coef_recovery_lasso,support_recovery_lasso,support_recovery_lasso,outsample_mse_lasso,outsample_mse_lasso,rte_lasso,rte_lasso,f_score_lasso,f_score_lasso,insample_ridge,insample_ridge,mse_ridge,mse_ridge,df_ridge,df_ridge,coef_recovery_ridge,coef_recovery_ridge,outsample_mse_ridge,outsample_mse_ridge,rte_ridge,rte_ridge,f_score_ridge,f_score_ridge,insample_elastic,insample_elastic,mse_elastic,mse_elastic,df_elastic,df_elastic,coef_recovery_elastic,coef_recovery_elastic,support_recovery_elastic,support_recovery_elastic,outsample_mse_elastic,outsample_mse_elastic,rte_elastic,rte_elastic,f_score_elastic,f_score_elastic,best_k_bagged_gs,best_k_bagged_gs,insample_bagged_gs,insample_bagged_gs,mse_bagged_gs,mse_bagged_gs,df_bagged_gs,df_bagged_gs,coef_recovery_bagged_gs,coef_recovery_bagged_gs,support_recovery_bagged_gs,support_recovery_bagged_gs,outsample_mse_bagged_gs,outsample_mse_bagged_gs,rte_bagged_gs,rte_bagged_gs,f_score_bagged_gs,f_score_bagged_gs,best_k_smeared_gs,best_k_smeared_gs,best_noise_scale,best_noise_scale,insample_smeared_gs,insample_smeared_gs,mse_smeared_gs,mse_smeared_gs,df_smeared_gs,df_smeared_gs,coef_recovery_smeared_gs,coef_recovery_smeared_gs,support_recovery_smeared_gs,support_recovery_smeared_gs,outsample_mse_smeared_gs,outsample_mse_smeared_gs,rte_smeared_gs,rte_smeared_gs,f_score_smeared_gs,f_score_smeared_gs,insample_rgs,insample_rgs,mse_rgs,mse_rgs,df_rgs,df_rgs,coef_recovery_rgs,coef_recovery_rgs,support_recovery_rgs,support_recovery_rgs,outsample_mse_rgs,outsample_mse_rgs,rte_rgs,rte_rgs,f_score_rgs,f_score_rgs,insample_original_gs,insample_original_gs,mse_original_gs,mse_original_gs,df_original_gs,df_original_gs,coef_recovery_original_gs,coef_recovery_original_gs,support_recovery_original_gs,support_recovery_original_gs,outsample_mse_original_gs,outsample_mse_original_gs,rte_original_gs,rte_original_gs,f_score_original_gs,f_score_original_gs
,mean,std,mean,std,mean,std,mean,std,mean,std,mean,std,mean,std,mean,std,mean,std,mean,std,mean,std,mean,std,mean,std,mean,std,mean,std,mean,std,mean,std,mean,std,mean,std,mean,std,mean,std,mean,std,mean,std,mean,std,mean,std,mean,std,mean,std,mean,std,mean,std,mean,std,mean,std,mean,std,mean,std,mean,std,mean,std,mean,std,mean,std,mean,std,mean,std,mean,std,mean,std,mean,std,mean,std,mean,std,mean,std,mean,std,mean,std,mean,std,mean,std,mean,std,mean,std,mean,std,mean,std,mean,std,mean,std,mean,std,mean,std,mean,std,mean,std,mean,std,mean,std
sigma,,,,,,,,,,,,,,,,,,,,,,,,,,,,,,,,,,,,,,,,,,,,,,,,,,,,,,,,,,,,,,,,,,,,,,,,,,,,,,,,,,,,,,,,,,,,,,,,,,,,,,,,,,,,,,,,,,,,,,,,,,
3.1622776601683795,200.0,0.0,10.4,0.5477,10.4,0.5477,0.3129,0.0584,9.6226,0.1805,34.516,9.464,0.0014,0.0003,0.909,0.0541,9.5293,1.4555,1.0309,0.0056,0.5617,0.1694,1.9829,0.1357,7.9207,0.2408,203.1067,14.743,0.0162,0.0011,10.8942,1.3821,1.1981,0.0134,0.0952,0.0,0.3129,0.0584,9.6226,0.1805,34.516,9.464,0.0014,0.0003,0.909,0.0541,9.5293,1.4555,1.0309,0.0056,0.5617,0.1694,11.2,1.3038,0.1235,0.0426,9.6865,0.1109,21.8484,5.7973,0.0007,0.0003,0.675,0.2717,9.3081,1.2514,1.0119,0.0043,0.4065,0.3381,11.0,0.7071,1.1,0.8216,0.1514,0.0432,9.7426,0.1719,20.44,7.9078,0.0009,0.0003,0.916,0.1105,9.3251,1.2468,1.0147,0.0047,0.7121,0.3513,0.1289,0.0607,9.8361,0.2775,14.6381,15.4942,0.0008,0.0004,0.998,0.0027,9.308,1.2322,1.0124,0.0063,0.981,0.0261,0.1289,0.0607,9.8361,0.2775,14.6381,15.4942,0.0008,0.0004,0.998,0.0027,9.308,1.2322,1.0124,0.0063,0.981,0.0261
3.872983346207417,200.0,0.0,10.4,0.5477,10.4,0.5477,0.4689,0.086,14.4535,0.2665,33.8466,9.2772,0.002,0.0005,0.913,0.0494,14.2953,2.1864,1.0308,0.0055,0.5688,0.1617,2.9734,0.2035,11.8809,0.3613,203.083,14.7466,0.0243,0.0017,16.3405,2.0721,1.198,0.0134,0.0952,0.0,0.4689,0.086,14.4535,0.2665,33.8466,9.2772,0.002,0.0005,0.913,0.0494,14.2953,2.1864,1.0308,0.0055,0.5688,0.1617,12.2,0.8367,0.2315,0.0752,14.3201,0.2602,30.3803,9.0999,0.0014,0.0005,0.414,0.0821,13.9704,1.9074,1.015,0.005,0.1476,0.0189,11.0,0.7071,1.1,0.8216,0.2342,0.0636,14.6198,0.2646,20.4823,7.9146,0.0014,0.0005,0.935,0.0846,13.9989,1.8729,1.0152,0.0046,0.7364,0.3181,0.1933,0.0911,14.7542,0.4162,14.6381,15.4942,0.0012,0.0006,0.998,0.0027,13.962,1.8484,1.0124,0.0063,0.981,0.0261,0.1933,0.0911,14.7542,0.4162,14.6381,15.4942,0.0012,0.0006,0.998,0.0027,13.962,1.8484,1.0124,0.0063,0.981,0.0261
4.830458915396479,157.6,63.975,11.6,0.8944,11.0,0.7071,0.7293,0.1327,22.4794,0.406,33.9263,9.1501,0.0031,0.0008,0.911,0.0494,22.2362,3.4033,1.0308,0.0055,0.562,0.1584,4.624,0.3166,18.4811,0.562,203.062,14.7498,0.0378,0.0027,25.4175,3.2217,1.198,0.0134,0.0952,0.0,0.7293,0.1327,22.4794,0.406,33.9263,9.1501,0.0031,0.0008,0.911,0.0494,22.2362,3.4033,1.0308,0.0055,0.562,0.1584,12.6,0.8944,0.53,0.1675,22.0618,0.4201,38.6046,10.1198,0.0035,0.0013,0.265,0.0743,21.8573,3.0713,1.0222,0.0071,0.1205,0.0101,11.6,0.5477,0.9,0.6519,0.4864,0.0981,22.6429,0.5718,25.2183,11.9296,0.0028,0.0007,0.956,0.0637,21.9124,3.115,1.0204,0.004,0.7762,0.2356,0.5504,0.1418,22.6316,0.4881,26.8301,9.4526,0.0033,0.0008,0.971,0.0331,22.0508,3.2781,1.0232,0.0059,0.8118,0.18,0.4267,0.1342,22.825,0.5999,20.0373,13.5553,0.0025,0.0009,0.995,0.0035,21.8289,2.9245,1.0178,0.0057,0.9532,0.0322
6.324555320336759,49.4,14.758,11.0,1.0,11.4,2.3022,1.2538,0.2421,38.4806,0.7783,34.6646,10.1886,0.0054,0.0014,0.91,0.0534,38.1308,5.8066,1.0309,0.0059,0.5637,0.1676,7.925,0.5429,31.6817,0.9634,203.042,14.753,0.0648,0.0045,43.5712,5.5205,1.1979,0.0134,0.0952,0.0,1.3132,0.306,38.3707,0.6233,36.7807,8.4974,0.0055,0.0014,0.899,0.0675,38.1312,5.8344,1.0324,0.0076,0.5469,0.1869,10.2,1.6432,1.2138,0.3425,38.0883,0.8282,39.069,11.6104,0.0092,0.0037,0.305,0.0939,37.7795,5.4695,1.0299,0.0083,0.1273,0.0156,11.8,1.3038,1.4,0.8216,1.3311,0.4815,38.5113,0.7782,35.2469,10.6774,0.0092,0.0047,0.919,0.0665,37.7522,5.656,1.0328,0.0119,0.626,0.2581,1.0843,0.4027,38.5822,1.0855,31.277,12.7068,0.0072,0.0028,0.905,0.0449,37.7434,5.8259,1.0267,0.01,0.5301,0.0937,1.5226,0.645,38.937,0.7124,32.3194,7.2808,0.0109,0.0066,0.985,0.0079,38.1716,5.7085,1.0376,0.016,0.8607,0.0679
9.486832980505138,29.0,10.0995,9.2,2.5884,6.4,1.8166,2.8432,0.5772,86.5,1.636,35.2401,9.5288,0.0123,0.0032,0.908,0.0577,85.8129,13.052,1.0312,0.0062,0.5636,0.1793,17.8269,1.2216,71.2832,2.1675,203.0204,14.7564,0.1459,0.0102,98.0315,12.4151,1.1979,0.0134,0.0952,0.0,3.108,0.6541,85.8183,2.7027,40.4983,15.9271,0.0121,0.0032,0.849,0.1213,85.5661,12.6988,1.0341,0.007,0.4911,0.2473,7.2,1.3038,2.5663,0.5752,86.4087,2.0915,34.2091,11.7279,0.0174,0.005,0.392,0.107,85.3295,12.7592,1.028,0.0063,0.1437,0.0204,6.6,1.8166,1.4,0.5477,4.3929,0.9462,89.2861,3.8009,28.3707,19.6703,0.0366,0.0103,0.976,0.0082,87.5113,13.7026,1.0484,0.0103,0.7528,0.1017,2.5448,0.6596,87.1373,2.3105,30.0414,10.4257,0.0122,0.0038,0.855,0.0736,85.9961,13.5776,1.0278,0.0073,0.4343,0.1114,4.8939,0.919,89.849,3.7268,28.027,18.988,0.0418,0.0071,0.97,0.0035,88.5163,13.985,1.054,0.0101,0.6318,0.048
