,best_m,best_m,best_k,best_k,best_k_original_gs,best_k_original_gs,best_m_base,best_m_base,insample_lasso,insample_lasso,mse_lasso,mse_lasso,df_lasso,df_lasso,coef_recovery_lasso,coef_recovery_lasso,support_recovery_lasso,support_recovery_lasso,outsample_mse_lasso,outsample_mse_lasso,rte_lasso,rte_lasso,f_score_lasso,f_score_lasso,insample_ridge,insample_ridge,mse_ridge,mse_ridge,df_ridge,df_ridge,coef_recovery_ridge,coef_recovery_ridge,outsample_mse_ridge,outsample_mse_ridge,rte_ridge,rte_ridge,f_score_ridge,f_score_ridge,insample_elastic,insample_elastic,mse_elastic,mse_elastic,df_elastic,df_elastic,coef_recovery_elastic,coef_recovery_elastic,support_recovery_elastic,support_recovery_elastic,outsample_mse_elastic,outsample_mse_elastic,rte_elastic,rte_elastic,f_score_elastic,f_score_elastic,best_k_bagged_gs,best_k_bagged_gs,insample_bagged_gs,insample_bagged_gs,mse_bagged_gs,mse_bagged_gs,df_bagged_gs,df_bagged_gs,coef_recovery_bagged_gs,coef_recovery_bagged_gs,support_recovery_bagged_gs,support_recovery_bagged_gs,outsample_mse_bagged_gs,outsample_mse_bagged_gs,rte_bagged_gs,rte_bagged_gs,f_score_bagged_gs,f_score_bagged_gs,best_k_smeared_gs,best_k_smeared_gs,best_noise_scale,best_noise_scale,insample_smeared_gs,insample_smeared_gs,mse_smeared_gs,mse_smeared_gs,df_smeared_gs,df_smeared_gs,coef_recovery_smeared_gs,coef_recovery_smeared_gs,support_recovery_smeared_gs,support_recovery_smeared_gs,outsample_mse_smeared_gs,outsample_mse_smeared_gs,rte_smeared_gs,rte_smeared_gs,f_score_smeared_gs,f_score_smeared_gs,insample_rgs,insample_rgs,mse_rgs,mse_rgs,df_rgs,df_rgs,coef_recovery_rgs,coef_recovery_rgs,support_recovery_rgs,support_recovery_rgs,outsample_mse_rgs,outsample_mse_rgs,rte_rgs,rte_rgs,f_score_rgs,f_score_rgs,insample_original_gs,insample_original_gs,mse_original_gs,mse_original_gs,df_original_gs,df_original_gs,coef_recovery_original_gs,coef_recovery_original_gs,support_recovery_original_gs,support_recovery_original_gs,outsample_mse_original_gs,outsample_mse_original_gs,rte_original_gs,rte_original_gs,f_score_original_gs,f_score_original_gs,insample_base_rgs,insample_base_rgs,mse_base_rgs,mse_base_rgs,df_base_rgs,df_base_rgs,coef_recovery_base_rgs,coef_recovery_base_rgs,support_recovery_base_rgs,support_recovery_base_rgs,outsample_mse_base_rgs,outsample_mse_base_rgs,insample_base_gs,insample_base_gs,mse_base_gs,mse_base_gs,df_base_gs,df_base_gs,coef_recovery_base_gs,coef_recovery_base_gs,support_recovery_base_gs,support_recovery_base_gs,outsample_mse_base_gs,outsample_mse_base_gs
,mean,std,mean,std,mean,std,mean,std,mean,std,mean,std,mean,std,mean,std,mean,std,mean,std,mean,std,mean,std,mean,std,mean,std,mean,std,mean,std,mean,std,mean,std,mean,std,mean,std,mean,std,mean,std,mean,std,mean,std,mean,std,mean,std,mean,std,mean,std,mean,std,mean,std,mean,std,mean,std,mean,std,mean,std,mean,std,mean,std,mean,std,mean,std,mean,std,mean,std,mean,std,mean,std,mean,std,mean,std,mean,std,mean,std,mean,std,mean,std,mean,std,mean,std,mean,std,mean,std,mean,std,mean,std,mean,std,mean,std,mean,std,mean,std,mean,std,mean,std,mean,std,mean,std,mean,std,mean,std,mean,std,mean,std,mean,std,mean,std,mean,std,mean,std,mean,std,mean,std,mean,std,mean,std
sigma,,,,,,,,,,,,,,,,,,,,,,,,,,,,,,,,,,,,,,,,,,,,,,,,,,,,,,,,,,,,,,,,,,,,,,,,,,,,,,,,,,,,,,,,,,,,,,,,,,,,,,,,,,,,,,,,,,,,,,,,,,,,,,,,,,,,,,,,,,,,,,,,,,,,
3.1622776601683795,100.0,0.0,10.0,0.0,10.0,0.0,100.0,0.0,0.348,0.0925,9.7987,0.4278,27.4406,19.9843,0.0032,0.0008,0.824,0.0622,10.7784,1.6286,1.0341,0.0091,0.5451,0.0904,0.9909,0.1257,9.0496,0.4171,96.9652,20.2722,0.0101,0.0013,11.5533,1.6851,1.0989,0.0129,0.1818,0.0,0.348,0.0925,9.7987,0.4278,27.4406,19.9843,0.0032,0.0008,0.824,0.0622,10.7784,1.6286,1.0341,0.0091,0.5451,0.0904,10.3,0.483,0.1206,0.0379,9.8981,0.4616,11.1163,22.6367,0.0012,0.0004,0.842,0.2435,10.45,1.6956,1.0115,0.0041,0.7632,0.336,10.1,0.3162,1.4,0.7746,0.1181,0.0377,9.9315,0.4571,9.3221,22.3217,0.0011,0.0004,0.975,0.0791,10.4526,1.7006,1.0112,0.004,0.9444,0.1757,0.1125,0.0421,9.9453,0.4386,8.3527,20.8596,0.0011,0.0004,1.0,0.0,10.432,1.6808,1.0107,0.0039,1.0,0.0,0.1125,0.0421,9.9453,0.4386,8.3527,20.8596,0.0011,0.0004,1.0,0.0,10.432,1.6808,1.0107,0.0039,1.0,0.0,0.1125,0.0421,9.9453,0.4386,8.3527,20.8596,0.0011,0.0004,1.0,0.0,10.432,1.6808,0.1125,0.0421,9.9453,0.4386,8.3527,20.8596,0.0515,0.0005,0.95,0.0,10.432,1.6808
3.872983346207417,100.0,0.0,10.0,0.0,10.0,0.0,100.0,0.0,0.5247,0.1378,14.6972,0.6486,27.557,20.2974,0.0048,0.0012,0.821,0.0703,16.181,2.4376,1.0343,0.009,0.5447,0.1041,1.4856,0.1879,13.574,0.6256,96.9541,20.2811,0.0151,0.0019,17.3295,2.5311,1.0989,0.0129,0.1818,0.0,0.5247,0.1378,14.6972,0.6486,27.557,20.2974,0.0048,0.0012,0.821,0.0703,16.181,2.4376,1.0343,0.009,0.5447,0.1041,10.6,0.6992,0.199,0.062,14.778,0.6874,14.0193,22.1613,0.0019,0.0006,0.662,0.2555,15.7039,2.5594,1.0127,0.0042,0.4761,0.2497,10.1,0.3162,1.3,0.7528,0.1781,0.0598,14.8975,0.6841,9.3442,22.3067,0.0017,0.0006,0.984,0.0506,15.6866,2.5607,1.0113,0.0041,0.9556,0.1405,0.1688,0.0631,14.918,0.6579,8.3527,20.8596,0.0016,0.0005,1.0,0.0,15.6481,2.5211,1.0107,0.0039,1.0,0.0,0.1688,0.0631,14.918,0.6579,8.3527,20.8596,0.0016,0.0005,1.0,0.0,15.6481,2.5211,1.0107,0.0039,1.0,0.0,0.1688,0.0631,14.918,0.6579,8.3527,20.8596,0.0016,0.0005,1.0,0.0,15.6481,2.5211,0.1688,0.0631,14.918,0.6579,8.3527,20.8596,0.0518,0.0006,0.95,0.0,15.6481,2.5211
4.830458915396479,100.0,0.0,10.1,0.3162,10.1,0.3162,100.0,0.0,0.811,0.2139,22.8649,1.0327,27.3904,20.6422,0.0074,0.0018,0.822,0.0625,25.1535,3.806,1.0341,0.009,0.5423,0.0906,2.31,0.2914,21.1147,0.9732,96.9442,20.289,0.0235,0.0029,26.9567,3.9422,1.0989,0.0128,0.1818,0.0,0.811,0.2139,22.8649,1.0327,27.3904,20.6422,0.0074,0.0018,0.822,0.0625,25.1535,3.806,1.0341,0.009,0.5423,0.0906,11.3,1.2517,0.4094,0.16,22.7809,1.0877,20.5911,22.0562,0.004,0.0015,0.383,0.176,24.6213,4.0564,1.017,0.0068,0.2584,0.0713,10.3,0.6749,1.0,0.5774,0.3231,0.1626,23.1329,1.0631,11.2064,23.1789,0.0031,0.0016,0.99,0.017,24.4895,4.0664,1.0133,0.007,0.9576,0.0714,0.2807,0.1287,23.1875,1.0185,9.1317,20.7883,0.0027,0.0012,0.999,0.0032,24.3867,3.9369,1.0115,0.0053,0.9952,0.0151,0.2807,0.1287,23.1875,1.0185,9.1317,20.7883,0.0027,0.0012,0.999,0.0032,24.3867,3.9369,1.0115,0.0053,0.9952,0.0151,0.2625,0.0981,23.2057,1.0234,8.3527,20.8596,0.0025,0.0008,1.0,0.0,24.3414,3.9218,0.2625,0.0981,23.2057,1.0234,8.3527,20.8596,0.0523,0.0008,0.95,0.0,24.3414,3.9218
6.324555320336759,90.8,29.093,11.0,3.0185,10.7,2.1628,100.0,0.0,1.3888,0.3617,39.2014,1.7358,27.3152,20.3494,0.0126,0.0031,0.821,0.0623,43.1071,6.506,1.0341,0.0089,0.5404,0.0877,3.9586,0.4981,36.196,1.6683,96.9348,20.2966,0.0404,0.005,46.211,6.7661,1.0988,0.0128,0.1818,0.0,1.392,0.3673,39.2078,1.7391,27.2752,20.3558,0.0127,0.0031,0.821,0.0623,43.105,6.5096,1.0341,0.009,0.5404,0.0877,11.2,1.2293,1.0639,0.3932,38.8354,1.8926,27.8277,22.1042,0.0105,0.0037,0.228,0.071,42.7442,6.9874,1.026,0.0097,0.2067,0.0148,10.8,2.3476,1.1,0.6583,0.9646,0.6539,39.4687,1.8435,18.6807,24.2646,0.0096,0.0066,0.971,0.0335,42.7004,6.9949,1.0236,0.0163,0.8871,0.1092,0.9808,0.8567,39.5231,1.8412,18.2035,26.0407,0.0097,0.0086,0.952,0.1278,42.6669,7.2896,1.024,0.0213,0.8987,0.2092,0.9659,0.8316,39.5673,1.8316,17.4657,25.3881,0.0096,0.0085,0.987,0.0206,42.7934,7.1304,1.0236,0.0206,0.9428,0.0852,0.7667,0.6209,39.7509,1.7325,12.6849,19.5603,0.0076,0.0062,0.994,0.0097,42.2876,7.3718,0.7667,0.6209,39.7509,1.7325,12.6849,19.5603,0.0536,0.0012,0.9493,0.0013,42.2876,7.3718
9.486832980505138,52.9,49.6688,12.5,4.1433,10.6,2.8363,36.8,43.6471,3.138,0.7962,88.5796,4.3187,25.2993,22.3967,0.0284,0.0065,0.831,0.0659,96.9299,14.593,1.0342,0.0087,0.5492,0.0965,8.9039,1.1172,81.44,3.7537,96.9247,20.3048,0.0908,0.0113,103.9743,15.2432,1.0988,0.0128,0.1818,0.0,3.3166,0.9861,88.5138,4.1901,26.6554,20.6104,0.0298,0.0079,0.788,0.104,96.8509,14.5159,1.0362,0.0107,0.5048,0.1287,8.8,1.8135,3.201,0.6638,87.5532,4.4193,31.3453,23.5277,0.0308,0.0053,0.185,0.058,96.781,14.9207,1.0349,0.0072,0.1976,0.0114,10.0,2.9439,1.0,0.5774,3.3557,1.4555,88.7165,4.321,25.7471,26.0606,0.0334,0.014,0.95,0.0258,97.6635,14.5509,1.0367,0.0166,0.7829,0.083,3.7529,1.2645,88.4617,4.3057,29.3662,21.4365,0.0351,0.0102,0.74,0.2549,97.873,14.8728,1.041,0.0138,0.5638,0.2865,3.4236,1.5292,88.6115,4.045,26.7075,23.5541,0.034,0.0147,0.962,0.022,97.4931,14.6487,1.0376,0.0173,0.8183,0.0904,3.6772,0.9448,89.1298,3.9686,25.2385,20.3392,0.0337,0.0073,0.767,0.1477,96.4922,14.7319,3.3269,1.1559,88.8521,3.9316,24.8355,22.5381,0.0619,0.0038,0.9424,0.0048,97.0762,16.0339
