{
    "simulation": {
        "n_sim": 10,
        "base_seed": 42,
        "use_validation_set": false,
        "sigma": {
            "type": "pve",
            "params": {
                "num_points": 5,
                "min_pve": 0.01,
                "max_pve": 0.05
            },
            "computed_values": [
                13.784048752090222,
                15.491933384829668,
                17.98147194568157,
                22.135943621178654,
                31.464265445104548
            ]
        }
    },
    "data": {
        "n_predictors": 100,
        "n_train": 1000,
        "n_val": 100,
        "n_test": 100,
        "signal_proportion": 0.1,
        "covariance_type": "banded",
        "generator_type": "exact",
        "generator_params": {
            "eta": 0.5
        },
        "block_params": {
            "block_size": 20,
            "within_correlation": 0.25
        },
        "banded_params": {
            "gamma": 0.5
        }
    },
    "model": {
        "method": "fs",
        "k_max": 20,
        "m_grid": {
            "type": "geometric",
            "params": {
                "base": 1.5,
                "num_points": 10
            }
        },
        "rgscv": {
            "n_estimators": 500,
            "n_resample_iter": 7
        },
        "bagged_gs": {
            "n_estimators": 500
        },
        "smeared_gs": {
            "n_estimators": 500,
            "param_grid": {
                "noise_scale": [
                    0.1,
                    1.0,
                    5.0
                ]
            }
        },
        "baseline": {
            "cv": 10
        }
    },
    "output": {
        "save_path": "results/raw/"
    },
    "rank_check": {
        "is_full_rank": true,
        "rank": 100,
        "min_dimension": 100,
        "condition_number": 3.026758333972074,
        "smallest_singular_value": 18.077096628615347,
        "largest_singular_value": 54.71500287467999,
        "XTX_is_positive_definite": true
    }
}