,best_m,best_m,best_k,best_k,best_k_original_gs,best_k_original_gs,best_m_base,best_m_base,insample_lasso,insample_lasso,mse_lasso,mse_lasso,df_lasso,df_lasso,coef_recovery_lasso,coef_recovery_lasso,support_recovery_lasso,support_recovery_lasso,outsample_mse_lasso,outsample_mse_lasso,rte_lasso,rte_lasso,f_score_lasso,f_score_lasso,insample_ridge,insample_ridge,mse_ridge,mse_ridge,df_ridge,df_ridge,coef_recovery_ridge,coef_recovery_ridge,outsample_mse_ridge,outsample_mse_ridge,rte_ridge,rte_ridge,f_score_ridge,f_score_ridge,insample_elastic,insample_elastic,mse_elastic,mse_elastic,df_elastic,df_elastic,coef_recovery_elastic,coef_recovery_elastic,support_recovery_elastic,support_recovery_elastic,outsample_mse_elastic,outsample_mse_elastic,rte_elastic,rte_elastic,f_score_elastic,f_score_elastic,best_k_bagged_gs,best_k_bagged_gs,insample_bagged_gs,insample_bagged_gs,mse_bagged_gs,mse_bagged_gs,df_bagged_gs,df_bagged_gs,coef_recovery_bagged_gs,coef_recovery_bagged_gs,support_recovery_bagged_gs,support_recovery_bagged_gs,outsample_mse_bagged_gs,outsample_mse_bagged_gs,rte_bagged_gs,rte_bagged_gs,f_score_bagged_gs,f_score_bagged_gs,best_k_smeared_gs,best_k_smeared_gs,best_noise_scale,best_noise_scale,insample_smeared_gs,insample_smeared_gs,mse_smeared_gs,mse_smeared_gs,df_smeared_gs,df_smeared_gs,coef_recovery_smeared_gs,coef_recovery_smeared_gs,support_recovery_smeared_gs,support_recovery_smeared_gs,outsample_mse_smeared_gs,outsample_mse_smeared_gs,rte_smeared_gs,rte_smeared_gs,f_score_smeared_gs,f_score_smeared_gs,insample_rgs,insample_rgs,mse_rgs,mse_rgs,df_rgs,df_rgs,coef_recovery_rgs,coef_recovery_rgs,support_recovery_rgs,support_recovery_rgs,outsample_mse_rgs,outsample_mse_rgs,rte_rgs,rte_rgs,f_score_rgs,f_score_rgs,insample_original_gs,insample_original_gs,mse_original_gs,mse_original_gs,df_original_gs,df_original_gs,coef_recovery_original_gs,coef_recovery_original_gs,support_recovery_original_gs,support_recovery_original_gs,outsample_mse_original_gs,outsample_mse_original_gs,rte_original_gs,rte_original_gs,f_score_original_gs,f_score_original_gs,insample_base_rgs,insample_base_rgs,mse_base_rgs,mse_base_rgs,df_base_rgs,df_base_rgs,coef_recovery_base_rgs,coef_recovery_base_rgs,support_recovery_base_rgs,support_recovery_base_rgs,outsample_mse_base_rgs,outsample_mse_base_rgs,insample_base_gs,insample_base_gs,mse_base_gs,mse_base_gs,df_base_gs,df_base_gs,coef_recovery_base_gs,coef_recovery_base_gs,support_recovery_base_gs,support_recovery_base_gs,outsample_mse_base_gs,outsample_mse_base_gs
,mean,std,mean,std,mean,std,mean,std,mean,std,mean,std,mean,std,mean,std,mean,std,mean,std,mean,std,mean,std,mean,std,mean,std,mean,std,mean,std,mean,std,mean,std,mean,std,mean,std,mean,std,mean,std,mean,std,mean,std,mean,std,mean,std,mean,std,mean,std,mean,std,mean,std,mean,std,mean,std,mean,std,mean,std,mean,std,mean,std,mean,std,mean,std,mean,std,mean,std,mean,std,mean,std,mean,std,mean,std,mean,std,mean,std,mean,std,mean,std,mean,std,mean,std,mean,std,mean,std,mean,std,mean,std,mean,std,mean,std,mean,std,mean,std,mean,std,mean,std,mean,std,mean,std,mean,std,mean,std,mean,std,mean,std,mean,std,mean,std,mean,std,mean,std,mean,std,mean,std,mean,std,mean,std
sigma,,,,,,,,,,,,,,,,,,,,,,,,,,,,,,,,,,,,,,,,,,,,,,,,,,,,,,,,,,,,,,,,,,,,,,,,,,,,,,,,,,,,,,,,,,,,,,,,,,,,,,,,,,,,,,,,,,,,,,,,,,,,,,,,,,,,,,,,,,,,,,,,,,,,
3.1622776601683795,100.0,0.0,10.2,0.4216,10.2,0.4216,100.0,0.0,0.3683,0.0992,9.8084,0.4283,27.9691,20.0595,0.0039,0.001,0.822,0.0601,10.7877,1.6319,1.0362,0.0098,0.5422,0.0921,0.988,0.1258,9.05,0.4171,96.8019,20.2711,0.0117,0.0014,11.5491,1.682,1.0986,0.0129,0.1818,0.0,0.3683,0.0992,9.8084,0.4283,27.9691,20.0595,0.0039,0.001,0.822,0.0601,10.7877,1.6319,1.0362,0.0098,0.5422,0.0921,10.2,0.4216,0.1153,0.0409,9.9172,0.4466,9.8961,21.747,0.0011,0.0004,0.894,0.211,10.3936,1.647,1.0109,0.0042,0.8368,0.298,10.2,0.4216,1.15,0.7472,0.1273,0.0414,9.9226,0.4639,10.2267,23.0974,0.0012,0.0004,0.979,0.063,10.389,1.6563,1.0122,0.004,0.9452,0.1572,0.1323,0.0543,9.9255,0.459,10.33,23.0696,0.0013,0.0006,0.998,0.0042,10.4079,1.6724,1.0127,0.0052,0.9905,0.0201,0.1323,0.0543,9.9255,0.459,10.33,23.0696,0.0013,0.0006,0.998,0.0042,10.4079,1.6724,1.0127,0.0052,0.9905,0.0201,0.1101,0.0412,9.9477,0.4385,8.1135,20.8341,0.001,0.0004,1.0,0.0,10.3875,1.6556,0.1101,0.0412,9.9477,0.4385,8.1135,20.8341,0.0504,0.0002,0.95,0.0,10.3875,1.6556
3.872983346207417,100.0,0.0,10.2,0.4216,10.2,0.4216,100.0,0.0,0.5503,0.1477,14.6926,0.6281,28.5604,19.8154,0.0058,0.0016,0.815,0.068,16.183,2.4299,1.0361,0.0097,0.5359,0.1043,1.4811,0.188,13.5744,0.6256,96.7912,20.281,0.0175,0.0021,17.3227,2.527,1.0986,0.0129,0.1818,0.0,0.5503,0.1477,14.6926,0.6281,28.5604,19.8154,0.0058,0.0016,0.815,0.068,16.183,2.4299,1.0361,0.0097,0.5359,0.1043,10.5,0.7071,0.192,0.0702,14.8079,0.6694,12.792,21.5261,0.0019,0.0007,0.71,0.2892,15.6077,2.4828,1.0122,0.0046,0.5594,0.2943,10.2,0.4216,1.0,0.7071,0.1989,0.0788,14.8893,0.6885,10.3083,23.1743,0.002,0.0009,0.998,0.0042,15.6047,2.4991,1.0127,0.0051,0.9905,0.0201,0.1985,0.0815,14.8883,0.6885,10.33,23.0696,0.002,0.0009,0.998,0.0042,15.6118,2.5086,1.0127,0.0052,0.9905,0.0201,0.1985,0.0815,14.8883,0.6885,10.33,23.0696,0.002,0.0009,0.998,0.0042,15.6118,2.5086,1.0127,0.0052,0.9905,0.0201,0.1652,0.0619,14.9215,0.6577,8.1135,20.8341,0.0016,0.0006,1.0,0.0,15.5812,2.4835,0.1652,0.0619,14.9215,0.6577,8.1135,20.8341,0.0507,0.0002,0.95,0.0,15.5812,2.4835
4.830458915396479,100.0,0.0,10.2,0.4216,10.2,0.4216,100.0,0.0,0.86,0.2325,22.8832,0.9954,28.0456,20.0584,0.009,0.0024,0.819,0.0661,25.1804,3.8034,1.0362,0.0098,0.5405,0.1005,2.3028,0.2914,21.1151,0.9732,96.7817,20.2898,0.0272,0.0033,26.9454,3.9365,1.0985,0.0128,0.1818,0.0,0.86,0.2325,22.8832,0.9954,28.0456,20.0584,0.009,0.0024,0.819,0.0661,25.1804,3.8034,1.0362,0.0098,0.5405,0.1005,11.3,0.6749,0.3905,0.1659,22.7824,1.0202,20.1531,20.9569,0.0039,0.0017,0.328,0.0827,24.4798,3.9101,1.0162,0.0071,0.2312,0.0218,10.2,0.4216,0.75,0.4859,0.3089,0.1237,23.1606,1.071,10.3122,23.1541,0.0031,0.0015,0.998,0.0042,24.2747,3.8904,1.0127,0.0052,0.9905,0.0201,0.3087,0.1267,23.1595,1.071,10.33,23.0696,0.0031,0.0015,0.998,0.0042,24.2851,3.9023,1.0127,0.0052,0.9905,0.0201,0.3087,0.1267,23.1595,1.071,10.33,23.0696,0.0031,0.0015,0.998,0.0042,24.2851,3.9023,1.0127,0.0052,0.9905,0.0201,0.257,0.0962,23.2113,1.0231,8.1135,20.8341,0.0024,0.0009,1.0,0.0,24.2374,3.8631,0.257,0.0962,23.2113,1.0231,8.1135,20.8341,0.051,0.0004,0.95,0.0,24.2374,3.8631
6.324555320336759,100.0,0.0,10.4,1.8379,10.4,1.8379,100.0,0.0,1.4748,0.3937,39.2137,1.7075,28.2358,20.1156,0.0155,0.0041,0.816,0.0655,43.1692,6.5136,1.0362,0.0097,0.5357,0.0974,3.9461,0.4979,36.1965,1.6683,96.7727,20.2983,0.0466,0.0056,46.1906,6.7575,1.0985,0.0128,0.1818,0.0,1.4779,0.3976,39.2185,1.7198,28.2145,20.1663,0.0155,0.0042,0.817,0.0652,43.1707,6.5159,1.0363,0.0098,0.5369,0.0968,11.6,1.2649,1.0723,0.4301,38.7425,1.8618,29.093,22.1918,0.0112,0.0045,0.184,0.0599,42.5072,6.8391,1.0262,0.0107,0.1975,0.012,10.0,1.2472,0.85,0.4743,1.0834,0.8304,39.7338,1.7954,16.8534,23.2048,0.011,0.0091,0.988,0.0181,42.5631,6.8576,1.0266,0.0209,0.9455,0.0762,0.9942,0.7649,39.6525,1.8046,16.7542,23.9291,0.0102,0.0086,0.988,0.0169,42.2859,7.0473,1.0243,0.0189,0.9446,0.0731,0.9942,0.7649,39.6525,1.8046,16.7542,23.9291,0.0102,0.0086,0.988,0.0169,42.2859,7.0473,1.0243,0.0189,0.9446,0.0731,0.7134,0.5814,39.7586,1.7628,11.9235,20.7246,0.0075,0.0067,0.994,0.0097,41.8515,6.8735,0.7134,0.5814,39.7586,1.7628,11.9235,20.7246,0.0522,0.0011,0.9493,0.0013,41.8515,6.8735
9.486832980505138,54.4,48.1576,10.8,4.3919,10.3,4.296,38.3,42.6824,3.2605,0.7927,88.6261,4.1451,25.7207,21.9672,0.034,0.008,0.836,0.061,96.9105,14.6704,1.0356,0.0088,0.5506,0.1034,8.8755,1.1162,81.4407,3.7537,96.7629,20.3075,0.1049,0.0127,103.9262,15.2269,1.0985,0.0127,0.1818,0.0,3.4874,0.9998,88.3107,4.1869,28.7304,21.0366,0.0368,0.0107,0.744,0.1767,96.8387,14.4328,1.0381,0.0109,0.4783,0.1589,8.6,2.0111,3.3688,0.676,87.6638,4.3164,31.6626,22.5815,0.0352,0.006,0.158,0.0432,96.5823,14.8629,1.0368,0.0073,0.1922,0.0079,10.4,4.0879,1.55,0.5986,3.7116,0.8873,88.5223,3.8746,28.8001,22.2361,0.039,0.0091,0.905,0.0712,96.9929,14.7582,1.0407,0.0102,0.6815,0.142,4.1432,1.0923,89.2929,3.9912,26.9195,19.8887,0.0435,0.0106,0.735,0.2698,97.1032,14.063,1.0454,0.0119,0.5316,0.258,4.3924,1.0366,89.0208,3.798,29.8124,21.2738,0.0463,0.0104,0.947,0.0195,98.6495,15.2162,1.0483,0.0115,0.7406,0.0681,3.6989,1.0965,89.1394,3.8805,25.3056,18.877,0.0389,0.012,0.769,0.152,97.207,14.2617,3.2165,1.391,88.8952,3.9123,23.9834,23.4359,0.0604,0.0039,0.942,0.0047,96.5069,15.1255
