,best_m,best_m,best_k,best_k,best_k_original_gs,best_k_original_gs,best_m_base,best_m_base,insample_lasso,insample_lasso,mse_lasso,mse_lasso,df_lasso,df_lasso,coef_recovery_lasso,coef_recovery_lasso,support_recovery_lasso,support_recovery_lasso,outsample_mse_lasso,outsample_mse_lasso,rte_lasso,rte_lasso,f_score_lasso,f_score_lasso,insample_ridge,insample_ridge,mse_ridge,mse_ridge,df_ridge,df_ridge,coef_recovery_ridge,coef_recovery_ridge,outsample_mse_ridge,outsample_mse_ridge,rte_ridge,rte_ridge,f_score_ridge,f_score_ridge,insample_elastic,insample_elastic,mse_elastic,mse_elastic,df_elastic,df_elastic,coef_recovery_elastic,coef_recovery_elastic,support_recovery_elastic,support_recovery_elastic,outsample_mse_elastic,outsample_mse_elastic,rte_elastic,rte_elastic,f_score_elastic,f_score_elastic,best_k_bagged_gs,best_k_bagged_gs,insample_bagged_gs,insample_bagged_gs,mse_bagged_gs,mse_bagged_gs,df_bagged_gs,df_bagged_gs,coef_recovery_bagged_gs,coef_recovery_bagged_gs,support_recovery_bagged_gs,support_recovery_bagged_gs,outsample_mse_bagged_gs,outsample_mse_bagged_gs,rte_bagged_gs,rte_bagged_gs,f_score_bagged_gs,f_score_bagged_gs,best_k_smeared_gs,best_k_smeared_gs,best_noise_scale,best_noise_scale,insample_smeared_gs,insample_smeared_gs,mse_smeared_gs,mse_smeared_gs,df_smeared_gs,df_smeared_gs,coef_recovery_smeared_gs,coef_recovery_smeared_gs,support_recovery_smeared_gs,support_recovery_smeared_gs,outsample_mse_smeared_gs,outsample_mse_smeared_gs,rte_smeared_gs,rte_smeared_gs,f_score_smeared_gs,f_score_smeared_gs,insample_rgs,insample_rgs,mse_rgs,mse_rgs,df_rgs,df_rgs,coef_recovery_rgs,coef_recovery_rgs,support_recovery_rgs,support_recovery_rgs,outsample_mse_rgs,outsample_mse_rgs,rte_rgs,rte_rgs,f_score_rgs,f_score_rgs,insample_original_gs,insample_original_gs,mse_original_gs,mse_original_gs,df_original_gs,df_original_gs,coef_recovery_original_gs,coef_recovery_original_gs,support_recovery_original_gs,support_recovery_original_gs,outsample_mse_original_gs,outsample_mse_original_gs,rte_original_gs,rte_original_gs,f_score_original_gs,f_score_original_gs,insample_base_rgs,insample_base_rgs,mse_base_rgs,mse_base_rgs,df_base_rgs,df_base_rgs,coef_recovery_base_rgs,coef_recovery_base_rgs,support_recovery_base_rgs,support_recovery_base_rgs,outsample_mse_base_rgs,outsample_mse_base_rgs,insample_base_gs,insample_base_gs,mse_base_gs,mse_base_gs,df_base_gs,df_base_gs,coef_recovery_base_gs,coef_recovery_base_gs,support_recovery_base_gs,support_recovery_base_gs,outsample_mse_base_gs,outsample_mse_base_gs
,mean,std,mean,std,mean,std,mean,std,mean,std,mean,std,mean,std,mean,std,mean,std,mean,std,mean,std,mean,std,mean,std,mean,std,mean,std,mean,std,mean,std,mean,std,mean,std,mean,std,mean,std,mean,std,mean,std,mean,std,mean,std,mean,std,mean,std,mean,std,mean,std,mean,std,mean,std,mean,std,mean,std,mean,std,mean,std,mean,std,mean,std,mean,std,mean,std,mean,std,mean,std,mean,std,mean,std,mean,std,mean,std,mean,std,mean,std,mean,std,mean,std,mean,std,mean,std,mean,std,mean,std,mean,std,mean,std,mean,std,mean,std,mean,std,mean,std,mean,std,mean,std,mean,std,mean,std,mean,std,mean,std,mean,std,mean,std,mean,std,mean,std,mean,std,mean,std,mean,std,mean,std,mean,std
sigma,,,,,,,,,,,,,,,,,,,,,,,,,,,,,,,,,,,,,,,,,,,,,,,,,,,,,,,,,,,,,,,,,,,,,,,,,,,,,,,,,,,,,,,,,,,,,,,,,,,,,,,,,,,,,,,,,,,,,,,,,,,,,,,,,,,,,,,,,,,,,,,,,,,,
3.1622776601683795,500.0,0.0,10.0,0.0,10.0,0.0,500.0,0.0,0.3457,0.0727,9.6425,0.4239,35.1218,19.7013,0.0005,0.0001,0.9732,0.0203,11.336,0.8109,1.0344,0.0072,0.6475,0.2066,4.8141,0.1568,4.8417,0.279,498.1237,17.7743,0.018,0.0008,21.2364,2.8534,1.5408,0.0194,0.0392,0.0,0.3457,0.0727,9.6425,0.4239,35.1218,19.7013,0.0005,0.0001,0.9732,0.0203,11.336,0.8109,1.0344,0.0072,0.6475,0.2066,11.6,1.3416,0.1354,0.0171,9.4459,0.4315,34.4425,21.6158,0.0004,0.0001,0.732,0.1317,11.0317,0.7283,1.013,0.0024,0.1547,0.0779,10.4,0.8944,0.8,0.6708,0.1079,0.0304,9.6708,0.361,21.8345,18.9724,0.0003,0.0001,0.9796,0.0456,10.9643,0.6884,1.0103,0.0034,0.8563,0.3212,0.0856,0.0191,9.7484,0.275,16.8429,13.475,0.0003,0.0001,1.0,0.0,10.9692,0.6857,1.0081,0.0021,1.0,0.0,0.0856,0.0191,9.7484,0.275,16.8429,13.475,0.0003,0.0001,1.0,0.0,10.9692,0.6857,1.0081,0.0021,1.0,0.0,0.0856,0.0191,9.7484,0.275,16.8429,13.475,0.0003,0.0001,1.0,0.0,10.9692,0.6857,0.0856,0.0191,9.7484,0.275,16.8429,13.475,0.0147,0.0002,0.99,0.0,10.9692,0.6857
3.872983346207417,500.0,0.0,10.2,0.4472,10.2,0.4472,500.0,0.0,0.5247,0.1037,14.381,0.669,38.0831,20.6799,0.0008,0.0002,0.966,0.025,17.0012,1.22,1.0348,0.007,0.5979,0.2225,7.2207,0.2347,7.2623,0.4184,498.1141,17.7538,0.027,0.0012,31.8511,4.2865,1.5407,0.0193,0.0392,0.0,0.5247,0.1037,14.381,0.669,38.0831,20.6799,0.0008,0.0002,0.966,0.025,17.0012,1.22,1.0348,0.007,0.5979,0.2225,13.0,1.5811,0.314,0.0468,13.8428,0.6657,48.9905,21.686,0.0009,0.0004,0.5488,0.0835,16.7579,1.1917,1.0205,0.0037,0.0832,0.0128,11.2,1.3038,1.2,0.7583,0.2425,0.0979,14.332,0.5588,30.3177,21.0688,0.0006,0.0003,0.9656,0.0368,16.4643,1.0419,1.0158,0.0073,0.6597,0.3219,0.1686,0.0937,14.5824,0.3421,19.521,9.0231,0.0005,0.0003,0.9996,0.0009,16.4805,1.0277,1.0109,0.0067,0.9905,0.0213,0.1686,0.0937,14.5824,0.3421,19.521,9.0231,0.0005,0.0003,0.9996,0.0009,16.4805,1.0277,1.0109,0.0067,0.9905,0.0213,0.1284,0.0286,14.6226,0.4125,16.8429,13.475,0.0004,0.0002,1.0,0.0,16.4538,1.0285,0.1284,0.0286,14.6226,0.4125,16.8429,13.475,0.0148,0.0004,0.99,0.0,16.4538,1.0285
4.830458915396479,329.0,234.4419,12.0,3.0,10.4,1.9494,417.8,183.8048,0.8118,0.168,22.4593,0.9467,36.0883,18.3395,0.0013,0.0003,0.9716,0.0215,26.437,1.8913,1.0346,0.0072,0.6377,0.2153,11.2315,0.3643,11.2966,0.6509,498.1056,17.7358,0.042,0.0019,49.5417,6.6767,1.5406,0.0193,0.0392,0.0,0.8118,0.168,22.4593,0.9467,36.0883,18.3395,0.0013,0.0003,0.9716,0.0215,26.437,1.8913,1.0346,0.0072,0.6377,0.2153,10.6,2.0736,0.6681,0.2008,21.9481,0.9004,43.9549,17.0448,0.0024,0.0013,0.6456,0.1153,26.4509,1.8224,1.0284,0.0094,0.111,0.0418,10.4,2.3022,1.2,0.7583,0.7402,0.3629,22.4808,0.8751,34.0952,18.9995,0.0025,0.0018,0.9696,0.0382,26.2035,1.178,1.0317,0.0167,0.6952,0.3034,0.9063,0.3291,22.1818,1.1604,44.0522,26.7268,0.0025,0.0013,0.9672,0.0441,26.843,1.5803,1.0391,0.0151,0.6947,0.3142,0.9059,0.3432,22.6048,0.7527,34.9892,15.4005,0.003,0.0018,0.996,0.002,26.4288,1.4505,1.039,0.0158,0.9031,0.0442,0.8035,0.6864,22.7564,0.5635,29.5514,17.4396,0.0022,0.0017,0.9888,0.0207,26.5439,0.8639,0.4824,0.4171,22.7217,0.5992,23.4198,5.043,0.015,0.0005,0.9899,0.0002,26.1037,1.3629
6.324555320336759,240.2,237.5462,11.6,2.3022,10.2,3.6332,219.2,188.2557,1.3998,0.2936,38.4543,1.7432,36.7825,20.0389,0.0022,0.0004,0.9704,0.0219,45.3389,3.2376,1.0348,0.0074,0.6265,0.2126,19.253,0.6232,19.3653,1.1159,498.0975,17.7185,0.072,0.0032,84.9217,11.4603,1.5406,0.0193,0.0392,0.0,1.3998,0.2936,38.4543,1.7432,36.7825,20.0389,0.0022,0.0004,0.9704,0.0219,45.3389,3.2376,1.0348,0.0074,0.6265,0.2126,8.4,1.5166,1.0867,0.171,37.858,1.5483,40.3186,19.286,0.0039,0.0014,0.6776,0.0939,45.2621,3.4518,1.0271,0.0052,0.1165,0.0298,10.2,2.5884,1.5,0.7071,1.3602,0.4575,38.3279,1.6366,37.8654,20.5005,0.0046,0.0027,0.9732,0.0218,45.4486,3.4823,1.034,0.0123,0.6406,0.1958,1.6977,0.6425,37.7791,2.0131,48.9326,28.6715,0.0043,0.0027,0.9524,0.041,45.7531,3.6376,1.0425,0.0165,0.5601,0.2939,1.8441,0.7778,38.7569,1.604,38.5521,24.1921,0.0063,0.0039,0.9932,0.0039,45.8303,3.6872,1.0461,0.0201,0.8333,0.086,1.7999,0.3603,38.4482,1.208,41.8544,13.7018,0.0041,0.0025,0.9644,0.0243,45.406,3.4537,1.8141,0.6344,38.7265,1.0522,38.5565,15.6928,0.016,0.0013,0.9891,0.0006,46.1163,3.4899
9.486832980505138,89.8,72.7784,9.0,3.8079,6.6,1.1402,61.6,29.433,3.0556,0.5223,86.5463,4.159,36.1264,22.6407,0.0047,0.0009,0.9684,0.0243,101.8512,7.4676,1.0338,0.0058,0.6027,0.1971,43.3172,1.3991,43.5715,2.5108,498.0888,17.7,0.162,0.0072,191.0581,25.8207,1.5405,0.0192,0.0392,0.0,3.0374,0.5399,86.632,4.0061,35.5501,21.664,0.0046,0.0009,0.9684,0.0243,101.824,7.4586,1.0336,0.0061,0.6027,0.1971,6.8,0.8367,2.3122,0.2193,84.8199,2.3202,41.5821,13.1671,0.0063,0.0019,0.6304,0.0467,101.0854,7.973,1.0256,0.0031,0.0987,0.0113,6.2,1.3038,2.0,0.0,3.0811,0.8971,87.8981,2.3626,28.7657,17.3856,0.0109,0.0028,0.988,0.0088,102.8177,7.3875,1.0342,0.0107,0.7621,0.1432,3.3287,1.6127,85.7762,3.4802,41.9164,19.7808,0.006,0.0025,0.9352,0.0439,102.0621,7.7545,1.037,0.0184,0.4568,0.2441,4.1075,1.5165,88.6372,2.5129,30.3599,19.3832,0.016,0.0047,0.99,0.0024,105.0389,8.9385,1.0458,0.0175,0.6977,0.0744,3.3444,2.0434,85.0142,2.3265,46.2326,18.3117,0.0051,0.0015,0.9156,0.0471,101.3645,7.3972,4.885,1.3405,86.061,2.7532,48.973,21.8454,0.0199,0.0028,0.9867,0.0012,104.5594,7.8618
