,best_m,best_m,best_k,best_k,best_k_original_gs,best_k_original_gs,insample_lasso,insample_lasso,mse_lasso,mse_lasso,df_lasso,df_lasso,coef_recovery_lasso,coef_recovery_lasso,support_recovery_lasso,support_recovery_lasso,outsample_mse_lasso,outsample_mse_lasso,rte_lasso,rte_lasso,f_score_lasso,f_score_lasso,insample_ridge,insample_ridge,mse_ridge,mse_ridge,df_ridge,df_ridge,coef_recovery_ridge,coef_recovery_ridge,outsample_mse_ridge,outsample_mse_ridge,rte_ridge,rte_ridge,f_score_ridge,f_score_ridge,insample_elastic,insample_elastic,mse_elastic,mse_elastic,df_elastic,df_elastic,coef_recovery_elastic,coef_recovery_elastic,support_recovery_elastic,support_recovery_elastic,outsample_mse_elastic,outsample_mse_elastic,rte_elastic,rte_elastic,f_score_elastic,f_score_elastic,best_k_bagged_gs,best_k_bagged_gs,insample_bagged_gs,insample_bagged_gs,mse_bagged_gs,mse_bagged_gs,df_bagged_gs,df_bagged_gs,coef_recovery_bagged_gs,coef_recovery_bagged_gs,support_recovery_bagged_gs,support_recovery_bagged_gs,outsample_mse_bagged_gs,outsample_mse_bagged_gs,rte_bagged_gs,rte_bagged_gs,f_score_bagged_gs,f_score_bagged_gs,best_k_smeared_gs,best_k_smeared_gs,best_noise_scale,best_noise_scale,insample_smeared_gs,insample_smeared_gs,mse_smeared_gs,mse_smeared_gs,df_smeared_gs,df_smeared_gs,coef_recovery_smeared_gs,coef_recovery_smeared_gs,support_recovery_smeared_gs,support_recovery_smeared_gs,outsample_mse_smeared_gs,outsample_mse_smeared_gs,rte_smeared_gs,rte_smeared_gs,f_score_smeared_gs,f_score_smeared_gs,insample_rgs,insample_rgs,mse_rgs,mse_rgs,df_rgs,df_rgs,coef_recovery_rgs,coef_recovery_rgs,support_recovery_rgs,support_recovery_rgs,outsample_mse_rgs,outsample_mse_rgs,rte_rgs,rte_rgs,f_score_rgs,f_score_rgs,insample_original_gs,insample_original_gs,mse_original_gs,mse_original_gs,df_original_gs,df_original_gs,coef_recovery_original_gs,coef_recovery_original_gs,support_recovery_original_gs,support_recovery_original_gs,outsample_mse_original_gs,outsample_mse_original_gs,rte_original_gs,rte_original_gs,f_score_original_gs,f_score_original_gs
,mean,std,mean,std,mean,std,mean,std,mean,std,mean,std,mean,std,mean,std,mean,std,mean,std,mean,std,mean,std,mean,std,mean,std,mean,std,mean,std,mean,std,mean,std,mean,std,mean,std,mean,std,mean,std,mean,std,mean,std,mean,std,mean,std,mean,std,mean,std,mean,std,mean,std,mean,std,mean,std,mean,std,mean,std,mean,std,mean,std,mean,std,mean,std,mean,std,mean,std,mean,std,mean,std,mean,std,mean,std,mean,std,mean,std,mean,std,mean,std,mean,std,mean,std,mean,std,mean,std,mean,std,mean,std,mean,std,mean,std,mean,std,mean,std,mean,std,mean,std,mean,std
sigma,,,,,,,,,,,,,,,,,,,,,,,,,,,,,,,,,,,,,,,,,,,,,,,,,,,,,,,,,,,,,,,,,,,,,,,,,,,,,,,,,,,,,,,,,,,,,,,,,,,,,,,,,,,,,,,,,,,,,,,,,,
0.05,5.1,1.912,6.8,1.9889,5.9,1.2867,0.0003,0.0001,0.0022,0.0003,11.1607,7.4019,0.0,0.0,0.7,0.1491,0.0023,0.0008,1.0972,0.0399,0.779,0.0945,0.0003,0.0001,0.0021,0.0003,13.186,6.7528,0.0,0.0,0.0023,0.0008,1.1177,0.0428,0.6667,0.0,0.0003,0.0001,0.0022,0.0003,11.1607,7.4019,0.0,0.0,0.7,0.1491,0.0023,0.0008,1.0972,0.0399,0.779,0.0945,6.2,1.8135,0.0006,0.0001,0.0026,0.0003,9.3865,7.9436,0.0,0.0,0.75,0.2635,0.0025,0.0007,1.0766,0.0459,0.8333,0.1757,6.4,1.9551,0.28,0.3795,0.0003,0.0002,0.0022,0.0003,10.7802,7.0237,0.0,0.0,0.7,0.2582,0.0023,0.0007,1.102,0.0713,0.8,0.1721,0.0003,0.0002,0.0022,0.0003,11.3365,7.9661,0.0,0.0,0.81,0.2132,0.0023,0.0008,1.0962,0.0574,0.8635,0.1443,0.0002,0.0001,0.0022,0.0003,9.7924,7.5857,0.0,0.0,0.91,0.1287,0.0022,0.0007,1.0812,0.0495,0.9275,0.0952
0.09,5.0,1.8856,6.8,1.9889,6.0,1.5635,0.0009,0.0004,0.0071,0.001,11.455,7.5594,0.0001,0.0,0.7,0.1491,0.0075,0.0027,1.1015,0.0434,0.779,0.0945,0.001,0.0004,0.007,0.0009,13.1337,6.7288,0.0001,0.0,0.0075,0.0026,1.1157,0.0436,0.6667,0.0,0.0009,0.0004,0.0071,0.001,11.455,7.5594,0.0001,0.0,0.7,0.1491,0.0075,0.0027,1.1015,0.0434,0.779,0.0945,5.6,1.2649,0.001,0.0004,0.0077,0.001,8.7372,8.0339,0.0001,0.0,0.85,0.2415,0.0073,0.0021,1.07,0.0499,0.9,0.161,5.7,1.567,0.46,0.4648,0.0008,0.0005,0.0073,0.001,9.6866,7.7445,0.0001,0.0001,0.85,0.2415,0.0073,0.0026,1.0863,0.0582,0.9,0.161,0.0008,0.0005,0.0071,0.001,11.3151,7.9607,0.0001,0.0,0.8,0.2108,0.0074,0.0025,1.0957,0.0579,0.8559,0.1436,0.0007,0.0004,0.0072,0.001,9.7859,8.0031,0.0001,0.0,0.9,0.1563,0.007,0.0023,1.0812,0.0445,0.9227,0.1075
0.14,5.3,1.6364,6.6,1.8379,6.3,1.8288,0.0021,0.001,0.0172,0.0024,11.5283,7.6536,0.0002,0.0001,0.7,0.1491,0.0181,0.0066,1.1025,0.045,0.779,0.0945,0.0024,0.0009,0.0169,0.0022,13.1245,6.6981,0.0003,0.0001,0.0182,0.0066,1.1169,0.0434,0.6667,0.0,0.0021,0.001,0.0172,0.0024,11.5283,7.6536,0.0002,0.0001,0.7,0.1491,0.0181,0.0066,1.1025,0.045,0.779,0.0945,5.4,0.6992,0.0018,0.0009,0.0179,0.0023,8.9133,7.464,0.0001,0.0001,0.85,0.2415,0.0175,0.0052,1.0688,0.0461,0.9,0.161,5.3,0.483,0.55,0.4743,0.0016,0.0009,0.0176,0.0023,9.0796,6.7894,0.0002,0.0001,0.85,0.2415,0.0176,0.0063,1.0736,0.042,0.9,0.161,0.002,0.0012,0.0172,0.0023,11.1471,7.7115,0.0002,0.0001,0.82,0.1989,0.0178,0.0061,1.0937,0.0563,0.8683,0.1377,0.0018,0.001,0.0174,0.0025,10.1549,8.5014,0.0002,0.0001,0.87,0.1829,0.0173,0.0056,1.0848,0.0475,0.9032,0.1262
0.25,5.7,2.2136,6.6,1.8379,6.4,1.8974,0.0068,0.0031,0.0549,0.0076,11.564,7.6749,0.0007,0.0003,0.7,0.1491,0.0577,0.0212,1.1026,0.0449,0.779,0.0945,0.0076,0.0029,0.0538,0.0067,13.0299,6.7248,0.0009,0.0002,0.057,0.0196,1.1163,0.0407,0.6667,0.0,0.0068,0.0031,0.0549,0.0076,11.564,7.6749,0.0007,0.0003,0.7,0.1491,0.0577,0.0212,1.1026,0.0449,0.779,0.0945,5.4,0.6992,0.005,0.0029,0.0563,0.0074,8.9672,7.5078,0.0005,0.0002,0.85,0.2415,0.0552,0.017,1.0688,0.0461,0.9,0.161,5.3,0.483,0.55,0.4743,0.0049,0.0029,0.056,0.0072,9.0763,7.0642,0.0005,0.0003,0.88,0.2098,0.0556,0.0191,1.071,0.042,0.9167,0.1416,0.0063,0.0037,0.0548,0.0073,11.1547,7.7211,0.0007,0.0003,0.83,0.1889,0.0567,0.0194,1.0938,0.0563,0.8738,0.1318,0.0059,0.0034,0.0553,0.0081,10.5062,8.5909,0.0006,0.0003,0.86,0.1897,0.0553,0.0179,1.0881,0.0502,0.8968,0.1317
0.42,6.1,2.6013,6.8,1.9889,6.4,1.8974,0.0193,0.0088,0.155,0.0215,11.5303,7.6933,0.0019,0.0007,0.7,0.1491,0.1627,0.0597,1.1029,0.0451,0.779,0.0945,0.0215,0.0083,0.1518,0.0189,13.0847,6.7567,0.0024,0.0007,0.1622,0.0569,1.1161,0.0419,0.6667,0.0,0.0192,0.0088,0.155,0.0215,11.5096,7.6648,0.0019,0.0007,0.7,0.1491,0.1625,0.0596,1.1026,0.0446,0.779,0.0945,5.3,0.483,0.013,0.0075,0.1584,0.0204,8.7744,7.2025,0.0013,0.0007,0.85,0.2415,0.1553,0.0488,1.0658,0.0404,0.9,0.161,5.3,0.483,0.64,0.4648,0.013,0.0078,0.1578,0.0205,8.9744,7.0883,0.0013,0.0007,0.85,0.2415,0.1568,0.0521,1.067,0.0409,0.9,0.161,0.0182,0.0108,0.1545,0.0208,11.3538,7.9912,0.002,0.001,0.82,0.1989,0.1619,0.0548,1.0966,0.0577,0.8683,0.1377,0.0167,0.0097,0.156,0.0227,10.5062,8.5909,0.0018,0.0008,0.86,0.1897,0.1562,0.0504,1.0881,0.0502,0.8968,0.1317
0.71,6.5,2.8771,6.4,1.8974,6.4,1.8974,0.055,0.0251,0.4426,0.0611,11.5546,7.6606,0.0055,0.002,0.7,0.1491,0.4655,0.1711,1.1028,0.0449,0.779,0.0945,0.0691,0.0344,0.4381,0.0566,13.3954,7.4424,0.0074,0.0022,0.4815,0.166,1.1311,0.0626,0.6667,0.0,0.0547,0.0248,0.4428,0.0611,11.5062,7.6316,0.0055,0.002,0.7,0.1491,0.4637,0.1704,1.1021,0.0441,0.779,0.0945,5.3,0.483,0.0366,0.0217,0.452,0.0584,8.791,7.2289,0.0036,0.0019,0.85,0.2415,0.4441,0.1413,1.0658,0.0404,0.9,0.161,5.7,0.9487,0.55,0.4743,0.0423,0.0211,0.4456,0.0584,10.0,7.0908,0.0046,0.0022,0.81,0.2331,0.4456,0.1476,1.0773,0.0383,0.8678,0.1564,0.0476,0.0278,0.4458,0.0649,10.5062,8.5909,0.0052,0.0024,0.86,0.1897,0.4463,0.1441,1.0881,0.0502,0.8968,0.1317,0.0476,0.0278,0.4458,0.0649,10.5062,8.5909,0.0052,0.0024,0.86,0.1897,0.4463,0.1441,1.0881,0.0502,0.8968,0.1317
1.22,6.9,2.9981,6.0,1.2472,6.4,1.8974,0.1621,0.0749,1.3066,0.1795,11.5547,7.6596,0.0162,0.006,0.7,0.1491,1.3732,0.5029,1.1025,0.0453,0.779,0.0945,0.1843,0.072,1.306,0.1601,12.3169,6.9878,0.0187,0.0057,1.3542,0.4825,1.1179,0.0407,0.6667,0.0,0.1602,0.0727,1.308,0.1792,11.4439,7.5578,0.0161,0.006,0.69,0.1595,1.3637,0.5,1.1013,0.0436,0.7742,0.0992,5.4,0.6992,0.1124,0.0683,1.33,0.177,9.0984,7.5926,0.0113,0.0061,0.74,0.1713,1.3235,0.4216,1.0691,0.0421,0.8061,0.1017,5.9,1.4491,0.95,1.4916,0.1403,0.0835,1.3145,0.1763,10.5563,7.6537,0.0152,0.008,0.81,0.2331,1.3236,0.4403,1.0878,0.0541,0.8678,0.1564,0.1313,0.0689,1.3201,0.1868,10.0639,7.9567,0.0143,0.0064,0.86,0.1897,1.2977,0.4191,1.0819,0.0422,0.8968,0.1317,0.1406,0.0821,1.3163,0.1917,10.5062,8.5909,0.0154,0.0071,0.86,0.1897,1.3179,0.4256,1.0881,0.0502,0.8968,0.1317
2.07,6.6,3.5024,6.5,1.5811,6.7,1.8886,0.4671,0.2169,3.762,0.5158,11.5523,7.6575,0.0466,0.0173,0.7,0.1491,3.9537,1.445,1.1026,0.0456,0.779,0.0945,0.4655,0.1861,3.7106,0.4605,12.1331,6.7813,0.0491,0.0145,3.8481,1.3534,1.1026,0.037,0.6667,0.0,0.4653,0.1974,3.7746,0.5109,11.3841,7.4501,0.0458,0.0148,0.67,0.1703,3.8994,1.4212,1.1023,0.0393,0.7639,0.1049,6.1,1.1005,0.4161,0.2068,3.7377,0.5056,11.2403,7.6254,0.0453,0.0177,0.5,0.0,3.902,1.3211,1.0909,0.044,0.6667,0.0,6.5,1.7795,0.68,1.544,0.4429,0.2613,3.7499,0.5162,11.4112,8.1772,0.0489,0.0257,0.79,0.2132,3.8782,1.2519,1.097,0.0573,0.8495,0.1461,0.3936,0.2032,3.7825,0.5378,10.4552,7.9982,0.0438,0.0216,0.82,0.2044,3.7145,1.1878,1.0857,0.0413,0.869,0.1389,0.4234,0.2409,3.7708,0.5515,10.9393,8.6181,0.0465,0.0229,0.83,0.1889,3.8036,1.2132,1.0926,0.0516,0.8738,0.1318
3.52,4.7,4.0565,5.7,2.0575,6.4,2.9136,1.3517,0.6147,10.8915,1.5126,11.5031,7.6654,0.1343,0.0488,0.7,0.1491,11.4343,4.2127,1.1027,0.0446,0.779,0.0945,1.2702,0.524,10.6808,1.331,12.0244,6.6936,0.1365,0.0404,11.0769,3.8854,1.0964,0.037,0.6667,0.0,1.2362,0.592,10.9638,1.3789,10.7454,7.2199,0.1117,0.0366,0.63,0.1567,11.0147,3.8636,1.0934,0.0408,0.7397,0.0952,5.4,2.5906,1.5353,0.7993,10.859,1.4246,12.3751,8.0095,0.1697,0.0629,0.5,0.0,11.9067,3.9645,1.1178,0.0592,0.6667,0.0,6.1,2.5582,1.17,2.038,1.6512,0.8338,10.8693,1.4484,12.8013,7.7868,0.1896,0.0841,0.67,0.1636,11.677,3.8362,1.1272,0.0623,0.7477,0.0953,1.5639,0.7497,11.0228,1.426,11.8294,7.4885,0.1669,0.0838,0.66,0.1897,11.0601,3.3652,1.1201,0.0547,0.7457,0.1113,1.8967,1.3461,10.97,1.3842,13.3857,8.643,0.2174,0.1234,0.7,0.1414,12.0635,3.6053,1.1471,0.1031,0.7246,0.1618
6.0,4.3,4.1379,4.0,2.0,5.3,3.4335,3.7506,1.6073,32.0482,4.6509,10.6977,7.8261,0.3432,0.1151,0.65,0.1179,33.2717,12.4448,1.0977,0.04,0.6934,0.1447,3.5964,1.5236,30.985,3.8662,11.9603,6.6545,0.3896,0.1169,32.1331,11.2755,1.0938,0.0378,0.6667,0.0,3.0097,1.3775,32.4167,4.1265,9.1569,7.0133,0.2411,0.0821,0.57,0.0949,31.5943,11.581,1.077,0.0316,0.6558,0.1234,3.1,2.7264,3.7918,1.6567,32.2766,4.8575,10.4378,8.084,0.3561,0.1376,0.52,0.0632,33.183,12.0234,1.099,0.0429,0.6769,0.0324,3.9,3.2472,1.66,2.3215,4.5606,1.7595,32.379,4.7455,11.3634,8.1054,0.4858,0.183,0.6,0.1155,34.5365,12.4506,1.1201,0.0453,0.5932,0.118,3.4157,1.2703,32.2819,4.3613,9.9081,7.2588,0.3433,0.1615,0.61,0.137,31.9645,10.3415,1.0884,0.0297,0.6583,0.1448,4.6919,1.6067,31.8361,4.4872,12.2997,7.5155,0.5435,0.1195,0.59,0.1101,35.2136,12.6324,1.1241,0.0408,0.5826,0.107
