,best_m,best_m,best_k,best_k,best_k_original_gs,best_k_original_gs,best_m_base,best_m_base,insample_lasso,insample_lasso,mse_lasso,mse_lasso,df_lasso,df_lasso,coef_recovery_lasso,coef_recovery_lasso,support_recovery_lasso,support_recovery_lasso,outsample_mse_lasso,outsample_mse_lasso,rte_lasso,rte_lasso,f_score_lasso,f_score_lasso,insample_ridge,insample_ridge,mse_ridge,mse_ridge,df_ridge,df_ridge,coef_recovery_ridge,coef_recovery_ridge,outsample_mse_ridge,outsample_mse_ridge,rte_ridge,rte_ridge,f_score_ridge,f_score_ridge,insample_elastic,insample_elastic,mse_elastic,mse_elastic,df_elastic,df_elastic,coef_recovery_elastic,coef_recovery_elastic,support_recovery_elastic,support_recovery_elastic,outsample_mse_elastic,outsample_mse_elastic,rte_elastic,rte_elastic,f_score_elastic,f_score_elastic,best_k_bagged_gs,best_k_bagged_gs,insample_bagged_gs,insample_bagged_gs,mse_bagged_gs,mse_bagged_gs,df_bagged_gs,df_bagged_gs,coef_recovery_bagged_gs,coef_recovery_bagged_gs,support_recovery_bagged_gs,support_recovery_bagged_gs,outsample_mse_bagged_gs,outsample_mse_bagged_gs,rte_bagged_gs,rte_bagged_gs,f_score_bagged_gs,f_score_bagged_gs,best_k_smeared_gs,best_k_smeared_gs,best_noise_scale,best_noise_scale,insample_smeared_gs,insample_smeared_gs,mse_smeared_gs,mse_smeared_gs,df_smeared_gs,df_smeared_gs,coef_recovery_smeared_gs,coef_recovery_smeared_gs,support_recovery_smeared_gs,support_recovery_smeared_gs,outsample_mse_smeared_gs,outsample_mse_smeared_gs,rte_smeared_gs,rte_smeared_gs,f_score_smeared_gs,f_score_smeared_gs,insample_rgs,insample_rgs,mse_rgs,mse_rgs,df_rgs,df_rgs,coef_recovery_rgs,coef_recovery_rgs,support_recovery_rgs,support_recovery_rgs,outsample_mse_rgs,outsample_mse_rgs,rte_rgs,rte_rgs,f_score_rgs,f_score_rgs,insample_original_gs,insample_original_gs,mse_original_gs,mse_original_gs,df_original_gs,df_original_gs,coef_recovery_original_gs,coef_recovery_original_gs,support_recovery_original_gs,support_recovery_original_gs,outsample_mse_original_gs,outsample_mse_original_gs,rte_original_gs,rte_original_gs,f_score_original_gs,f_score_original_gs,insample_base_rgs,insample_base_rgs,mse_base_rgs,mse_base_rgs,df_base_rgs,df_base_rgs,coef_recovery_base_rgs,coef_recovery_base_rgs,support_recovery_base_rgs,support_recovery_base_rgs,outsample_mse_base_rgs,outsample_mse_base_rgs,insample_base_gs,insample_base_gs,mse_base_gs,mse_base_gs,df_base_gs,df_base_gs,coef_recovery_base_gs,coef_recovery_base_gs,support_recovery_base_gs,support_recovery_base_gs,outsample_mse_base_gs,outsample_mse_base_gs
,mean,std,mean,std,mean,std,mean,std,mean,std,mean,std,mean,std,mean,std,mean,std,mean,std,mean,std,mean,std,mean,std,mean,std,mean,std,mean,std,mean,std,mean,std,mean,std,mean,std,mean,std,mean,std,mean,std,mean,std,mean,std,mean,std,mean,std,mean,std,mean,std,mean,std,mean,std,mean,std,mean,std,mean,std,mean,std,mean,std,mean,std,mean,std,mean,std,mean,std,mean,std,mean,std,mean,std,mean,std,mean,std,mean,std,mean,std,mean,std,mean,std,mean,std,mean,std,mean,std,mean,std,mean,std,mean,std,mean,std,mean,std,mean,std,mean,std,mean,std,mean,std,mean,std,mean,std,mean,std,mean,std,mean,std,mean,std,mean,std,mean,std,mean,std,mean,std,mean,std,mean,std,mean,std
sigma,,,,,,,,,,,,,,,,,,,,,,,,,,,,,,,,,,,,,,,,,,,,,,,,,,,,,,,,,,,,,,,,,,,,,,,,,,,,,,,,,,,,,,,,,,,,,,,,,,,,,,,,,,,,,,,,,,,,,,,,,,,,,,,,,,,,,,,,,,,,,,,,,,,,
0.05,5.6,0.5477,5.4,0.5477,5.6,0.8944,6.0,0.0,0.0003,0.0002,0.0022,0.0003,11.4614,5.9071,0.0,0.0,0.8,0.1225,0.0032,0.0014,1.1092,0.0592,0.841,0.0945,0.0003,0.0001,0.0021,0.0002,13.7663,5.7646,0.0,0.0,0.0033,0.0016,1.1192,0.0575,0.6667,0.0,0.0003,0.0002,0.0022,0.0003,11.4614,5.9071,0.0,0.0,0.8,0.1225,0.0032,0.0014,1.1092,0.0592,0.841,0.0945,6.2,2.1679,0.009,0.0126,0.0114,0.0136,2.6379,26.1552,0.0,0.0,0.8,0.2739,0.0132,0.0124,1.0792,0.0455,0.8667,0.1826,6.0,2.2361,0.64,0.493,0.0095,0.0117,0.0118,0.0126,2.7156,23.6388,0.0,0.0,0.9,0.2236,0.0141,0.0119,1.0794,0.0479,0.9333,0.1491,0.0002,0.0001,0.0022,0.0003,9.6612,6.4431,0.0,0.0,0.86,0.2191,0.0029,0.0016,1.0666,0.038,0.9,0.1491,0.0095,0.0117,0.0117,0.0126,4.0389,25.771,0.0,0.0,0.94,0.0894,0.0139,0.012,1.0805,0.0484,0.9485,0.0755,0.0002,0.0001,0.0023,0.0002,7.6808,5.1798,0.0,0.0,1.0,0.0,0.0028,0.0014,0.0094,0.0117,0.0118,0.0126,1.1588,23.4276,0.2906,0.0054,0.75,0.0,0.0137,0.012
0.09,5.6,0.5477,5.4,0.5477,5.6,0.8944,6.0,0.0,0.0009,0.0005,0.0071,0.0009,11.4735,5.8533,0.0001,0.0,0.8,0.1225,0.0103,0.0047,1.1079,0.058,0.841,0.0945,0.0011,0.0007,0.0069,0.0008,14.1831,5.9293,0.0001,0.0001,0.0109,0.0051,1.1352,0.0905,0.6667,0.0,0.0009,0.0005,0.0071,0.0009,11.4735,5.8533,0.0001,0.0,0.8,0.1225,0.0103,0.0047,1.1079,0.058,0.841,0.0945,6.0,1.7321,0.0092,0.0116,0.0162,0.0133,6.1903,14.8622,0.0001,0.0,0.8,0.2739,0.0207,0.0121,1.0786,0.0453,0.8667,0.1826,5.8,1.3038,0.82,0.4025,0.0097,0.0109,0.0167,0.0123,6.752,13.9591,0.0001,0.0,0.8,0.2739,0.0218,0.0126,1.084,0.0484,0.8667,0.1826,0.0006,0.0003,0.0071,0.0009,9.7827,6.5468,0.0001,0.0,0.88,0.1789,0.0094,0.0051,1.0684,0.041,0.9095,0.1308,0.0096,0.0109,0.0166,0.0123,6.9675,14.6185,0.0001,0.0,0.94,0.0894,0.0217,0.0131,1.0805,0.0484,0.9485,0.0755,0.0005,0.0003,0.0073,0.0008,7.6808,5.1798,0.0,0.0,1.0,0.0,0.0091,0.0047,0.0094,0.0109,0.0168,0.0123,4.0874,11.73,0.2907,0.0058,0.75,0.0,0.021,0.0129
0.14,5.6,0.5477,5.4,0.5477,5.6,0.8944,6.0,0.0,0.0022,0.0012,0.0173,0.0022,11.3792,5.8703,0.0002,0.0001,0.8,0.1225,0.025,0.0113,1.1083,0.058,0.841,0.0945,0.0026,0.0014,0.0167,0.0018,13.94,5.8594,0.0003,0.0002,0.026,0.0124,1.1249,0.0738,0.6667,0.0,0.0022,0.0012,0.0173,0.0022,11.3792,5.8703,0.0002,0.0001,0.8,0.1225,0.025,0.0113,1.1083,0.058,0.841,0.0945,5.6,0.8944,0.0096,0.0108,0.0262,0.0129,7.6064,10.2529,0.0002,0.0001,0.8,0.2739,0.0351,0.017,1.0753,0.0448,0.8667,0.1826,5.8,1.3038,0.64,0.493,0.0103,0.0102,0.0267,0.0119,8.0206,10.04,0.0002,0.0001,0.8,0.2739,0.0371,0.0187,1.0771,0.0463,0.8667,0.1826,0.0015,0.0008,0.0173,0.0021,9.8079,6.5688,0.0001,0.0001,0.88,0.1789,0.0228,0.0123,1.0687,0.0418,0.9095,0.1308,0.0103,0.0102,0.0266,0.012,8.2749,10.2708,0.0002,0.0001,0.94,0.0894,0.0368,0.0194,1.0805,0.0484,0.9485,0.0755,0.0012,0.0007,0.0178,0.0018,7.6808,5.1798,0.0001,0.0,1.0,0.0,0.022,0.0113,0.0097,0.0102,0.0272,0.0118,5.3948,6.8468,0.2908,0.0064,0.75,0.0,0.0352,0.0185
0.25,5.6,0.5477,5.4,0.5477,5.6,0.8944,6.0,0.0,0.0072,0.0038,0.0553,0.0068,11.4128,5.87,0.0007,0.0003,0.8,0.1225,0.0798,0.036,1.1086,0.0589,0.841,0.0945,0.0078,0.0038,0.053,0.0058,13.7476,5.8333,0.0009,0.0006,0.0824,0.0397,1.1183,0.0645,0.6667,0.0,0.0072,0.0038,0.0553,0.0068,11.4128,5.87,0.0007,0.0003,0.8,0.1225,0.0798,0.036,1.1086,0.0589,0.841,0.0945,5.6,0.8944,0.0123,0.01,0.0636,0.013,8.8717,7.6968,0.0005,0.0003,0.8,0.2739,0.088,0.0455,1.0753,0.0448,0.8667,0.1826,5.6,0.8944,0.28,0.4025,0.0133,0.01,0.0641,0.0123,9.2656,7.7396,0.0005,0.0003,0.88,0.1789,0.0916,0.05,1.0788,0.0481,0.9095,0.1308,0.0051,0.0028,0.055,0.0068,9.9101,6.6658,0.0005,0.0002,0.9,0.1414,0.073,0.0396,1.0705,0.0457,0.9205,0.1112,0.0133,0.0099,0.0641,0.0123,9.3104,7.7766,0.0006,0.0003,0.94,0.0894,0.0915,0.0499,1.0805,0.0484,0.9485,0.0755,0.0038,0.0021,0.0566,0.0058,7.6808,5.1798,0.0003,0.0001,1.0,0.0,0.07,0.0359,0.0115,0.0093,0.0659,0.0112,6.4303,3.9647,0.289,0.0106,0.75,0.0,0.0862,0.0465
0.42,6.8,1.7889,5.6,0.8944,5.6,0.8944,6.8,1.7889,0.0201,0.0104,0.1557,0.0192,11.4376,5.8425,0.0019,0.0009,0.8,0.1225,0.2251,0.102,1.1074,0.0575,0.841,0.0945,0.0224,0.0099,0.1495,0.0163,13.8298,5.8251,0.0026,0.0015,0.2333,0.1134,1.12,0.0586,0.6667,0.0,0.0201,0.0104,0.1557,0.0192,11.4376,5.8425,0.0019,0.0009,0.8,0.1225,0.2251,0.102,1.1074,0.0575,0.841,0.0945,5.6,0.8944,0.0205,0.0127,0.163,0.0209,9.5234,7.0695,0.0014,0.0008,0.8,0.2739,0.2262,0.1234,1.0753,0.0448,0.8667,0.1826,5.6,0.8944,0.28,0.4025,0.0224,0.0136,0.1637,0.0205,9.8335,7.1692,0.0016,0.001,0.92,0.1304,0.2342,0.1315,1.0803,0.049,0.9357,0.101,0.016,0.0082,0.1547,0.0204,10.573,7.3926,0.0016,0.0009,0.94,0.0894,0.2132,0.1124,1.0805,0.0484,0.9485,0.0755,0.0224,0.0135,0.1637,0.0205,9.8439,7.1638,0.0016,0.0009,0.94,0.0894,0.2335,0.1308,1.0805,0.0484,0.9485,0.0755,0.0108,0.0059,0.1598,0.0165,7.695,5.1938,0.0009,0.0004,1.0,0.0,0.1976,0.1014,0.0172,0.01,0.1688,0.0162,6.9638,3.7016,0.2886,0.0098,0.75,0.0,0.2183,0.1205
0.71,7.2,2.6833,5.4,0.5477,5.4,0.5477,7.6,2.1909,0.0582,0.0304,0.446,0.0558,11.4177,5.8859,0.0054,0.0025,0.8,0.1225,0.6441,0.2904,1.1092,0.0589,0.841,0.0945,0.0693,0.0393,0.4319,0.0509,13.8948,5.8397,0.0077,0.0051,0.6713,0.3207,1.1312,0.0824,0.6667,0.0,0.0635,0.038,0.4401,0.0493,12.5235,5.7163,0.0065,0.0046,0.76,0.1817,0.6415,0.2915,1.12,0.0755,0.8205,0.1213,5.6,0.8944,0.0461,0.0258,0.4493,0.0568,9.915,7.0081,0.0041,0.0021,0.8,0.2739,0.6203,0.3406,1.0753,0.0448,0.8667,0.1826,5.6,0.8944,0.28,0.4025,0.0501,0.0279,0.4507,0.0563,10.1585,7.1055,0.0046,0.0027,0.94,0.0894,0.6384,0.3563,1.0804,0.0488,0.9485,0.0755,0.0387,0.0175,0.4451,0.0543,9.5988,6.4761,0.0036,0.0016,0.9,0.1732,0.5786,0.3085,1.0667,0.034,0.9247,0.124,0.0477,0.0286,0.453,0.0522,9.7028,6.5163,0.004,0.0022,0.96,0.0548,0.6197,0.3596,1.0751,0.0487,0.9636,0.0498,0.0306,0.017,0.4566,0.0471,7.6685,5.2151,0.0025,0.0012,1.0,0.0,0.5639,0.2902,0.0353,0.0156,0.4652,0.0444,7.2842,4.1327,0.2896,0.0119,0.75,0.0,0.5933,0.3248
1.22,7.0,3.0,5.4,0.5477,5.4,0.5477,7.4,2.4083,0.171,0.0899,1.3146,0.1618,11.4657,5.8729,0.016,0.0073,0.8,0.1225,1.9012,0.8579,1.1087,0.0589,0.841,0.0945,0.2051,0.0827,1.2751,0.147,13.9171,5.9025,0.0223,0.0103,2.0001,0.9728,1.1316,0.0551,0.6667,0.0,0.1841,0.1074,1.3028,0.1485,12.2943,5.6613,0.0182,0.0113,0.76,0.1817,1.8819,0.8671,1.1174,0.0714,0.8205,0.1213,5.4,0.5477,0.1211,0.0692,1.3117,0.1583,9.9036,6.3717,0.0109,0.0053,0.72,0.2168,1.7722,0.9746,1.0713,0.0461,0.8,0.1394,5.6,0.8944,0.28,0.4025,0.1362,0.0718,1.3132,0.1696,10.3549,7.1824,0.0135,0.008,0.94,0.0894,1.843,1.0124,1.0804,0.0486,0.9485,0.0755,0.1127,0.0496,1.3132,0.1608,9.574,6.45,0.0105,0.0045,0.88,0.2168,1.7103,0.9122,1.0659,0.0328,0.9152,0.1444,0.1291,0.0729,1.32,0.1587,9.8968,6.62,0.0117,0.0065,0.96,0.0548,1.7891,1.0215,1.0751,0.0487,0.9636,0.0498,0.0947,0.0523,1.3399,0.139,8.0881,5.2681,0.0085,0.0044,0.98,0.0447,1.708,0.9068,0.0926,0.0382,1.3561,0.1364,7.4781,4.5603,0.2931,0.016,0.75,0.0,1.7103,0.9193
2.07,5.8,2.8636,5.6,0.8944,6.4,2.0736,6.0,2.5495,0.4868,0.2542,3.7829,0.4631,11.4232,5.8278,0.0457,0.0208,0.8,0.1225,5.4688,2.4759,1.1073,0.0578,0.841,0.0945,0.4811,0.198,3.6581,0.3872,12.7976,5.4002,0.0516,0.0278,5.6012,2.704,1.1049,0.0454,0.6667,0.0,0.5015,0.2721,3.7606,0.437,11.8503,5.6511,0.0474,0.0237,0.76,0.1817,5.3521,2.5378,1.11,0.0613,0.8205,0.1213,5.6,0.8944,0.4243,0.1829,3.7015,0.435,11.6418,6.0063,0.0453,0.019,0.5,0.0,5.4237,2.6515,1.0922,0.0454,0.6667,0.0,5.4,0.5477,0.28,0.4025,0.406,0.1991,3.7522,0.4197,10.8446,5.7945,0.0413,0.0203,0.94,0.0548,5.3237,2.7511,1.0865,0.0492,0.9455,0.0498,0.392,0.1786,3.7439,0.425,10.7782,5.7081,0.0401,0.0193,0.86,0.2074,5.1662,2.5054,1.083,0.0431,0.897,0.1365,0.4611,0.2553,3.6909,0.3633,12.1884,5.4373,0.0523,0.039,0.86,0.2074,5.2818,2.7657,1.0989,0.0626,0.897,0.1365,0.311,0.1866,3.8075,0.3633,9.1077,4.4717,0.0325,0.0212,0.9,0.1732,5.1172,2.4406,0.4138,0.3724,3.8852,0.3948,9.398,4.2567,0.3022,0.0207,0.7433,0.0149,5.4424,2.5039
3.52,7.4,3.2863,4.2,1.9235,4.2,1.9235,4.6,3.7815,1.4255,0.7555,10.9716,1.3811,11.3632,5.9014,0.1325,0.0601,0.78,0.1483,15.8308,7.1458,1.1088,0.0596,0.8205,0.1213,1.294,0.5466,10.53,1.1246,12.6018,5.4072,0.141,0.0771,15.9254,7.7998,1.0964,0.0443,0.6667,0.0,1.3672,0.6695,10.9504,1.3151,11.2145,5.8065,0.1154,0.0462,0.74,0.1517,15.5076,7.6972,1.1024,0.0503,0.8023,0.0906,5.0,3.3912,2.1309,1.4528,10.8428,1.2227,14.6957,6.7821,0.2362,0.1229,0.56,0.1342,16.2741,7.3416,1.1653,0.1167,0.7,0.0745,4.4,2.1909,0.28,0.4025,2.3691,1.7955,11.16,1.3474,14.3801,7.9576,0.2625,0.166,0.74,0.1673,17.6652,7.6487,1.1889,0.1454,0.7029,0.2428,2.1675,1.613,11.1558,1.2019,13.5917,7.425,0.2189,0.1448,0.76,0.1817,17.9634,7.3051,1.1751,0.1319,0.7767,0.1372,2.4879,1.7142,11.2012,1.2672,14.6901,8.1623,0.2807,0.16,0.76,0.1517,17.9818,7.5409,1.1984,0.1387,0.7055,0.243,1.5455,0.8811,11.0122,1.1239,11.6802,5.9699,0.1456,0.1038,0.68,0.2168,16.6072,8.4852,1.4697,0.7715,10.9102,1.1019,11.7848,6.3263,0.3641,0.0603,0.7033,0.0447,16.5295,8.5452
6.0,6.4,4.1593,2.8,2.0494,2.6,2.1909,2.4,3.1305,4.1363,2.1143,33.018,5.1473,9.7876,6.4284,0.3198,0.0851,0.7,0.1225,44.1892,21.864,1.1066,0.054,0.6104,0.2598,3.6303,1.5738,30.5494,3.2752,12.4862,5.4309,0.3984,0.2194,45.8519,22.6272,1.0924,0.0446,0.6667,0.0,3.3947,1.8367,32.3281,3.8163,9.7166,5.9357,0.2557,0.1056,0.58,0.1095,44.9268,23.3693,1.0853,0.0451,0.6121,0.1685,2.0,1.4142,3.8617,1.1053,32.2099,4.609,10.5211,5.9424,0.3549,0.0567,0.5,0.0707,44.2242,23.3469,1.098,0.0275,0.6571,0.0522,2.6,2.1909,0.1,0.0,5.392,0.717,32.5996,5.2314,12.0896,6.7269,0.5835,0.0696,0.64,0.0894,47.0824,24.8044,1.1417,0.0196,0.48,0.2129,3.9442,1.7583,32.5111,4.652,10.2206,6.8649,0.4147,0.2314,0.6,0.0707,44.2553,21.8681,1.102,0.046,0.5405,0.1985,5.3921,0.7161,32.5996,5.2314,12.0897,6.7271,0.5835,0.0698,0.64,0.0894,47.081,24.8035,1.1417,0.0196,0.48,0.2129,3.137,1.5101,31.7547,3.5364,10.1507,6.3197,0.3058,0.2252,0.52,0.0447,44.882,21.5377,4.4684,1.8163,30.9733,3.373,13.0558,5.8036,0.5001,0.1302,0.6433,0.076,47.5143,23.2224
