,best_m,best_m,best_k,best_k,best_k_original_gs,best_k_original_gs,best_m_base,best_m_base,insample_lasso,insample_lasso,mse_lasso,mse_lasso,df_lasso,df_lasso,coef_recovery_lasso,coef_recovery_lasso,support_recovery_lasso,support_recovery_lasso,outsample_mse_lasso,outsample_mse_lasso,rte_lasso,rte_lasso,f_score_lasso,f_score_lasso,insample_ridge,insample_ridge,mse_ridge,mse_ridge,df_ridge,df_ridge,coef_recovery_ridge,coef_recovery_ridge,outsample_mse_ridge,outsample_mse_ridge,rte_ridge,rte_ridge,f_score_ridge,f_score_ridge,insample_elastic,insample_elastic,mse_elastic,mse_elastic,df_elastic,df_elastic,coef_recovery_elastic,coef_recovery_elastic,support_recovery_elastic,support_recovery_elastic,outsample_mse_elastic,outsample_mse_elastic,rte_elastic,rte_elastic,f_score_elastic,f_score_elastic,best_k_bagged_gs,best_k_bagged_gs,insample_bagged_gs,insample_bagged_gs,mse_bagged_gs,mse_bagged_gs,df_bagged_gs,df_bagged_gs,coef_recovery_bagged_gs,coef_recovery_bagged_gs,support_recovery_bagged_gs,support_recovery_bagged_gs,outsample_mse_bagged_gs,outsample_mse_bagged_gs,rte_bagged_gs,rte_bagged_gs,f_score_bagged_gs,f_score_bagged_gs,best_k_smeared_gs,best_k_smeared_gs,best_noise_scale,best_noise_scale,insample_smeared_gs,insample_smeared_gs,mse_smeared_gs,mse_smeared_gs,df_smeared_gs,df_smeared_gs,coef_recovery_smeared_gs,coef_recovery_smeared_gs,support_recovery_smeared_gs,support_recovery_smeared_gs,outsample_mse_smeared_gs,outsample_mse_smeared_gs,rte_smeared_gs,rte_smeared_gs,f_score_smeared_gs,f_score_smeared_gs,insample_rgs,insample_rgs,mse_rgs,mse_rgs,df_rgs,df_rgs,coef_recovery_rgs,coef_recovery_rgs,support_recovery_rgs,support_recovery_rgs,outsample_mse_rgs,outsample_mse_rgs,rte_rgs,rte_rgs,f_score_rgs,f_score_rgs,insample_original_gs,insample_original_gs,mse_original_gs,mse_original_gs,df_original_gs,df_original_gs,coef_recovery_original_gs,coef_recovery_original_gs,support_recovery_original_gs,support_recovery_original_gs,outsample_mse_original_gs,outsample_mse_original_gs,rte_original_gs,rte_original_gs,f_score_original_gs,f_score_original_gs,insample_base_rgs,insample_base_rgs,mse_base_rgs,mse_base_rgs,df_base_rgs,df_base_rgs,coef_recovery_base_rgs,coef_recovery_base_rgs,support_recovery_base_rgs,support_recovery_base_rgs,outsample_mse_base_rgs,outsample_mse_base_rgs,insample_base_gs,insample_base_gs,mse_base_gs,mse_base_gs,df_base_gs,df_base_gs,coef_recovery_base_gs,coef_recovery_base_gs,support_recovery_base_gs,support_recovery_base_gs,outsample_mse_base_gs,outsample_mse_base_gs
,mean,std,mean,std,mean,std,mean,std,mean,std,mean,std,mean,std,mean,std,mean,std,mean,std,mean,std,mean,std,mean,std,mean,std,mean,std,mean,std,mean,std,mean,std,mean,std,mean,std,mean,std,mean,std,mean,std,mean,std,mean,std,mean,std,mean,std,mean,std,mean,std,mean,std,mean,std,mean,std,mean,std,mean,std,mean,std,mean,std,mean,std,mean,std,mean,std,mean,std,mean,std,mean,std,mean,std,mean,std,mean,std,mean,std,mean,std,mean,std,mean,std,mean,std,mean,std,mean,std,mean,std,mean,std,mean,std,mean,std,mean,std,mean,std,mean,std,mean,std,mean,std,mean,std,mean,std,mean,std,mean,std,mean,std,mean,std,mean,std,mean,std,mean,std,mean,std,mean,std,mean,std,mean,std
sigma,,,,,,,,,,,,,,,,,,,,,,,,,,,,,,,,,,,,,,,,,,,,,,,,,,,,,,,,,,,,,,,,,,,,,,,,,,,,,,,,,,,,,,,,,,,,,,,,,,,,,,,,,,,,,,,,,,,,,,,,,,,,,,,,,,,,,,,,,,,,,,,,,,,,
3.1622776601683795,91.9,25.6144,10.7,2.7101,10.5,2.1213,100.0,0.0,0.4074,0.0978,9.8267,0.4257,29.0036,20.0665,0.0425,0.004,0.823,0.0636,10.8402,1.6766,1.4169,0.0388,0.5452,0.0978,1.0228,0.1242,9.0721,0.4136,97.4347,19.9102,0.0378,0.0032,11.5925,1.6947,1.3593,0.0316,0.1818,0.0,0.4082,0.0989,9.828,0.4288,28.9818,20.1157,0.0425,0.0041,0.824,0.0635,10.8405,1.6771,1.4174,0.0393,0.5465,0.0974,11.5,1.1785,0.3043,0.1047,9.7149,0.4415,29.4412,21.0278,0.0317,0.0042,0.178,0.0581,10.669,1.7699,1.3131,0.0413,0.1963,0.0116,10.0,1.2472,0.7,0.483,0.2874,0.174,9.9449,0.446,17.1078,22.7839,0.03,0.0051,0.943,0.1628,10.6471,1.8304,1.2978,0.0478,0.903,0.2211,0.3077,0.2253,9.9358,0.4481,18.5755,24.5037,0.0311,0.0077,0.964,0.0898,10.6195,1.8202,1.3065,0.0682,0.9054,0.1824,0.2931,0.1986,9.9333,0.448,17.9697,24.0574,0.0296,0.005,0.987,0.0195,10.6411,1.7905,1.2943,0.0459,0.9415,0.0801,0.2242,0.1544,9.963,0.4441,13.0456,20.3516,0.0286,0.0045,0.994,0.0097,10.5398,1.8499,0.2242,0.1544,9.963,0.4441,13.0456,20.3516,0.0612,0.0012,0.9493,0.0013,10.5398,1.8499
3.872983346207417,72.4,44.4402,12.3,4.5473,10.6,2.9136,61.3,43.985,0.594,0.1507,14.7468,0.6687,28.2125,20.8208,0.0477,0.0054,0.831,0.0635,16.2273,2.5139,1.3114,0.0355,0.5516,0.0979,1.5157,0.1861,13.5936,0.6212,97.3078,19.9797,0.0438,0.0043,17.365,2.5393,1.2733,0.0276,0.1818,0.0,0.603,0.1618,14.7342,0.6445,28.9301,19.4979,0.0481,0.0058,0.811,0.0848,16.2122,2.4797,1.3135,0.0372,0.5361,0.1141,10.7,1.8288,0.5446,0.1586,14.5444,0.7283,33.3056,22.4869,0.0387,0.0063,0.147,0.033,16.0757,2.6046,1.2525,0.0421,0.1901,0.0061,10.0,1.8257,0.85,0.6258,0.5014,0.2416,14.8415,0.7442,21.9727,23.8109,0.0338,0.0076,0.903,0.1614,16.0191,2.6623,1.223,0.0492,0.7887,0.2523,0.6003,0.217,14.7566,0.7597,28.095,25.3143,0.0383,0.0098,0.83,0.2376,16.2557,2.6271,1.248,0.0589,0.7049,0.2976,0.5781,0.238,14.8518,0.7315,24.1884,24.2948,0.0347,0.0073,0.972,0.0193,16.1515,2.589,1.2281,0.0485,0.8685,0.075,0.6982,0.3438,14.9648,0.6824,24.4211,22.2719,0.0447,0.0168,0.846,0.1839,16.2833,2.8045,0.532,0.2873,14.8928,0.6594,21.2856,21.5188,0.0619,0.002,0.9464,0.0033,16.0804,2.8625
4.830458915396479,45.0,47.3943,11.2,3.6757,10.4,4.7889,29.5,37.4233,0.8709,0.2006,22.9659,1.0326,26.511,21.1017,0.0549,0.0068,0.828,0.0592,25.1605,3.8682,1.2297,0.0287,0.5375,0.1018,2.3373,0.2891,21.1303,0.9674,97.196,20.0436,0.0536,0.0059,26.9861,3.9484,1.2117,0.0241,0.1818,0.0,0.9321,0.2554,22.9088,1.0397,29.041,19.6304,0.0572,0.0088,0.739,0.1655,25.1293,3.824,1.2382,0.0357,0.4712,0.1589,8.4,2.0656,0.9164,0.1813,22.7594,1.1675,31.9036,23.2145,0.0502,0.0085,0.159,0.0491,25.0971,3.9185,1.2092,0.0374,0.1925,0.0096,9.7,4.296,1.45,0.7246,0.9924,0.2038,22.9814,1.0252,28.7783,22.5099,0.0444,0.0089,0.811,0.1658,25.2276,3.8577,1.1864,0.0393,0.5743,0.2172,1.1335,0.2433,23.0701,1.1408,29.9002,20.9002,0.0555,0.0131,0.701,0.2339,25.3434,3.8589,1.2291,0.0537,0.4802,0.2393,1.3038,0.4049,23.103,0.929,32.8401,19.7298,0.0491,0.0144,0.938,0.021,25.8436,3.9898,1.2045,0.0644,0.6832,0.1382,1.1315,0.2609,23.1464,1.0232,28.2247,20.3619,0.059,0.0152,0.705,0.1656,25.3666,3.994,0.8606,0.3526,23.0564,1.0185,24.3514,23.3228,0.0636,0.0029,0.9416,0.0048,24.9749,4.0447
6.324555320336759,16.0,30.605,12.2,6.4256,5.9,5.1521,5.7,3.6833,1.5381,0.4858,40.1254,2.5009,17.6407,26.4114,0.0721,0.0143,0.873,0.0653,42.9342,6.725,1.1779,0.0367,0.5084,0.2197,3.9803,0.495,36.2054,1.6605,97.0891,20.1069,0.0733,0.0089,46.229,6.7686,1.1653,0.0209,0.1818,0.0,1.4195,0.307,39.4626,1.9387,24.4366,22.5023,0.0701,0.0102,0.701,0.1711,42.7856,6.4945,1.1702,0.026,0.4183,0.1536,5.3,2.7101,1.5299,0.361,39.509,2.1932,25.2357,24.4649,0.068,0.0137,0.27,0.19,42.8915,6.5957,1.1657,0.0359,0.2235,0.0539,4.7,4.5228,1.55,0.7246,2.0088,0.4382,40.4364,2.6093,19.6351,29.5112,0.0721,0.0207,0.886,0.0707,42.8683,6.8101,1.1786,0.0539,0.4685,0.1621,1.7131,0.2912,39.5748,2.3164,26.7016,27.3796,0.0722,0.017,0.446,0.2653,43.0603,6.6592,1.1746,0.0439,0.3,0.1602,2.1452,0.2905,40.3086,2.4917,22.9351,29.9923,0.0703,0.0177,0.921,0.0088,43.2515,6.8572,1.1732,0.0459,0.458,0.1747,1.5079,0.2276,39.7601,1.7829,21.8264,21.448,0.0736,0.0078,0.442,0.1508,42.914,6.4373,1.9375,0.3114,39.2664,1.7373,33.3546,19.6897,0.0712,0.0055,0.926,0.0083,43.6611,7.0695
9.486832980505138,26.6,39.4974,5.0,4.8305,1.3,0.483,3.0,1.4142,2.3085,0.3962,91.2138,4.7378,6.0752,25.2252,0.0915,0.0114,0.893,0.0211,94.6905,14.4088,1.1007,0.0136,0.2186,0.2387,8.9092,1.112,81.4364,3.7416,96.9738,20.1775,0.1322,0.0173,103.9595,15.2364,1.1289,0.0177,0.1818,0.0,2.1544,0.3982,90.0815,4.7235,11.5047,25.0567,0.0876,0.0108,0.766,0.1747,95.1139,14.3751,1.0961,0.0128,0.2971,0.1618,2.1,1.2867,2.186,0.3278,89.8678,4.2824,12.866,23.3357,0.0869,0.0086,0.378,0.1446,94.9019,14.2074,1.0947,0.0101,0.2321,0.0366,1.4,0.6992,1.25,0.7906,2.6958,0.4761,91.1887,3.9206,8.3647,21.6186,0.091,0.0103,0.905,0.0118,94.5839,14.6393,1.1004,0.011,0.2552,0.1745,2.4844,0.5678,90.0066,4.7814,13.7517,27.1092,0.0909,0.0101,0.611,0.2536,95.1109,13.9755,1.0992,0.0127,0.2647,0.1582,2.8182,0.4149,91.3845,3.7531,7.9568,20.9355,0.0929,0.0081,0.907,0.0082,94.7616,14.3214,1.1022,0.0085,0.1758,0.079,2.0899,0.3727,88.9125,3.8592,17.6345,20.8764,0.0853,0.0081,0.282,0.1173,94.2232,13.9681,4.5648,0.5723,87.5053,3.898,39.1798,21.7221,0.0945,0.009,0.8955,0.0106,99.0909,14.8824
