,best_m,best_m,best_k,best_k,best_k_original_gs,best_k_original_gs,insample_lasso,insample_lasso,mse_lasso,mse_lasso,df_lasso,df_lasso,coef_recovery_lasso,coef_recovery_lasso,support_recovery_lasso,support_recovery_lasso,outsample_mse_lasso,outsample_mse_lasso,rte_lasso,rte_lasso,f_score_lasso,f_score_lasso,insample_ridge,insample_ridge,mse_ridge,mse_ridge,df_ridge,df_ridge,coef_recovery_ridge,coef_recovery_ridge,outsample_mse_ridge,outsample_mse_ridge,rte_ridge,rte_ridge,f_score_ridge,f_score_ridge,insample_elastic,insample_elastic,mse_elastic,mse_elastic,df_elastic,df_elastic,coef_recovery_elastic,coef_recovery_elastic,support_recovery_elastic,support_recovery_elastic,outsample_mse_elastic,outsample_mse_elastic,rte_elastic,rte_elastic,f_score_elastic,f_score_elastic,best_k_bagged_gs,best_k_bagged_gs,insample_bagged_gs,insample_bagged_gs,mse_bagged_gs,mse_bagged_gs,df_bagged_gs,df_bagged_gs,coef_recovery_bagged_gs,coef_recovery_bagged_gs,support_recovery_bagged_gs,support_recovery_bagged_gs,outsample_mse_bagged_gs,outsample_mse_bagged_gs,rte_bagged_gs,rte_bagged_gs,f_score_bagged_gs,f_score_bagged_gs,best_k_smeared_gs,best_k_smeared_gs,best_noise_scale,best_noise_scale,insample_smeared_gs,insample_smeared_gs,mse_smeared_gs,mse_smeared_gs,df_smeared_gs,df_smeared_gs,coef_recovery_smeared_gs,coef_recovery_smeared_gs,support_recovery_smeared_gs,support_recovery_smeared_gs,outsample_mse_smeared_gs,outsample_mse_smeared_gs,rte_smeared_gs,rte_smeared_gs,f_score_smeared_gs,f_score_smeared_gs,insample_rgs,insample_rgs,mse_rgs,mse_rgs,df_rgs,df_rgs,coef_recovery_rgs,coef_recovery_rgs,support_recovery_rgs,support_recovery_rgs,outsample_mse_rgs,outsample_mse_rgs,rte_rgs,rte_rgs,f_score_rgs,f_score_rgs,insample_original_gs,insample_original_gs,mse_original_gs,mse_original_gs,df_original_gs,df_original_gs,coef_recovery_original_gs,coef_recovery_original_gs,support_recovery_original_gs,support_recovery_original_gs,outsample_mse_original_gs,outsample_mse_original_gs,rte_original_gs,rte_original_gs,f_score_original_gs,f_score_original_gs
,mean,std,mean,std,mean,std,mean,std,mean,std,mean,std,mean,std,mean,std,mean,std,mean,std,mean,std,mean,std,mean,std,mean,std,mean,std,mean,std,mean,std,mean,std,mean,std,mean,std,mean,std,mean,std,mean,std,mean,std,mean,std,mean,std,mean,std,mean,std,mean,std,mean,std,mean,std,mean,std,mean,std,mean,std,mean,std,mean,std,mean,std,mean,std,mean,std,mean,std,mean,std,mean,std,mean,std,mean,std,mean,std,mean,std,mean,std,mean,std,mean,std,mean,std,mean,std,mean,std,mean,std,mean,std,mean,std,mean,std,mean,std,mean,std,mean,std,mean,std,mean,std
sigma,,,,,,,,,,,,,,,,,,,,,,,,,,,,,,,,,,,,,,,,,,,,,,,,,,,,,,,,,,,,,,,,,,,,,,,,,,,,,,,,,,,,,,,,,,,,,,,,,,,,,,,,,,,,,,,,,,,,,,,,,,
0.05,8.4,2.0656,5.1,0.3162,5.1,0.3162,0.0002,0.0001,0.0023,0.0003,9.077,7.2642,0.0,0.0,0.76,0.1506,0.0021,0.0008,1.0887,0.0381,0.8173,0.1005,0.0003,0.0002,0.0022,0.0004,12.3644,6.965,0.0,0.0,0.0022,0.0008,1.1216,0.0615,0.6667,0.0,0.0003,0.0001,0.0023,0.0004,9.8816,7.2297,0.0,0.0,0.66,0.0699,0.0021,0.0008,1.0966,0.0527,0.748,0.0366,5.0,0.0,0.0005,0.0002,0.0027,0.0003,6.5895,7.3154,0.0,0.0,1.0,0.0,0.0025,0.0007,1.0519,0.0315,1.0,0.0,5.0,0.0,0.19,0.2846,0.0002,0.0001,0.0023,0.0002,7.2275,6.101,0.0,0.0,1.0,0.0,0.0021,0.0007,1.0633,0.0374,1.0,0.0,0.0002,0.0001,0.0023,0.0002,7.2755,5.7155,0.0,0.0,0.99,0.0316,0.0022,0.0007,1.0553,0.0381,0.9909,0.0287,0.0002,0.0001,0.0023,0.0002,7.2755,5.7155,0.0,0.0,0.99,0.0316,0.0022,0.0007,1.0553,0.0381,0.9909,0.0287
0.09,7.0,2.1602,5.2,0.4216,5.1,0.3162,0.0008,0.0004,0.0074,0.0012,9.0493,7.3801,0.0001,0.0,0.76,0.1506,0.0068,0.0026,1.0933,0.0473,0.8173,0.1005,0.001,0.0004,0.0071,0.0011,12.3305,6.8359,0.0001,0.0,0.0072,0.0025,1.1181,0.0529,0.6667,0.0,0.0008,0.0003,0.0073,0.0011,9.5486,7.1502,0.0001,0.0,0.71,0.137,0.0069,0.0028,1.0896,0.0356,0.7841,0.0934,5.0,0.0,0.0008,0.0004,0.0079,0.0009,6.742,6.5187,0.0,0.0,1.0,0.0,0.0072,0.0021,1.0519,0.0315,1.0,0.0,5.0,0.0,0.46,0.4648,0.0006,0.0003,0.0075,0.0008,7.1442,5.9223,0.0001,0.0,1.0,0.0,0.007,0.0025,1.0629,0.0338,1.0,0.0,0.0006,0.0005,0.0075,0.0008,7.6159,6.5185,0.0001,0.0,0.94,0.1578,0.0071,0.0023,1.0656,0.0616,0.9576,0.1061,0.0005,0.0003,0.0074,0.0008,7.2755,5.7155,0.0001,0.0,0.99,0.0316,0.0071,0.0023,1.0553,0.0381,0.9909,0.0287
0.14,7.0,2.1602,5.1,0.3162,5.1,0.3162,0.0019,0.0009,0.0179,0.0027,9.0136,7.2647,0.0002,0.0001,0.78,0.1549,0.0165,0.0063,1.0896,0.0384,0.8313,0.1028,0.0024,0.0011,0.0172,0.0026,12.2804,6.8603,0.0003,0.0001,0.0174,0.006,1.1178,0.0527,0.6667,0.0,0.0023,0.0018,0.0183,0.0035,9.243,7.0934,0.0002,0.0001,0.73,0.116,0.0168,0.0062,1.1127,0.0886,0.7934,0.073,5.0,0.0,0.0015,0.0009,0.0184,0.002,6.81,6.2613,0.0001,0.0001,1.0,0.0,0.017,0.0051,1.0519,0.0315,1.0,0.0,5.0,0.0,0.55,0.4743,0.0013,0.0007,0.0181,0.002,7.0244,5.9858,0.0001,0.0001,1.0,0.0,0.0166,0.0056,1.0569,0.0329,1.0,0.0,0.0013,0.001,0.0181,0.0022,7.0948,5.836,0.0001,0.0001,0.97,0.0949,0.0169,0.0054,1.0606,0.0507,0.9769,0.073,0.0012,0.0008,0.018,0.0019,7.2755,5.7155,0.0001,0.0001,0.99,0.0316,0.0172,0.0056,1.0553,0.0381,0.9909,0.0287
0.25,7.4,2.319,5.1,0.3162,5.1,0.3162,0.0062,0.0032,0.0574,0.0094,9.0449,7.3808,0.0006,0.0003,0.76,0.1506,0.0526,0.0201,1.0933,0.0474,0.8173,0.1005,0.0075,0.0031,0.0547,0.0079,12.2885,6.8501,0.0008,0.0003,0.0555,0.0193,1.1145,0.0457,0.6667,0.0,0.0065,0.003,0.0564,0.0087,10.0401,7.3775,0.0006,0.0003,0.7,0.1155,0.0535,0.0196,1.097,0.0436,0.7748,0.0699,5.0,0.0,0.004,0.0024,0.0579,0.0065,6.8639,6.1084,0.0004,0.0002,1.0,0.0,0.0537,0.0165,1.0519,0.0315,1.0,0.0,5.1,0.3162,0.95,1.4916,0.0051,0.0052,0.058,0.0073,7.6208,5.6485,0.0005,0.0006,0.95,0.1581,0.0549,0.0189,1.0737,0.0828,0.9667,0.1054,0.0041,0.0029,0.0575,0.0064,7.2879,5.7093,0.0004,0.0004,0.97,0.0949,0.0543,0.0175,1.0583,0.045,0.9769,0.073,0.0039,0.0025,0.0573,0.0062,7.2755,5.7155,0.0004,0.0003,0.99,0.0316,0.0548,0.018,1.0553,0.0381,0.9909,0.0287
0.42,6.8,2.974,5.4,0.6992,5.1,0.3162,0.0176,0.009,0.162,0.0264,9.0624,7.3787,0.0017,0.0008,0.76,0.1506,0.1484,0.0566,1.093,0.0469,0.8173,0.1005,0.0227,0.0116,0.1571,0.0278,11.8989,7.2654,0.0024,0.0009,0.1559,0.0548,1.1227,0.0639,0.6667,0.0,0.0165,0.0065,0.1591,0.0217,9.5719,7.0695,0.0017,0.0006,0.74,0.1506,0.152,0.0575,1.0872,0.0296,0.8037,0.0935,5.0,0.0,0.0106,0.0064,0.1627,0.0183,6.8917,6.0485,0.001,0.0007,1.0,0.0,0.1514,0.0473,1.0519,0.0315,1.0,0.0,5.0,0.0,0.95,1.4916,0.0128,0.0111,0.1632,0.0198,7.3715,5.6862,0.0013,0.0012,0.95,0.1581,0.1513,0.0492,1.0656,0.0622,0.9667,0.1054,0.012,0.0086,0.1618,0.0175,7.5326,6.106,0.0012,0.0009,0.87,0.2111,0.1518,0.0515,1.0612,0.0464,0.9095,0.1463,0.011,0.0071,0.1617,0.0175,7.2755,5.7155,0.0011,0.0008,0.99,0.0316,0.1547,0.0508,1.0553,0.0381,0.9909,0.0287
0.71,6.2,2.2509,5.2,0.4216,5.1,0.3162,0.0499,0.0254,0.4623,0.0751,9.0951,7.3747,0.0049,0.0024,0.76,0.1506,0.4241,0.1615,1.0925,0.0461,0.8173,0.1005,0.0612,0.0266,0.4481,0.0741,11.6279,7.2182,0.0065,0.0022,0.4423,0.1595,1.1155,0.0498,0.6667,0.0,0.05,0.024,0.4561,0.0735,9.7233,7.428,0.0048,0.0021,0.66,0.0699,0.4244,0.1556,1.0928,0.0431,0.748,0.0366,5.0,0.0,0.0297,0.0178,0.4641,0.0522,6.9084,6.0189,0.003,0.0019,1.0,0.0,0.4326,0.1369,1.0519,0.0315,1.0,0.0,4.9,0.3162,0.95,1.4916,0.0362,0.0309,0.4677,0.0595,7.1936,5.7741,0.0037,0.0035,0.95,0.1581,0.4304,0.1386,1.0647,0.0607,0.9667,0.1054,0.0413,0.0426,0.4699,0.068,7.4852,5.9744,0.0043,0.005,0.91,0.1524,0.4261,0.1479,1.075,0.0848,0.9317,0.1135,0.0313,0.0202,0.4621,0.0499,7.2755,5.7155,0.0031,0.0022,0.99,0.0316,0.4421,0.1452,1.0553,0.0381,0.9909,0.0287
1.22,5.3,2.3118,5.3,0.9487,5.1,0.3162,0.1458,0.0726,1.3613,0.2188,9.1678,7.366,0.0143,0.0068,0.74,0.1578,1.2517,0.4758,1.0915,0.0443,0.8054,0.1054,0.1683,0.065,1.316,0.2054,11.4447,7.3737,0.0179,0.0053,1.2935,0.468,1.1071,0.0388,0.6667,0.0,0.1396,0.06,1.349,0.1955,9.375,7.1467,0.014,0.005,0.69,0.1197,1.268,0.518,1.0873,0.0341,0.7695,0.0745,4.9,0.3162,0.1125,0.1048,1.3814,0.1789,7.3736,5.7227,0.012,0.0129,0.85,0.0527,1.2886,0.4137,1.0689,0.0704,0.8712,0.0399,4.8,0.6325,0.95,1.4916,0.1089,0.0976,1.385,0.185,7.1336,5.8305,0.0112,0.0111,0.93,0.1636,1.267,0.4068,1.0662,0.0652,0.95,0.1125,0.1128,0.0864,1.3803,0.1756,7.4207,6.341,0.0114,0.0097,0.85,0.2121,1.2807,0.4563,1.0688,0.0568,0.8936,0.1453,0.0925,0.0595,1.3644,0.1474,7.2755,5.7155,0.0093,0.0065,0.99,0.0316,1.3052,0.4286,1.0553,0.0381,0.9909,0.0287
2.07,5.3,2.6268,5.1,1.1972,5.1,0.3162,0.4255,0.2039,3.9342,0.6302,9.0576,7.3746,0.041,0.0192,0.77,0.1418,3.607,1.3929,1.0928,0.0429,0.8228,0.0957,0.4467,0.1655,3.8222,0.5603,10.6122,7.4456,0.0439,0.014,3.6718,1.3652,1.0982,0.0314,0.6667,0.0,0.4268,0.1861,3.9471,0.6418,8.9221,7.7086,0.0382,0.0144,0.7,0.1054,3.5938,1.3537,1.0931,0.0379,0.7739,0.0641,5.2,1.0328,0.353,0.1842,3.8645,0.4816,9.0252,6.2138,0.0403,0.0215,0.52,0.0632,3.6615,1.2748,1.076,0.0396,0.6769,0.0324,4.8,0.6325,0.86,1.5153,0.2917,0.2116,3.9463,0.4576,7.3554,5.6719,0.0306,0.0253,0.89,0.1729,3.6671,1.1792,1.0611,0.0483,0.9178,0.1215,0.3474,0.3134,4.0695,0.7003,6.5676,7.7106,0.0308,0.0251,0.87,0.2111,3.53,1.2142,1.0742,0.0716,0.9095,0.1463,0.2664,0.1714,3.9278,0.4243,7.2755,5.7155,0.0267,0.0187,0.99,0.0316,3.7576,1.2339,1.0553,0.0381,0.9909,0.0287
3.52,3.0,2.0,5.0,1.4907,5.0,1.3333,1.2303,0.5604,11.3799,1.7851,9.0425,7.3827,0.118,0.0533,0.78,0.0919,10.4501,3.9923,1.0928,0.0402,0.822,0.0613,1.1235,0.4721,11.2462,1.8064,9.1511,7.9655,0.0995,0.0341,10.2581,3.9809,1.0844,0.0306,0.6667,0.0,1.1737,0.4813,11.2529,1.8145,9.3264,8.2667,0.1038,0.0335,0.7,0.1155,10.5638,4.1842,1.0883,0.032,0.7748,0.0699,4.3,2.5408,1.2604,0.5758,11.3228,1.2733,9.3944,5.9148,0.1383,0.0667,0.51,0.0316,10.8572,3.8277,1.0954,0.0413,0.6714,0.0151,3.7,1.1595,2.55,2.5825,1.2655,0.7929,11.3463,1.5549,9.3201,6.7609,0.1451,0.1061,0.69,0.2079,10.688,3.8228,1.0954,0.0608,0.7702,0.1275,0.9953,0.4722,11.3301,1.682,8.295,7.7935,0.0935,0.0333,0.61,0.1912,10.3242,4.2819,1.0737,0.0315,0.7345,0.1222,1.35,0.735,11.1754,1.4813,10.3507,7.9175,0.1538,0.0844,0.88,0.0789,11.3625,3.6041,1.1024,0.0554,0.8792,0.08
6.0,2.8,2.5734,3.5,1.2693,3.8,1.7512,3.1862,1.4388,33.4574,5.8548,7.9566,8.2551,0.2751,0.0941,0.68,0.1229,29.6334,11.5747,1.082,0.034,0.6939,0.1614,2.5765,1.1956,33.1661,4.8392,7.5144,7.6832,0.189,0.0683,29.3384,11.3925,1.0651,0.0247,0.6667,0.0,2.7321,1.1627,33.1799,5.3701,7.7114,8.1384,0.2145,0.0668,0.6,0.1247,29.345,11.466,1.0693,0.0246,0.7025,0.0713,2.6,2.675,3.3782,1.4804,33.4181,4.1207,8.278,6.356,0.3109,0.1485,0.55,0.085,31.4266,12.1623,1.0874,0.0355,0.6919,0.0434,2.5,0.9718,2.73,2.4153,3.7636,1.3543,33.0233,4.8119,9.3616,6.9229,0.3879,0.1745,0.6,0.1333,31.0013,12.7122,1.0979,0.0342,0.6653,0.0942,2.5807,1.3042,33.8527,4.8949,6.5667,7.5804,0.2007,0.0976,0.59,0.1197,28.6727,12.1291,1.065,0.0291,0.6929,0.0949,4.1831,1.5448,32.9087,5.1839,10.1033,7.5219,0.4354,0.1349,0.72,0.0919,31.3924,12.2031,1.1098,0.0414,0.6564,0.1634
