,best_m,best_m,best_k,best_k,best_k_original_gs,best_k_original_gs,best_m_base,best_m_base,insample_lasso,insample_lasso,mse_lasso,mse_lasso,df_lasso,df_lasso,coef_recovery_lasso,coef_recovery_lasso,support_recovery_lasso,support_recovery_lasso,outsample_mse_lasso,outsample_mse_lasso,rte_lasso,rte_lasso,f_score_lasso,f_score_lasso,insample_ridge,insample_ridge,mse_ridge,mse_ridge,df_ridge,df_ridge,coef_recovery_ridge,coef_recovery_ridge,outsample_mse_ridge,outsample_mse_ridge,rte_ridge,rte_ridge,f_score_ridge,f_score_ridge,insample_elastic,insample_elastic,mse_elastic,mse_elastic,df_elastic,df_elastic,coef_recovery_elastic,coef_recovery_elastic,support_recovery_elastic,support_recovery_elastic,outsample_mse_elastic,outsample_mse_elastic,rte_elastic,rte_elastic,f_score_elastic,f_score_elastic,best_k_bagged_gs,best_k_bagged_gs,insample_bagged_gs,insample_bagged_gs,mse_bagged_gs,mse_bagged_gs,df_bagged_gs,df_bagged_gs,coef_recovery_bagged_gs,coef_recovery_bagged_gs,support_recovery_bagged_gs,support_recovery_bagged_gs,outsample_mse_bagged_gs,outsample_mse_bagged_gs,rte_bagged_gs,rte_bagged_gs,f_score_bagged_gs,f_score_bagged_gs,best_k_smeared_gs,best_k_smeared_gs,best_noise_scale,best_noise_scale,insample_smeared_gs,insample_smeared_gs,mse_smeared_gs,mse_smeared_gs,df_smeared_gs,df_smeared_gs,coef_recovery_smeared_gs,coef_recovery_smeared_gs,support_recovery_smeared_gs,support_recovery_smeared_gs,outsample_mse_smeared_gs,outsample_mse_smeared_gs,rte_smeared_gs,rte_smeared_gs,f_score_smeared_gs,f_score_smeared_gs,insample_rgs,insample_rgs,mse_rgs,mse_rgs,df_rgs,df_rgs,coef_recovery_rgs,coef_recovery_rgs,support_recovery_rgs,support_recovery_rgs,outsample_mse_rgs,outsample_mse_rgs,rte_rgs,rte_rgs,f_score_rgs,f_score_rgs,insample_original_gs,insample_original_gs,mse_original_gs,mse_original_gs,df_original_gs,df_original_gs,coef_recovery_original_gs,coef_recovery_original_gs,support_recovery_original_gs,support_recovery_original_gs,outsample_mse_original_gs,outsample_mse_original_gs,rte_original_gs,rte_original_gs,f_score_original_gs,f_score_original_gs,insample_base_rgs,insample_base_rgs,mse_base_rgs,mse_base_rgs,df_base_rgs,df_base_rgs,coef_recovery_base_rgs,coef_recovery_base_rgs,support_recovery_base_rgs,support_recovery_base_rgs,outsample_mse_base_rgs,outsample_mse_base_rgs,insample_base_gs,insample_base_gs,mse_base_gs,mse_base_gs,df_base_gs,df_base_gs,coef_recovery_base_gs,coef_recovery_base_gs,support_recovery_base_gs,support_recovery_base_gs,outsample_mse_base_gs,outsample_mse_base_gs
,mean,std,mean,std,mean,std,mean,std,mean,std,mean,std,mean,std,mean,std,mean,std,mean,std,mean,std,mean,std,mean,std,mean,std,mean,std,mean,std,mean,std,mean,std,mean,std,mean,std,mean,std,mean,std,mean,std,mean,std,mean,std,mean,std,mean,std,mean,std,mean,std,mean,std,mean,std,mean,std,mean,std,mean,std,mean,std,mean,std,mean,std,mean,std,mean,std,mean,std,mean,std,mean,std,mean,std,mean,std,mean,std,mean,std,mean,std,mean,std,mean,std,mean,std,mean,std,mean,std,mean,std,mean,std,mean,std,mean,std,mean,std,mean,std,mean,std,mean,std,mean,std,mean,std,mean,std,mean,std,mean,std,mean,std,mean,std,mean,std,mean,std,mean,std,mean,std,mean,std,mean,std,mean,std
sigma,,,,,,,,,,,,,,,,,,,,,,,,,,,,,,,,,,,,,,,,,,,,,,,,,,,,,,,,,,,,,,,,,,,,,,,,,,,,,,,,,,,,,,,,,,,,,,,,,,,,,,,,,,,,,,,,,,,,,,,,,,,,,,,,,,,,,,,,,,,,,,,,,,,,
3.1622776601683795,200.0,0.0,10.4,0.5477,10.4,0.5477,200.0,0.0,0.304,0.076,9.5476,0.3775,37.7797,18.7891,0.0013,0.0002,0.91,0.0544,11.0639,0.7747,1.0302,0.0075,0.5564,0.1337,1.9545,0.0882,7.8161,0.2392,206.7159,11.2348,0.0168,0.0004,13.5413,1.6202,1.2023,0.0065,0.0952,0.0,0.304,0.076,9.5476,0.3775,37.7797,18.7891,0.0013,0.0002,0.91,0.0544,11.0639,0.7747,1.0302,0.0075,0.5564,0.1337,10.4,0.5477,0.091,0.0285,9.6839,0.2934,20.3359,15.257,0.0006,0.0002,0.824,0.1805,10.7998,0.7441,1.0087,0.0026,0.5053,0.2782,10.4,0.5477,1.4,0.8216,0.1084,0.0634,9.7031,0.2865,20.2441,15.8963,0.0007,0.0003,0.966,0.0733,10.811,0.7573,1.0104,0.0059,0.8659,0.2739,0.1215,0.0679,9.7125,0.2904,20.4286,15.6886,0.0007,0.0004,0.998,0.0027,10.8327,0.75,1.0118,0.0068,0.981,0.0261,0.1215,0.0679,9.7125,0.2904,20.4286,15.6886,0.0007,0.0004,0.998,0.0027,10.8327,0.75,1.0118,0.0068,0.981,0.0261,0.0808,0.0169,9.7532,0.2868,16.3651,14.6348,0.0005,0.0001,1.0,0.0,10.8101,0.7469,0.0808,0.0169,9.7532,0.2868,16.3651,14.6348,0.0357,0.0007,0.975,0.0,10.8101,0.7469
3.872983346207417,200.0,0.0,10.4,0.5477,10.4,0.5477,200.0,0.0,0.4534,0.1145,14.3167,0.5234,37.8521,17.3656,0.0019,0.0003,0.908,0.0544,16.5922,1.1628,1.03,0.0075,0.5508,0.135,2.9308,0.1325,11.7239,0.3588,206.6895,11.2439,0.0252,0.0006,20.3105,2.4293,1.2022,0.0065,0.0952,0.0,0.4534,0.1145,14.3167,0.5234,37.8521,17.3656,0.0019,0.0003,0.908,0.0544,16.5922,1.1628,1.03,0.0075,0.5508,0.135,11.2,0.4472,0.1797,0.0552,14.3229,0.4265,28.5332,14.6937,0.0012,0.0004,0.533,0.1136,16.2543,1.1283,1.0116,0.0034,0.1809,0.0286,10.4,0.5477,1.0,0.6124,0.1645,0.0943,14.5558,0.4299,20.2712,15.8566,0.001,0.0005,0.976,0.0509,16.2201,1.1344,1.0106,0.0059,0.8835,0.2348,0.1823,0.1019,14.5688,0.4356,20.4286,15.6886,0.0011,0.0006,0.998,0.0027,16.249,1.125,1.0118,0.0068,0.981,0.0261,0.1823,0.1019,14.5688,0.4356,20.4286,15.6886,0.0011,0.0006,0.998,0.0027,16.249,1.125,1.0118,0.0068,0.981,0.0261,0.1212,0.0254,14.6298,0.4302,16.3651,14.6348,0.0008,0.0002,1.0,0.0,16.2151,1.1204,0.1212,0.0254,14.6298,0.4302,16.3651,14.6348,0.0357,0.001,0.975,0.0,16.2151,1.1204
4.830458915396479,200.0,0.0,10.4,0.5477,10.4,0.5477,200.0,0.0,0.7038,0.1744,22.2996,0.8453,37.1956,17.9303,0.0029,0.0005,0.911,0.0534,25.8065,1.8051,1.03,0.0073,0.5573,0.1268,4.5577,0.2064,18.237,0.5582,206.6663,11.2521,0.0391,0.0009,31.5922,3.7776,1.2022,0.0065,0.0952,0.0,0.7038,0.1744,22.2996,0.8453,37.1956,17.9303,0.0029,0.0005,0.911,0.0534,25.8065,1.8051,1.03,0.0073,0.5573,0.1268,10.6,1.1402,0.4475,0.1298,22.218,0.7418,33.4577,15.7956,0.0033,0.0011,0.472,0.1598,25.4522,1.7673,1.0189,0.0054,0.1676,0.0416,10.4,0.5477,0.6,0.2236,0.2743,0.1551,22.6577,0.6751,20.336,15.8124,0.0017,0.0008,0.994,0.0108,25.256,1.7429,1.0115,0.0064,0.9505,0.0866,0.2835,0.1585,22.6626,0.6775,20.4286,15.6886,0.0017,0.0009,0.998,0.0027,25.2762,1.75,1.0118,0.0068,0.981,0.0261,0.2835,0.1585,22.6626,0.6775,20.4286,15.6886,0.0017,0.0009,0.998,0.0027,25.2762,1.75,1.0118,0.0068,0.981,0.0261,0.3329,0.3611,22.7531,0.6726,19.5481,18.6516,0.0025,0.003,0.998,0.0045,25.305,1.8239,0.3329,0.3611,22.7531,0.6726,19.5481,18.6516,0.0361,0.001,0.9748,0.0004,25.305,1.8239
6.324555320336759,26.4,9.5026,13.8,2.1679,9.8,1.9235,63.6,76.5265,1.2171,0.2926,38.1929,1.4646,37.7659,18.4919,0.0051,0.001,0.91,0.0544,44.2403,3.0694,1.0302,0.0072,0.5564,0.1337,7.8112,0.3543,31.2631,0.9568,206.6441,11.26,0.0671,0.0015,54.1551,6.4738,1.2021,0.0065,0.0952,0.0,1.2163,0.2927,38.2127,1.424,37.5084,17.9787,0.005,0.0009,0.91,0.0544,44.2463,3.0624,1.0302,0.0072,0.5564,0.1337,7.4,1.1402,1.1232,0.3075,38.6454,1.3031,30.9418,14.9577,0.0091,0.0026,0.612,0.1152,44.1808,3.2723,1.0278,0.0075,0.2138,0.0478,10.0,2.0,1.8,0.4472,1.0867,0.3076,38.6631,1.4922,30.2656,18.0801,0.0084,0.0037,0.937,0.0337,44.0521,2.8374,1.0269,0.0077,0.6336,0.1238,1.7181,0.4284,37.9124,0.9992,47.5235,15.0678,0.0074,0.002,0.791,0.0788,45.4403,3.323,1.0428,0.0102,0.3375,0.0688,1.2823,0.3769,39.0488,1.3928,27.8911,18.163,0.0105,0.0045,0.989,0.0042,44.072,2.3713,1.0316,0.0094,0.8896,0.0391,1.9203,0.4839,39.0543,1.2337,35.7889,12.0972,0.0083,0.0012,0.871,0.0718,44.9263,2.2211,0.8607,0.5212,38.9094,1.1329,24.3676,11.7663,0.0372,0.001,0.9739,0.0012,44.0732,2.8466
9.486832980505138,21.2,4.0249,10.4,2.0736,5.8,2.1679,30.8,7.1204,2.7802,0.7394,86.0715,3.3668,37.2337,18.6354,0.0114,0.0022,0.915,0.0573,99.5893,6.98,1.0307,0.008,0.5726,0.1442,17.5703,0.7983,70.3414,2.1529,206.6201,11.2687,0.1509,0.0033,121.8423,14.5609,1.2021,0.0065,0.0952,0.0,2.9001,0.7239,85.5052,3.5949,41.0418,21.3333,0.0105,0.0023,0.869,0.0608,99.6437,6.7539,1.0321,0.0077,0.4615,0.1399,5.6,1.3416,2.553,0.6531,86.96,3.1068,31.0411,14.7256,0.0174,0.0038,0.57,0.2066,99.2333,7.5226,1.0281,0.0073,0.2113,0.0732,5.4,1.6733,2.0,0.0,4.3655,0.8664,89.1021,2.8003,29.2121,14.6439,0.0373,0.0066,0.973,0.0244,101.1624,7.937,1.0484,0.0098,0.7643,0.1252,2.9237,0.7927,85.8045,2.872,39.5118,15.3799,0.0109,0.0019,0.8,0.0549,99.2151,7.6044,1.0323,0.009,0.341,0.0524,5.1175,1.2345,89.5731,3.0726,30.7715,14.4056,0.0439,0.0133,0.971,0.0042,101.3822,7.2716,1.0568,0.0139,0.6238,0.0911,3.1201,0.999,85.7614,2.4041,40.8411,11.0295,0.0137,0.005,0.859,0.039,99.5311,7.7777,4.2033,0.9763,86.6086,2.3956,42.1504,9.3042,0.0464,0.0038,0.9672,0.0018,100.6839,6.4294
