,best_m,best_m,best_k,best_k,best_k_original_gs,best_k_original_gs,best_m_base,best_m_base,insample_lasso,insample_lasso,mse_lasso,mse_lasso,df_lasso,df_lasso,coef_recovery_lasso,coef_recovery_lasso,support_recovery_lasso,support_recovery_lasso,outsample_mse_lasso,outsample_mse_lasso,rte_lasso,rte_lasso,f_score_lasso,f_score_lasso,insample_ridge,insample_ridge,mse_ridge,mse_ridge,df_ridge,df_ridge,coef_recovery_ridge,coef_recovery_ridge,outsample_mse_ridge,outsample_mse_ridge,rte_ridge,rte_ridge,f_score_ridge,f_score_ridge,insample_elastic,insample_elastic,mse_elastic,mse_elastic,df_elastic,df_elastic,coef_recovery_elastic,coef_recovery_elastic,support_recovery_elastic,support_recovery_elastic,outsample_mse_elastic,outsample_mse_elastic,rte_elastic,rte_elastic,f_score_elastic,f_score_elastic,best_k_bagged_gs,best_k_bagged_gs,insample_bagged_gs,insample_bagged_gs,mse_bagged_gs,mse_bagged_gs,df_bagged_gs,df_bagged_gs,coef_recovery_bagged_gs,coef_recovery_bagged_gs,support_recovery_bagged_gs,support_recovery_bagged_gs,outsample_mse_bagged_gs,outsample_mse_bagged_gs,rte_bagged_gs,rte_bagged_gs,f_score_bagged_gs,f_score_bagged_gs,best_k_smeared_gs,best_k_smeared_gs,best_noise_scale,best_noise_scale,insample_smeared_gs,insample_smeared_gs,mse_smeared_gs,mse_smeared_gs,df_smeared_gs,df_smeared_gs,coef_recovery_smeared_gs,coef_recovery_smeared_gs,support_recovery_smeared_gs,support_recovery_smeared_gs,outsample_mse_smeared_gs,outsample_mse_smeared_gs,rte_smeared_gs,rte_smeared_gs,f_score_smeared_gs,f_score_smeared_gs,insample_rgs,insample_rgs,mse_rgs,mse_rgs,df_rgs,df_rgs,coef_recovery_rgs,coef_recovery_rgs,support_recovery_rgs,support_recovery_rgs,outsample_mse_rgs,outsample_mse_rgs,rte_rgs,rte_rgs,f_score_rgs,f_score_rgs,insample_original_gs,insample_original_gs,mse_original_gs,mse_original_gs,df_original_gs,df_original_gs,coef_recovery_original_gs,coef_recovery_original_gs,support_recovery_original_gs,support_recovery_original_gs,outsample_mse_original_gs,outsample_mse_original_gs,rte_original_gs,rte_original_gs,f_score_original_gs,f_score_original_gs,insample_base_rgs,insample_base_rgs,mse_base_rgs,mse_base_rgs,df_base_rgs,df_base_rgs,coef_recovery_base_rgs,coef_recovery_base_rgs,support_recovery_base_rgs,support_recovery_base_rgs,outsample_mse_base_rgs,outsample_mse_base_rgs,insample_base_gs,insample_base_gs,mse_base_gs,mse_base_gs,df_base_gs,df_base_gs,coef_recovery_base_gs,coef_recovery_base_gs,support_recovery_base_gs,support_recovery_base_gs,outsample_mse_base_gs,outsample_mse_base_gs
,mean,std,mean,std,mean,std,mean,std,mean,std,mean,std,mean,std,mean,std,mean,std,mean,std,mean,std,mean,std,mean,std,mean,std,mean,std,mean,std,mean,std,mean,std,mean,std,mean,std,mean,std,mean,std,mean,std,mean,std,mean,std,mean,std,mean,std,mean,std,mean,std,mean,std,mean,std,mean,std,mean,std,mean,std,mean,std,mean,std,mean,std,mean,std,mean,std,mean,std,mean,std,mean,std,mean,std,mean,std,mean,std,mean,std,mean,std,mean,std,mean,std,mean,std,mean,std,mean,std,mean,std,mean,std,mean,std,mean,std,mean,std,mean,std,mean,std,mean,std,mean,std,mean,std,mean,std,mean,std,mean,std,mean,std,mean,std,mean,std,mean,std,mean,std,mean,std,mean,std,mean,std,mean,std
sigma,,,,,,,,,,,,,,,,,,,,,,,,,,,,,,,,,,,,,,,,,,,,,,,,,,,,,,,,,,,,,,,,,,,,,,,,,,,,,,,,,,,,,,,,,,,,,,,,,,,,,,,,,,,,,,,,,,,,,,,,,,,,,,,,,,,,,,,,,,,,,,,,,,,,
3.1622776601683795,56.6,45.8965,11.5,3.2745,11.0,3.2318,65.5,44.5851,0.4569,0.0872,10.0323,0.5087,21.205,23.3019,0.0345,0.0022,0.907,0.0455,10.8603,1.712,1.8429,0.0605,0.6968,0.1032,1.1483,0.1235,9.1877,0.426,97.9347,20.3946,0.0421,0.0028,11.7677,1.6489,1.757,0.0432,0.1818,0.0,0.4575,0.0887,10.0232,0.4793,21.6915,22.216,0.0346,0.0023,0.893,0.0422,10.8486,1.6988,1.8472,0.0626,0.6628,0.0925,8.3,1.567,0.4881,0.0729,9.9791,0.4638,25.4234,22.3597,0.0332,0.0019,0.426,0.152,10.8967,1.6793,1.7456,0.0404,0.2668,0.048,10.8,2.2509,0.8,0.483,0.495,0.1258,9.9666,0.5204,26.3938,25.8276,0.0307,0.003,0.883,0.1749,10.9323,1.8128,1.703,0.0525,0.72,0.1986,0.6137,0.1124,10.0041,0.5253,30.4478,24.9799,0.0353,0.0028,0.796,0.2083,11.0136,1.7671,1.791,0.0904,0.6151,0.2781,0.566,0.1483,10.0052,0.5231,28.0156,25.1397,0.0319,0.0029,0.97,0.0194,11.0931,1.7502,1.7125,0.044,0.8636,0.0631,0.5289,0.1664,10.0672,0.4676,23.062,22.6376,0.0335,0.0055,0.871,0.1497,10.8676,1.7479,0.4827,0.1628,10.0587,0.4544,21.1828,22.9819,0.0584,0.0007,0.9475,0.0021,10.8807,1.8609
3.872983346207417,45.4,47.0631,11.6,3.7476,9.4,3.2728,39.1,42.0805,0.5931,0.1355,14.9753,0.7597,20.5708,23.0794,0.0375,0.0028,0.911,0.042,16.1893,2.5324,1.597,0.051,0.7047,0.0977,1.6368,0.185,13.7049,0.6348,97.6307,20.3397,0.0503,0.004,17.5382,2.4769,1.5381,0.037,0.1818,0.0,0.5967,0.1395,14.958,0.7125,21.2677,22.1438,0.0376,0.0029,0.886,0.0572,16.1642,2.5047,1.6045,0.0545,0.6546,0.109,7.2,1.3166,0.6164,0.1064,14.8856,0.7057,24.336,22.4757,0.0363,0.0023,0.388,0.1527,16.183,2.4852,1.5268,0.037,0.2542,0.0471,9.0,2.357,1.3,0.7528,0.722,0.1378,14.939,0.7213,26.0755,24.6388,0.0364,0.0036,0.879,0.1184,16.3756,2.5282,1.5033,0.0274,0.682,0.2019,0.7621,0.169,14.9264,0.693,27.8305,20.6848,0.0386,0.0038,0.715,0.2478,16.3813,2.5205,1.5778,0.0969,0.5245,0.2718,0.7866,0.2226,15.0095,0.6978,25.8768,24.9294,0.0371,0.0038,0.962,0.022,16.4463,2.4982,1.5043,0.0339,0.8121,0.0765,0.6628,0.1421,14.9573,0.7069,23.4922,20.9993,0.0375,0.0037,0.785,0.1352,16.2939,2.4282,0.7315,0.1745,14.9445,0.6818,26.2079,24.3934,0.0596,0.0013,0.9436,0.0031,16.3933,2.6988
4.830458915396479,37.1,38.2868,9.5,3.0277,8.6,3.2042,16.6,17.4369,0.8146,0.2018,23.2137,1.1775,20.0002,23.142,0.0417,0.0036,0.909,0.0428,25.0432,3.8706,1.4153,0.043,0.6943,0.1058,2.4508,0.2874,21.236,0.9827,97.3626,20.3093,0.0639,0.0059,27.1551,3.8637,1.3815,0.0316,0.1818,0.0,0.8143,0.2004,23.1887,1.0968,20.5284,21.8562,0.0417,0.0035,0.877,0.0579,24.9868,3.8485,1.4222,0.046,0.6344,0.1139,6.0,1.3333,0.8116,0.1713,23.1004,1.1561,22.3609,23.1374,0.0404,0.0034,0.442,0.1955,24.9791,3.8191,1.3674,0.0379,0.2837,0.0888,7.6,1.8379,1.35,0.7091,1.0115,0.2416,23.1771,0.9759,24.9998,21.5207,0.0433,0.0038,0.893,0.0839,25.224,3.7012,1.3509,0.0272,0.6627,0.1483,1.0142,0.2151,23.1886,1.024,24.8096,21.1054,0.0451,0.0054,0.75,0.1969,25.1586,3.6677,1.4111,0.0538,0.5038,0.1991,1.2109,0.3015,23.2362,1.0771,28.0017,24.3908,0.0466,0.0049,0.944,0.0158,25.5634,3.5821,1.3556,0.0289,0.7006,0.0551,0.8227,0.201,23.102,1.0228,22.5646,20.9321,0.0407,0.0039,0.702,0.1062,25.3332,3.775,1.0487,0.2949,23.0687,1.0598,28.115,22.994,0.0622,0.0019,0.9382,0.0049,25.315,4.094
6.324555320336759,32.6,39.8001,9.7,3.5606,6.6,3.6878,9.9,3.604,1.211,0.323,39.7566,2.0218,18.1612,23.363,0.0483,0.0047,0.917,0.0362,42.6635,6.4973,1.2731,0.0344,0.6931,0.0889,4.0787,0.4922,36.3024,1.6784,97.1064,20.2961,0.0911,0.0098,46.3879,6.6498,1.2639,0.0265,0.1818,0.0,1.198,0.2946,39.6457,1.9139,19.3841,22.4938,0.0478,0.0041,0.861,0.0775,42.6316,6.543,1.2775,0.0332,0.6006,0.125,5.1,0.9944,1.145,0.2756,39.4336,1.8585,21.3716,22.0909,0.046,0.0043,0.381,0.1163,42.5908,6.4758,1.2379,0.0293,0.2484,0.0332,5.5,1.7795,1.6,0.6583,1.6589,0.4333,39.8947,1.9666,22.0311,23.8266,0.0553,0.0073,0.933,0.0374,43.205,6.295,1.2434,0.0421,0.7047,0.1114,1.3357,0.24,39.3817,1.9035,24.4007,22.5758,0.0488,0.0048,0.684,0.1911,42.9875,6.4124,1.2573,0.0435,0.4285,0.1763,2.082,0.637,39.9772,2.0855,26.2831,26.8671,0.0613,0.0081,0.928,0.023,43.6587,6.0004,1.2524,0.0448,0.5675,0.0777,1.1893,0.291,39.276,1.7315,23.8931,21.3478,0.0466,0.0035,0.611,0.0717,42.8119,6.765,1.8178,0.4619,39.2437,1.8118,32.1431,23.4839,0.067,0.003,0.9291,0.0054,43.8118,6.3879
9.486832980505138,30.9,32.2265,7.0,4.7842,4.1,1.912,8.0,3.0551,2.1419,0.6165,89.4783,4.5353,14.783,23.3831,0.0606,0.0067,0.909,0.0348,95.1829,14.4887,1.1493,0.0251,0.6334,0.0821,8.9622,1.1059,81.5153,3.765,96.8303,20.2992,0.1723,0.0212,104.083,15.0473,1.1721,0.0212,0.1818,0.0,2.1459,0.599,88.6529,4.2508,19.386,22.2366,0.0591,0.0058,0.708,0.2027,95.3574,14.6837,1.1506,0.0242,0.4409,0.1763,3.4,0.8433,2.0244,0.4933,88.9416,4.4593,17.1094,23.1219,0.0587,0.0061,0.457,0.1317,95.0488,14.5281,1.1324,0.0197,0.2691,0.0537,3.7,1.767,1.85,0.4743,3.1215,0.7526,90.0182,4.4588,17.2233,26.1395,0.0771,0.0084,0.918,0.0244,96.8075,15.6641,1.14,0.0232,0.5495,0.1323,2.3804,0.7226,89.024,4.7622,18.6283,23.7984,0.0633,0.0103,0.731,0.2327,96.221,13.7324,1.1462,0.0224,0.4768,0.2022,3.4486,0.8667,90.0691,4.582,18.756,26.8657,0.0803,0.0115,0.921,0.012,97.2643,15.5822,1.1414,0.0295,0.4329,0.0974,2.0439,0.4836,87.7829,4.1945,23.649,22.4545,0.0559,0.0057,0.559,0.0739,95.6968,14.1724,4.1648,0.8998,87.6182,4.0643,36.3337,23.068,0.0831,0.0075,0.912,0.0071,98.2941,14.1931
