,best_m,best_m,best_k,best_k,best_k_original_gs,best_k_original_gs,insample_lasso,insample_lasso,mse_lasso,mse_lasso,df_lasso,df_lasso,coef_recovery_lasso,coef_recovery_lasso,support_recovery_lasso,support_recovery_lasso,outsample_mse_lasso,outsample_mse_lasso,rte_lasso,rte_lasso,f_score_lasso,f_score_lasso,insample_ridge,insample_ridge,mse_ridge,mse_ridge,df_ridge,df_ridge,coef_recovery_ridge,coef_recovery_ridge,outsample_mse_ridge,outsample_mse_ridge,rte_ridge,rte_ridge,f_score_ridge,f_score_ridge,insample_elastic,insample_elastic,mse_elastic,mse_elastic,df_elastic,df_elastic,coef_recovery_elastic,coef_recovery_elastic,support_recovery_elastic,support_recovery_elastic,outsample_mse_elastic,outsample_mse_elastic,rte_elastic,rte_elastic,f_score_elastic,f_score_elastic,best_k_bagged_gs,best_k_bagged_gs,insample_bagged_gs,insample_bagged_gs,mse_bagged_gs,mse_bagged_gs,df_bagged_gs,df_bagged_gs,coef_recovery_bagged_gs,coef_recovery_bagged_gs,support_recovery_bagged_gs,support_recovery_bagged_gs,outsample_mse_bagged_gs,outsample_mse_bagged_gs,rte_bagged_gs,rte_bagged_gs,f_score_bagged_gs,f_score_bagged_gs,best_k_smeared_gs,best_k_smeared_gs,best_noise_scale,best_noise_scale,insample_smeared_gs,insample_smeared_gs,mse_smeared_gs,mse_smeared_gs,df_smeared_gs,df_smeared_gs,coef_recovery_smeared_gs,coef_recovery_smeared_gs,support_recovery_smeared_gs,support_recovery_smeared_gs,outsample_mse_smeared_gs,outsample_mse_smeared_gs,rte_smeared_gs,rte_smeared_gs,f_score_smeared_gs,f_score_smeared_gs,insample_rgs,insample_rgs,mse_rgs,mse_rgs,df_rgs,df_rgs,coef_recovery_rgs,coef_recovery_rgs,support_recovery_rgs,support_recovery_rgs,outsample_mse_rgs,outsample_mse_rgs,rte_rgs,rte_rgs,f_score_rgs,f_score_rgs,insample_original_gs,insample_original_gs,mse_original_gs,mse_original_gs,df_original_gs,df_original_gs,coef_recovery_original_gs,coef_recovery_original_gs,support_recovery_original_gs,support_recovery_original_gs,outsample_mse_original_gs,outsample_mse_original_gs,rte_original_gs,rte_original_gs,f_score_original_gs,f_score_original_gs
,mean,std,mean,std,mean,std,mean,std,mean,std,mean,std,mean,std,mean,std,mean,std,mean,std,mean,std,mean,std,mean,std,mean,std,mean,std,mean,std,mean,std,mean,std,mean,std,mean,std,mean,std,mean,std,mean,std,mean,std,mean,std,mean,std,mean,std,mean,std,mean,std,mean,std,mean,std,mean,std,mean,std,mean,std,mean,std,mean,std,mean,std,mean,std,mean,std,mean,std,mean,std,mean,std,mean,std,mean,std,mean,std,mean,std,mean,std,mean,std,mean,std,mean,std,mean,std,mean,std,mean,std,mean,std,mean,std,mean,std,mean,std,mean,std,mean,std,mean,std,mean,std
sigma,,,,,,,,,,,,,,,,,,,,,,,,,,,,,,,,,,,,,,,,,,,,,,,,,,,,,,,,,,,,,,,,,,,,,,,,,,,,,,,,,,,,,,,,,,,,,,,,,,,,,,,,,,,,,,,,,,,,,,,,,,
3.1622776601683795,800.0,0.0,10.2,0.4472,10.2,0.4472,0.328,0.0822,9.5711,0.3527,37.8491,15.4647,0.0004,0.0001,0.9665,0.0134,9.6301,1.2112,1.0327,0.0086,0.4474,0.1103,7.5184,0.1949,2.1748,0.1545,767.1797,12.0065,0.017,0.0004,18.1497,2.0419,1.8289,0.0239,0.0247,0.0,0.328,0.0822,9.5711,0.3527,37.8491,15.4647,0.0004,0.0001,0.9665,0.0134,9.6301,1.2112,1.0327,0.0086,0.4474,0.1103,10.8,0.8367,0.1155,0.0455,9.691,0.1192,21.225,5.3091,0.0002,0.0001,0.8642,0.1071,9.3675,1.1802,1.0111,0.0043,0.2447,0.1792,10.2,0.4472,0.9,0.2236,0.1254,0.0788,9.8399,0.1926,14.2762,7.309,0.0002,0.0001,0.9995,0.0011,9.3746,1.1391,1.0122,0.008,0.9818,0.0407,0.125,0.0791,9.84,0.1928,14.2519,7.3404,0.0002,0.0001,0.9998,0.0006,9.3747,1.1388,1.0122,0.008,0.9905,0.0213,0.125,0.0791,9.84,0.1928,14.2519,7.3404,0.0002,0.0001,0.9998,0.0006,9.3747,1.1388,1.0122,0.008,0.9905,0.0213
3.872983346207417,800.0,0.0,10.2,0.4472,10.2,0.4472,0.4892,0.1279,14.4083,0.5118,36.0275,14.8583,0.0006,0.0002,0.9688,0.013,14.45,1.799,1.0325,0.0089,0.4648,0.1111,11.2776,0.2926,3.262,0.2317,767.1865,12.0186,0.0255,0.0006,27.2227,3.0615,1.8289,0.0239,0.0247,0.0,0.4892,0.1279,14.4083,0.5118,36.0275,14.8583,0.0006,0.0002,0.9688,0.013,14.45,1.799,1.0325,0.0089,0.4648,0.1111,11.8,1.0954,0.2604,0.0985,14.197,0.214,35.4471,4.1774,0.0005,0.0002,0.7213,0.0924,14.0871,1.7827,1.017,0.0064,0.0901,0.0335,10.2,0.4472,0.5,0.0,0.1879,0.1188,14.76,0.2892,14.2657,7.3223,0.0003,0.0002,0.9998,0.0006,14.0626,1.7081,1.0122,0.008,0.9905,0.0213,0.1875,0.1186,14.76,0.2892,14.2519,7.3404,0.0003,0.0002,0.9998,0.0006,14.062,1.7082,1.0122,0.008,0.9905,0.0213,0.1875,0.1186,14.76,0.2892,14.2519,7.3404,0.0003,0.0002,0.9998,0.0006,14.062,1.7082,1.0122,0.008,0.9905,0.0213
4.830458915396479,447.4,224.8573,10.6,1.1402,10.2,1.0954,0.7577,0.199,22.4098,0.7866,36.0273,14.7964,0.0009,0.0002,0.9688,0.0112,22.4717,2.7945,1.0324,0.0089,0.46,0.099,17.543,0.4554,5.074,0.3604,767.1924,12.0294,0.0397,0.001,42.3439,4.7605,1.8289,0.024,0.0247,0.0,0.7577,0.199,22.4098,0.7866,36.0273,14.7964,0.0009,0.0002,0.9688,0.0112,22.4717,2.7945,1.0324,0.0089,0.46,0.099,10.8,1.9235,0.6928,0.3034,22.0513,0.3078,42.3185,2.0073,0.0015,0.0007,0.684,0.131,22.0435,2.7243,1.0294,0.0127,0.0837,0.0362,10.2,1.0954,0.6,0.2236,0.4269,0.311,22.9494,0.4177,17.3748,4.1681,0.0009,0.0008,0.9978,0.0031,21.9445,2.5578,1.018,0.0136,0.9251,0.0952,0.6182,0.2428,22.6346,0.6344,28.2212,9.3147,0.0012,0.0007,0.9875,0.0096,22.0965,2.9809,1.0262,0.0107,0.7016,0.1776,0.4447,0.3354,22.9698,0.4381,17.3185,4.2005,0.0009,0.0008,0.9992,0.0011,22.0098,2.5331,1.0188,0.0147,0.9713,0.0416
6.324555320336759,271.4,66.2744,8.2,1.6432,8.0,1.5811,1.3095,0.3191,38.2764,1.3045,37.9147,13.8249,0.0015,0.0004,0.9662,0.0128,38.5327,4.8946,1.0326,0.0084,0.4427,0.0992,30.0738,0.7813,8.698,0.6179,767.1981,12.0399,0.068,0.0017,72.5854,8.1579,1.8289,0.024,0.0247,0.0,1.3095,0.3191,38.2764,1.3045,37.9147,13.8249,0.0015,0.0004,0.9662,0.0128,38.5327,4.8946,1.0326,0.0084,0.4427,0.0992,8.0,1.8708,1.3346,0.6269,38.414,1.0721,36.5074,10.8837,0.0029,0.0015,0.74,0.1208,37.9119,4.7225,1.033,0.0155,0.1033,0.0478,8.2,1.7889,1.5,0.7071,1.6967,0.7326,39.6335,1.0013,25.7903,6.846,0.004,0.0019,0.993,0.0058,38.3261,4.6867,1.0424,0.0185,0.7971,0.1461,1.1,0.3442,39.1293,1.1413,24.6331,13.5784,0.002,0.0007,0.985,0.0039,38.0276,4.6179,1.0272,0.0083,0.6301,0.0661,1.766,1.0996,40.0753,0.9038,21.1338,9.4057,0.0043,0.0028,0.997,0.0023,38.2674,4.8746,1.0442,0.0281,0.8597,0.1089
9.486832980505138,231.0,72.253,6.4,0.8944,5.2,0.8367,2.8939,0.746,86.162,2.6384,37.3996,13.1506,0.0033,0.001,0.966,0.0093,86.4731,10.7641,1.032,0.0087,0.4319,0.0651,67.6666,1.7594,19.5698,1.3903,767.2043,12.0513,0.153,0.0038,163.3076,18.348,1.8289,0.024,0.0247,0.0,2.9161,0.776,86.347,2.5396,36.4949,12.3799,0.0032,0.0009,0.966,0.0093,86.5483,10.7775,1.0323,0.009,0.4319,0.0651,5.4,0.8944,2.7501,0.9385,87.4082,1.4837,29.6774,6.1256,0.0052,0.0019,0.7985,0.0738,85.587,10.8836,1.0302,0.0103,0.125,0.0585,5.4,0.8944,2.0,0.0,3.97,1.2748,89.9002,1.8179,22.6102,7.034,0.009,0.0027,0.9928,0.006,88.0211,11.1251,1.044,0.0145,0.769,0.171,2.4253,0.7001,88.0089,1.8635,24.5359,9.7825,0.0039,0.0017,0.9835,0.0066,86.5137,10.6985,1.0268,0.0077,0.6163,0.1107,4.725,1.1537,90.9649,2.3035,20.8893,8.2134,0.0111,0.003,0.9935,0.0016,89.0349,10.2526,1.0521,0.0129,0.6543,0.1
