,best_m,best_m,best_k,best_k,best_k_original_gs,best_k_original_gs,best_m_base,best_m_base,insample_lasso,insample_lasso,mse_lasso,mse_lasso,df_lasso,df_lasso,coef_recovery_lasso,coef_recovery_lasso,support_recovery_lasso,support_recovery_lasso,outsample_mse_lasso,outsample_mse_lasso,rte_lasso,rte_lasso,f_score_lasso,f_score_lasso,insample_ridge,insample_ridge,mse_ridge,mse_ridge,df_ridge,df_ridge,coef_recovery_ridge,coef_recovery_ridge,outsample_mse_ridge,outsample_mse_ridge,rte_ridge,rte_ridge,f_score_ridge,f_score_ridge,insample_elastic,insample_elastic,mse_elastic,mse_elastic,df_elastic,df_elastic,coef_recovery_elastic,coef_recovery_elastic,support_recovery_elastic,support_recovery_elastic,outsample_mse_elastic,outsample_mse_elastic,rte_elastic,rte_elastic,f_score_elastic,f_score_elastic,best_k_bagged_gs,best_k_bagged_gs,insample_bagged_gs,insample_bagged_gs,mse_bagged_gs,mse_bagged_gs,df_bagged_gs,df_bagged_gs,coef_recovery_bagged_gs,coef_recovery_bagged_gs,support_recovery_bagged_gs,support_recovery_bagged_gs,outsample_mse_bagged_gs,outsample_mse_bagged_gs,rte_bagged_gs,rte_bagged_gs,f_score_bagged_gs,f_score_bagged_gs,best_k_smeared_gs,best_k_smeared_gs,best_noise_scale,best_noise_scale,insample_smeared_gs,insample_smeared_gs,mse_smeared_gs,mse_smeared_gs,df_smeared_gs,df_smeared_gs,coef_recovery_smeared_gs,coef_recovery_smeared_gs,support_recovery_smeared_gs,support_recovery_smeared_gs,outsample_mse_smeared_gs,outsample_mse_smeared_gs,rte_smeared_gs,rte_smeared_gs,f_score_smeared_gs,f_score_smeared_gs,insample_rgs,insample_rgs,mse_rgs,mse_rgs,df_rgs,df_rgs,coef_recovery_rgs,coef_recovery_rgs,support_recovery_rgs,support_recovery_rgs,outsample_mse_rgs,outsample_mse_rgs,rte_rgs,rte_rgs,f_score_rgs,f_score_rgs,insample_original_gs,insample_original_gs,mse_original_gs,mse_original_gs,df_original_gs,df_original_gs,coef_recovery_original_gs,coef_recovery_original_gs,support_recovery_original_gs,support_recovery_original_gs,outsample_mse_original_gs,outsample_mse_original_gs,rte_original_gs,rte_original_gs,f_score_original_gs,f_score_original_gs,insample_base_rgs,insample_base_rgs,mse_base_rgs,mse_base_rgs,df_base_rgs,df_base_rgs,coef_recovery_base_rgs,coef_recovery_base_rgs,support_recovery_base_rgs,support_recovery_base_rgs,outsample_mse_base_rgs,outsample_mse_base_rgs,insample_base_gs,insample_base_gs,mse_base_gs,mse_base_gs,df_base_gs,df_base_gs,coef_recovery_base_gs,coef_recovery_base_gs,support_recovery_base_gs,support_recovery_base_gs,outsample_mse_base_gs,outsample_mse_base_gs
,mean,std,mean,std,mean,std,mean,std,mean,std,mean,std,mean,std,mean,std,mean,std,mean,std,mean,std,mean,std,mean,std,mean,std,mean,std,mean,std,mean,std,mean,std,mean,std,mean,std,mean,std,mean,std,mean,std,mean,std,mean,std,mean,std,mean,std,mean,std,mean,std,mean,std,mean,std,mean,std,mean,std,mean,std,mean,std,mean,std,mean,std,mean,std,mean,std,mean,std,mean,std,mean,std,mean,std,mean,std,mean,std,mean,std,mean,std,mean,std,mean,std,mean,std,mean,std,mean,std,mean,std,mean,std,mean,std,mean,std,mean,std,mean,std,mean,std,mean,std,mean,std,mean,std,mean,std,mean,std,mean,std,mean,std,mean,std,mean,std,mean,std,mean,std,mean,std,mean,std,mean,std,mean,std
sigma,,,,,,,,,,,,,,,,,,,,,,,,,,,,,,,,,,,,,,,,,,,,,,,,,,,,,,,,,,,,,,,,,,,,,,,,,,,,,,,,,,,,,,,,,,,,,,,,,,,,,,,,,,,,,,,,,,,,,,,,,,,,,,,,,,,,,,,,,,,,,,,,,,,,
3.1622776601683795,100.0,0.0,10.0,0.0,10.0,0.0,100.0,0.0,0.3537,0.1125,9.8962,0.4166,22.8569,22.1102,0.0037,0.0011,0.84,0.072,10.1745,2.4989,1.035,0.0113,0.5764,0.1182,0.9038,0.1227,9.1439,0.4475,87.9038,23.7434,0.0105,0.0014,10.7827,2.4363,1.0902,0.012,0.1818,0.0,0.3537,0.1125,9.8962,0.4166,22.8569,22.1102,0.0037,0.0011,0.84,0.072,10.1745,2.4989,1.035,0.0113,0.5764,0.1182,10.1,0.3162,0.1053,0.0315,9.9488,0.4791,7.8176,24.6028,0.001,0.0003,0.948,0.1575,9.9156,2.5261,1.01,0.0028,0.919,0.2234,10.1,0.3162,1.7,0.6325,0.1075,0.0357,9.9499,0.4774,7.8718,24.7242,0.001,0.0003,0.974,0.0822,9.8975,2.5144,1.0102,0.0033,0.9435,0.1787,0.1017,0.029,9.9626,0.4607,6.9486,23.5012,0.001,0.0003,1.0,0.0,9.9115,2.5291,1.0096,0.0026,1.0,0.0,0.1017,0.029,9.9626,0.4607,6.9486,23.5012,0.001,0.0003,1.0,0.0,9.9115,2.5291,1.0096,0.0026,1.0,0.0,0.1017,0.029,9.9626,0.4607,6.9486,23.5012,0.001,0.0003,1.0,0.0,9.9115,2.5291,0.1017,0.029,9.9626,0.4607,6.9486,23.5012,0.0504,0.0001,0.95,0.0,9.9115,2.5291
3.872983346207417,100.0,0.0,10.0,0.0,10.0,0.0,100.0,0.0,0.5252,0.1614,14.833,0.6546,23.0497,22.7601,0.0055,0.0016,0.84,0.0662,15.2547,3.7389,1.0347,0.0108,0.5732,0.1079,1.3545,0.1843,13.7153,0.6713,87.8848,23.7482,0.0157,0.0021,16.1718,3.6531,1.0902,0.0121,0.1818,0.0,0.5252,0.1614,14.833,0.6546,23.0497,22.7601,0.0055,0.0016,0.84,0.0662,15.2547,3.7389,1.0347,0.0108,0.5732,0.1079,10.2,0.4216,0.1639,0.0519,14.8953,0.7222,8.944,24.8411,0.0015,0.0005,0.846,0.1913,14.8822,3.781,1.0104,0.0031,0.6745,0.2369,10.1,0.3162,1.4,0.6583,0.1633,0.0587,14.9258,0.7142,7.9083,24.7759,0.0015,0.0005,0.98,0.0632,14.8395,3.7664,1.0104,0.0036,0.95,0.1581,0.1525,0.0435,14.9439,0.6911,6.9486,23.5012,0.0014,0.0004,1.0,0.0,14.8673,3.7936,1.0096,0.0026,1.0,0.0,0.1525,0.0435,14.9439,0.6911,6.9486,23.5012,0.0014,0.0004,1.0,0.0,14.8673,3.7936,1.0096,0.0026,1.0,0.0,0.1525,0.0435,14.9439,0.6911,6.9486,23.5012,0.0014,0.0004,1.0,0.0,14.8673,3.7936,0.1525,0.0435,14.9439,0.6911,6.9486,23.5012,0.0507,0.0002,0.95,0.0,14.8673,3.7936
4.830458915396479,100.0,0.0,10.2,0.4216,10.2,0.4216,100.0,0.0,0.8214,0.2594,23.0855,1.0124,22.8877,22.8214,0.0085,0.0026,0.843,0.066,23.7377,5.83,1.0349,0.0112,0.5778,0.1073,2.1056,0.287,21.3343,1.0442,87.8681,23.7525,0.0244,0.0033,25.1531,5.6807,1.0901,0.0121,0.1818,0.0,0.8214,0.2594,23.0855,1.0124,22.8877,22.8214,0.0085,0.0026,0.843,0.066,23.7377,5.83,1.0349,0.0112,0.5778,0.1073,10.8,1.3166,0.3344,0.1321,22.976,1.1284,14.8074,25.6555,0.0032,0.0012,0.508,0.2358,23.2329,5.8265,1.0138,0.0054,0.3235,0.118,10.2,0.4216,1.0,0.5774,0.2769,0.1213,23.2001,1.1282,8.7798,25.721,0.0027,0.0012,0.987,0.0347,23.1614,5.7628,1.0113,0.0049,0.9554,0.1127,0.2715,0.1234,23.2118,1.0972,8.4144,24.6209,0.0026,0.0012,0.998,0.0042,23.2106,5.8121,1.0111,0.0051,0.9905,0.0201,0.2715,0.1234,23.2118,1.0972,8.4144,24.6209,0.0026,0.0012,0.998,0.0042,23.2106,5.8121,1.0111,0.0051,0.9905,0.0201,0.2373,0.0677,23.246,1.075,6.9486,23.5012,0.0022,0.0006,1.0,0.0,23.1269,5.9012,0.2373,0.0677,23.246,1.075,6.9486,23.5012,0.051,0.0003,0.95,0.0,23.1269,5.9012
6.324555320336759,91.2,27.828,11.0,2.9059,10.4,1.1738,100.0,0.0,1.3978,0.4364,39.5396,1.7325,23.204,22.833,0.0145,0.0044,0.838,0.0649,40.6791,9.9814,1.0346,0.011,0.5685,0.0999,3.6075,0.4925,36.5723,1.7901,87.8521,23.7568,0.0418,0.0056,43.1151,9.7353,1.09,0.0121,0.1818,0.0,1.3978,0.4364,39.5396,1.7325,23.204,22.833,0.0145,0.0044,0.838,0.0649,40.6791,9.9814,1.0346,0.011,0.5685,0.0999,10.5,0.9718,0.9546,0.3436,39.17,1.8382,22.2852,24.451,0.0097,0.0035,0.244,0.0903,40.0508,9.9764,1.0235,0.0084,0.211,0.0218,10.7,1.6364,0.85,0.4743,0.6613,0.3795,39.6125,1.913,13.0972,27.1218,0.0065,0.0038,0.966,0.0769,39.9123,9.7927,1.0161,0.0097,0.9039,0.1698,0.8162,0.5728,39.689,2.0303,14.0754,26.6775,0.0082,0.006,0.95,0.1406,39.7274,9.875,1.0199,0.0144,0.906,0.2117,0.7339,0.4024,39.7687,1.9855,12.0531,24.5699,0.0074,0.0042,0.992,0.0092,39.71,9.8833,1.0179,0.0103,0.9621,0.0409,0.4067,0.1161,39.8503,1.8429,6.9486,23.5012,0.0039,0.001,1.0,0.0,39.646,10.1163,0.4067,0.1161,39.8503,1.8429,6.9486,23.5012,0.0517,0.0005,0.95,0.0,39.646,10.1163
9.486832980505138,44.5,47.8522,11.9,4.4585,7.2,2.8597,54.6,47.924,3.2117,1.0325,89.2432,3.9314,22.0249,22.5424,0.0333,0.0105,0.847,0.065,91.5638,22.5278,1.0353,0.0115,0.5799,0.1085,8.1125,1.1095,82.2864,4.0277,87.8349,23.7616,0.0939,0.0126,96.9986,21.8972,1.09,0.0121,0.1818,0.0,3.4062,0.951,88.9545,3.8568,24.7069,20.9742,0.0357,0.0097,0.782,0.1457,91.6021,22.538,1.0375,0.0106,0.5243,0.1637,7.6,2.675,3.4464,1.162,88.6516,4.717,26.611,26.1362,0.0359,0.012,0.195,0.0747,91.3809,22.5072,1.0379,0.0127,0.2,0.0154,7.4,2.9136,1.7,0.6325,4.0544,1.9538,90.4075,5.6126,20.2403,26.7247,0.0423,0.0197,0.926,0.0435,92.3833,23.3845,1.0447,0.0215,0.6932,0.1305,3.7036,1.0296,89.0032,4.3867,26.0874,24.6074,0.0395,0.0118,0.661,0.2897,92.024,23.3065,1.0408,0.0115,0.4853,0.2727,4.6759,2.2161,90.9231,5.7463,20.8283,27.6355,0.0489,0.0224,0.952,0.0235,93.3704,23.8131,1.0517,0.0244,0.6959,0.1876,3.7314,1.0172,89.408,4.6473,23.9945,24.8915,0.0404,0.0114,0.768,0.2191,91.7043,23.2586,3.5494,1.3942,89.1745,4.2071,24.2803,25.6612,0.062,0.0062,0.9396,0.0076,91.2102,22.5733
