{
    "simulation": {
        "n_sim": 5,
        "base_seed": 42,
        "sigma": {
            "type": "pve",
            "params": {
                "num_points": 1,
                "min_pve": 0.3,
                "max_pve": 0.3
            },
            "computed_values": [
                3.4156502553198664
            ]
        }
    },
    "data": {
        "n_predictors": 10,
        "n_train": 110,
        "signal_proportion": 0.5,
        "test_size": 0.091,
        "covariance_type": "banded",
        "generator_type": "exact",
        "generator_params": {
            "eta": 0.5
        },
        "block_params": {
            "block_size": 20,
            "within_correlation": 0.25
        },
        "banded_params": {
            "gamma": 0.35
        }
    },
    "model": {
        "k_max": 10,
        "m_grid": {
            "type": "list",
            "values": [
                1,
                2,
                3,
                4,
                5,
                6,
                7,
                8,
                9,
                10
            ]
        },
        "rgscv": {
            "n_estimators": 500,
            "n_resample_iter": 7,
            "cv": 10
        },
        "bagged_gs": {
            "n_estimators": 500,
            "cv": 10
        },
        "smeared_gs": {
            "n_estimators": 500,
            "cv": 10,
            "param_grid": {
                "noise_scale": [
                    0.1,
                    1.0,
                    5.0
                ]
            }
        },
        "baseline": {
            "cv": 5
        }
    },
    "output": {
        "save_path": "results/raw/"
    },
    "rank_check": {
        "is_full_rank": true,
        "rank": 10,
        "min_dimension": 10,
        "condition_number": 2.000908391175679,
        "smallest_singular_value": 7.339574276419272,
        "largest_singular_value": 14.685815757344482,
        "XTX_is_positive_definite": true
    }
}