,best_m,best_m,best_k,best_k,best_k_original_gs,best_k_original_gs,best_m_base,best_m_base,insample_lasso,insample_lasso,mse_lasso,mse_lasso,df_lasso,df_lasso,coef_recovery_lasso,coef_recovery_lasso,support_recovery_lasso,support_recovery_lasso,outsample_mse_lasso,outsample_mse_lasso,rte_lasso,rte_lasso,f_score_lasso,f_score_lasso,insample_ridge,insample_ridge,mse_ridge,mse_ridge,df_ridge,df_ridge,coef_recovery_ridge,coef_recovery_ridge,outsample_mse_ridge,outsample_mse_ridge,rte_ridge,rte_ridge,f_score_ridge,f_score_ridge,insample_elastic,insample_elastic,mse_elastic,mse_elastic,df_elastic,df_elastic,coef_recovery_elastic,coef_recovery_elastic,support_recovery_elastic,support_recovery_elastic,outsample_mse_elastic,outsample_mse_elastic,rte_elastic,rte_elastic,f_score_elastic,f_score_elastic,best_k_bagged_gs,best_k_bagged_gs,insample_bagged_gs,insample_bagged_gs,mse_bagged_gs,mse_bagged_gs,df_bagged_gs,df_bagged_gs,coef_recovery_bagged_gs,coef_recovery_bagged_gs,support_recovery_bagged_gs,support_recovery_bagged_gs,outsample_mse_bagged_gs,outsample_mse_bagged_gs,rte_bagged_gs,rte_bagged_gs,f_score_bagged_gs,f_score_bagged_gs,best_k_smeared_gs,best_k_smeared_gs,best_noise_scale,best_noise_scale,insample_smeared_gs,insample_smeared_gs,mse_smeared_gs,mse_smeared_gs,df_smeared_gs,df_smeared_gs,coef_recovery_smeared_gs,coef_recovery_smeared_gs,support_recovery_smeared_gs,support_recovery_smeared_gs,outsample_mse_smeared_gs,outsample_mse_smeared_gs,rte_smeared_gs,rte_smeared_gs,f_score_smeared_gs,f_score_smeared_gs,insample_rgs,insample_rgs,mse_rgs,mse_rgs,df_rgs,df_rgs,coef_recovery_rgs,coef_recovery_rgs,support_recovery_rgs,support_recovery_rgs,outsample_mse_rgs,outsample_mse_rgs,rte_rgs,rte_rgs,f_score_rgs,f_score_rgs,insample_original_gs,insample_original_gs,mse_original_gs,mse_original_gs,df_original_gs,df_original_gs,coef_recovery_original_gs,coef_recovery_original_gs,support_recovery_original_gs,support_recovery_original_gs,outsample_mse_original_gs,outsample_mse_original_gs,rte_original_gs,rte_original_gs,f_score_original_gs,f_score_original_gs,insample_base_rgs,insample_base_rgs,mse_base_rgs,mse_base_rgs,df_base_rgs,df_base_rgs,coef_recovery_base_rgs,coef_recovery_base_rgs,support_recovery_base_rgs,support_recovery_base_rgs,outsample_mse_base_rgs,outsample_mse_base_rgs,insample_base_gs,insample_base_gs,mse_base_gs,mse_base_gs,df_base_gs,df_base_gs,coef_recovery_base_gs,coef_recovery_base_gs,support_recovery_base_gs,support_recovery_base_gs,outsample_mse_base_gs,outsample_mse_base_gs
,mean,std,mean,std,mean,std,mean,std,mean,std,mean,std,mean,std,mean,std,mean,std,mean,std,mean,std,mean,std,mean,std,mean,std,mean,std,mean,std,mean,std,mean,std,mean,std,mean,std,mean,std,mean,std,mean,std,mean,std,mean,std,mean,std,mean,std,mean,std,mean,std,mean,std,mean,std,mean,std,mean,std,mean,std,mean,std,mean,std,mean,std,mean,std,mean,std,mean,std,mean,std,mean,std,mean,std,mean,std,mean,std,mean,std,mean,std,mean,std,mean,std,mean,std,mean,std,mean,std,mean,std,mean,std,mean,std,mean,std,mean,std,mean,std,mean,std,mean,std,mean,std,mean,std,mean,std,mean,std,mean,std,mean,std,mean,std,mean,std,mean,std,mean,std,mean,std,mean,std,mean,std,mean,std
sigma,,,,,,,,,,,,,,,,,,,,,,,,,,,,,,,,,,,,,,,,,,,,,,,,,,,,,,,,,,,,,,,,,,,,,,,,,,,,,,,,,,,,,,,,,,,,,,,,,,,,,,,,,,,,,,,,,,,,,,,,,,,,,,,,,,,,,,,,,,,,,,,,,,,,
3.1622776601683795,100.0,0.0,10.2,0.6325,10.2,0.6325,100.0,0.0,0.3222,0.0957,9.8649,0.4826,22.8443,22.3413,0.0027,0.0007,0.872,0.0501,10.7253,1.627,1.0316,0.0093,0.6227,0.0954,0.9885,0.1254,9.0495,0.4171,96.8565,20.287,0.0112,0.0014,11.5502,1.6861,1.0987,0.0129,0.1818,0.0,0.3222,0.0957,9.8649,0.4826,22.8443,22.3413,0.0027,0.0007,0.872,0.0501,10.7253,1.627,1.0316,0.0093,0.6227,0.0954,10.5,0.7071,0.129,0.035,9.8684,0.468,13.0165,22.9984,0.0013,0.0004,0.772,0.2776,10.4571,1.6871,1.0123,0.0038,0.672,0.3554,10.2,0.4216,1.4,0.7746,0.1259,0.0264,9.9163,0.4688,10.4676,23.1204,0.0013,0.0002,0.958,0.0887,10.4534,1.7011,1.012,0.0027,0.8976,0.2159,0.1313,0.0699,9.9265,0.4619,10.233,23.5594,0.0014,0.0007,0.998,0.0063,10.4979,1.7573,1.0126,0.0067,0.9909,0.0287,0.1313,0.0699,9.9265,0.4619,10.233,23.5594,0.0014,0.0007,0.998,0.0063,10.4979,1.7573,1.0126,0.0067,0.9909,0.0287,0.1128,0.0418,9.9451,0.4391,8.3759,20.906,0.0012,0.0004,1.0,0.0,10.4346,1.6825,0.1128,0.0418,9.9451,0.4391,8.3759,20.906,0.0561,0.001,0.95,0.0,10.4346,1.6825
3.872983346207417,100.0,0.0,10.2,0.6325,10.2,0.6325,100.0,0.0,0.476,0.1379,14.7747,0.7249,23.3539,22.5121,0.0041,0.001,0.862,0.052,16.0886,2.4392,1.0311,0.0089,0.6044,0.0925,1.4821,0.1876,13.5739,0.6256,96.8448,20.2954,0.0168,0.0021,17.3251,2.5324,1.0987,0.0129,0.1818,0.0,0.476,0.1379,14.7747,0.7249,23.3539,22.5121,0.0041,0.001,0.862,0.052,16.0886,2.4392,1.0311,0.0089,0.6044,0.0925,10.9,0.8756,0.2131,0.0706,14.722,0.692,16.3554,22.3191,0.0022,0.0007,0.53,0.216,15.7268,2.5497,1.0136,0.0049,0.3446,0.1643,10.2,0.4216,1.2,0.7149,0.1924,0.0428,14.8763,0.7003,10.5287,23.1271,0.002,0.0003,0.973,0.0581,15.6886,2.5628,1.0123,0.0028,0.9201,0.1698,0.197,0.1048,14.8897,0.6928,10.233,23.5594,0.0021,0.001,0.998,0.0063,15.7469,2.636,1.0126,0.0067,0.9909,0.0287,0.197,0.1048,14.8897,0.6928,10.233,23.5594,0.0021,0.001,0.998,0.0063,15.7469,2.636,1.0126,0.0067,0.9909,0.0287,0.1691,0.0627,14.9176,0.6586,8.3759,20.906,0.0018,0.0005,1.0,0.0,15.6519,2.5237,0.1691,0.0627,14.9176,0.6586,8.3759,20.906,0.0565,0.0012,0.95,0.0,15.6519,2.5237
4.830458915396479,100.0,0.0,10.3,0.8233,10.3,0.8233,100.0,0.0,0.7428,0.217,22.995,1.1305,23.1441,22.4954,0.0063,0.0015,0.867,0.0474,25.0215,3.8067,1.0312,0.009,0.6116,0.0868,2.3047,0.2909,21.1146,0.9732,96.8346,20.3029,0.0261,0.0033,26.95,3.9438,1.0986,0.0128,0.1818,0.0,0.7428,0.217,22.995,1.1305,23.1441,22.4954,0.0063,0.0015,0.867,0.0474,25.0215,3.8067,1.0312,0.009,0.6116,0.0868,11.2,1.2293,0.4448,0.1663,22.7774,1.0707,21.4221,21.8494,0.0048,0.0017,0.364,0.1344,24.6869,4.0382,1.0185,0.0072,0.2455,0.0438,10.8,1.2293,1.05,0.6852,0.3961,0.2006,22.9997,1.0556,15.622,23.2222,0.0041,0.002,0.96,0.0724,24.5669,3.941,1.0164,0.0088,0.8808,0.1792,0.4205,0.2864,23.1516,1.1231,12.8937,23.751,0.0045,0.0033,0.995,0.0071,24.7036,3.9873,1.0176,0.0126,0.9761,0.0331,0.4205,0.2864,23.1516,1.1231,12.8937,23.751,0.0045,0.0033,0.995,0.0071,24.7036,3.9873,1.0176,0.0126,0.9761,0.0331,0.2631,0.0975,23.2052,1.0245,8.3759,20.906,0.0028,0.0008,1.0,0.0,24.3474,3.9258,0.2631,0.0975,23.2052,1.0245,8.3759,20.906,0.0571,0.0015,0.95,0.0,24.3474,3.9258
6.324555320336759,90.8,29.093,10.4,2.2706,10.5,2.5495,91.9,25.6144,1.2868,0.3817,39.426,1.9622,23.2369,22.7578,0.011,0.0027,0.865,0.0548,42.9224,6.4949,1.0316,0.0093,0.6117,0.1009,3.9497,0.4974,36.196,1.6683,96.8248,20.3101,0.0447,0.0056,46.1999,6.7683,1.0986,0.0128,0.1818,0.0,1.3071,0.4139,39.4478,1.9698,23.2178,22.7584,0.011,0.0028,0.863,0.0558,42.9118,6.5135,1.0321,0.0101,0.6086,0.1027,10.7,1.0593,1.1145,0.3574,38.9204,1.9092,27.3985,22.7571,0.0122,0.0038,0.233,0.0662,42.761,6.9201,1.0273,0.0089,0.2077,0.0147,10.6,2.4585,0.8,0.483,1.1334,0.7221,39.5269,1.8579,20.0615,25.063,0.0123,0.0082,0.981,0.0269,43.0251,6.9792,1.0278,0.0181,0.9197,0.0949,1.2106,0.7872,39.6435,1.9004,19.5692,24.3294,0.0129,0.0083,0.948,0.1297,42.9147,7.3245,1.0297,0.0196,0.881,0.2029,1.2316,0.8189,39.6048,1.9062,20.3146,24.8968,0.0134,0.0089,0.983,0.0211,43.1361,7.0364,1.0303,0.0205,0.9228,0.0823,1.1784,1.0726,39.7995,1.7933,17.2196,21.3833,0.0115,0.0086,0.973,0.0581,42.6534,7.4395,0.976,0.6768,39.7318,1.7338,15.5362,21.2275,0.0589,0.0019,0.9487,0.0015,42.5881,7.5359
9.486832980505138,32.5,39.9507,11.8,4.2374,9.1,3.4785,30.3,36.7999,2.9155,0.8912,88.9609,4.6143,21.9482,23.3373,0.0244,0.0057,0.872,0.0461,96.4893,14.6052,1.0318,0.0096,0.6167,0.0895,8.8842,1.116,81.4402,3.7537,96.8142,20.3178,0.1005,0.0126,103.9498,15.2468,1.0986,0.0128,0.1818,0.0,3.0401,0.943,88.371,4.1428,25.9133,20.8416,0.025,0.0058,0.787,0.1426,96.5127,14.5534,1.0331,0.0102,0.5292,0.1513,7.6,1.5055,2.9612,0.5966,88.0863,4.1392,27.0558,22.4435,0.031,0.0052,0.271,0.0791,96.4673,14.5893,1.0323,0.0068,0.2167,0.0188,9.5,2.8771,1.5,0.6667,3.3707,1.2968,88.8021,4.2959,25.3556,25.8907,0.0369,0.0124,0.93,0.0544,97.3116,14.3519,1.0368,0.0149,0.7411,0.1239,3.6241,0.7413,88.6932,4.1792,27.3669,21.9463,0.0337,0.0084,0.696,0.2157,97.9115,13.4909,1.0396,0.0086,0.486,0.2514,3.8728,1.6189,89.4093,4.3986,24.7725,26.4224,0.0439,0.0188,0.959,0.0233,98.2834,13.4927,1.0425,0.0187,0.7869,0.0971,3.3959,0.9289,88.7734,3.9578,25.6551,21.2374,0.0291,0.0054,0.775,0.1123,96.9629,15.3463,3.4804,1.2361,88.7737,3.9715,26.1222,23.7874,0.0678,0.004,0.9422,0.0036,97.3204,15.5269
