,best_m,best_m,best_k,best_k,best_k_original_gs,best_k_original_gs,best_m_base,best_m_base,insample_lasso,insample_lasso,mse_lasso,mse_lasso,df_lasso,df_lasso,coef_recovery_lasso,coef_recovery_lasso,support_recovery_lasso,support_recovery_lasso,outsample_mse_lasso,outsample_mse_lasso,rte_lasso,rte_lasso,f_score_lasso,f_score_lasso,insample_ridge,insample_ridge,mse_ridge,mse_ridge,df_ridge,df_ridge,coef_recovery_ridge,coef_recovery_ridge,outsample_mse_ridge,outsample_mse_ridge,rte_ridge,rte_ridge,f_score_ridge,f_score_ridge,insample_elastic,insample_elastic,mse_elastic,mse_elastic,df_elastic,df_elastic,coef_recovery_elastic,coef_recovery_elastic,support_recovery_elastic,support_recovery_elastic,outsample_mse_elastic,outsample_mse_elastic,rte_elastic,rte_elastic,f_score_elastic,f_score_elastic,best_k_bagged_gs,best_k_bagged_gs,insample_bagged_gs,insample_bagged_gs,mse_bagged_gs,mse_bagged_gs,df_bagged_gs,df_bagged_gs,coef_recovery_bagged_gs,coef_recovery_bagged_gs,support_recovery_bagged_gs,support_recovery_bagged_gs,outsample_mse_bagged_gs,outsample_mse_bagged_gs,rte_bagged_gs,rte_bagged_gs,f_score_bagged_gs,f_score_bagged_gs,best_k_smeared_gs,best_k_smeared_gs,best_noise_scale,best_noise_scale,insample_smeared_gs,insample_smeared_gs,mse_smeared_gs,mse_smeared_gs,df_smeared_gs,df_smeared_gs,coef_recovery_smeared_gs,coef_recovery_smeared_gs,support_recovery_smeared_gs,support_recovery_smeared_gs,outsample_mse_smeared_gs,outsample_mse_smeared_gs,rte_smeared_gs,rte_smeared_gs,f_score_smeared_gs,f_score_smeared_gs,insample_rgs,insample_rgs,mse_rgs,mse_rgs,df_rgs,df_rgs,coef_recovery_rgs,coef_recovery_rgs,support_recovery_rgs,support_recovery_rgs,outsample_mse_rgs,outsample_mse_rgs,rte_rgs,rte_rgs,f_score_rgs,f_score_rgs,insample_original_gs,insample_original_gs,mse_original_gs,mse_original_gs,df_original_gs,df_original_gs,coef_recovery_original_gs,coef_recovery_original_gs,support_recovery_original_gs,support_recovery_original_gs,outsample_mse_original_gs,outsample_mse_original_gs,rte_original_gs,rte_original_gs,f_score_original_gs,f_score_original_gs,insample_base_rgs,insample_base_rgs,mse_base_rgs,mse_base_rgs,df_base_rgs,df_base_rgs,coef_recovery_base_rgs,coef_recovery_base_rgs,support_recovery_base_rgs,support_recovery_base_rgs,outsample_mse_base_rgs,outsample_mse_base_rgs,insample_base_gs,insample_base_gs,mse_base_gs,mse_base_gs,df_base_gs,df_base_gs,coef_recovery_base_gs,coef_recovery_base_gs,support_recovery_base_gs,support_recovery_base_gs,outsample_mse_base_gs,outsample_mse_base_gs
,mean,std,mean,std,mean,std,mean,std,mean,std,mean,std,mean,std,mean,std,mean,std,mean,std,mean,std,mean,std,mean,std,mean,std,mean,std,mean,std,mean,std,mean,std,mean,std,mean,std,mean,std,mean,std,mean,std,mean,std,mean,std,mean,std,mean,std,mean,std,mean,std,mean,std,mean,std,mean,std,mean,std,mean,std,mean,std,mean,std,mean,std,mean,std,mean,std,mean,std,mean,std,mean,std,mean,std,mean,std,mean,std,mean,std,mean,std,mean,std,mean,std,mean,std,mean,std,mean,std,mean,std,mean,std,mean,std,mean,std,mean,std,mean,std,mean,std,mean,std,mean,std,mean,std,mean,std,mean,std,mean,std,mean,std,mean,std,mean,std,mean,std,mean,std,mean,std,mean,std,mean,std,mean,std
sigma,,,,,,,,,,,,,,,,,,,,,,,,,,,,,,,,,,,,,,,,,,,,,,,,,,,,,,,,,,,,,,,,,,,,,,,,,,,,,,,,,,,,,,,,,,,,,,,,,,,,,,,,,,,,,,,,,,,,,,,,,,,,,,,,,,,,,,,,,,,,,,,,,,,,
3.1622776601683795,100.0,,10.0,,10.0,,100.0,,0.2263,,9.3682,,42.863,,0.0023,,0.88,,12.0537,,1.0214,,0.625,,0.912,,8.6945,,110.7627,,0.015,,13.2051,,1.0913,,0.1818,,0.2263,,9.3682,,42.863,,0.0023,,0.88,,12.0537,,1.0214,,0.625,,11.0,,0.134,,9.376,,37.8626,,0.0019,,0.51,,12.1162,,1.0133,,0.2899,,11.0,,2.0,,0.1435,,9.3829,,37.993,,0.002,,0.77,,12.1835,,1.0143,,0.4651,,0.1046,,9.5327,,28.5698,,0.0015,,1.0,,11.9675,,1.0097,,1.0,,0.1046,,9.5327,,28.5698,,0.0015,,1.0,,11.9675,,1.0097,,1.0,,0.1046,,9.5327,,28.5698,,0.0015,,1.0,,11.9675,,0.1046,,9.5327,,28.5698,,0.0728,,0.95,,11.9675,
3.872983346207417,100.0,,10.0,,10.0,,100.0,,0.3387,,14.0627,,42.4885,,0.0034,,0.88,,18.0753,,1.0213,,0.625,,1.3682,,13.0416,,110.7777,,0.0225,,19.8124,,1.0913,,0.1818,,0.3387,,14.0627,,42.4885,,0.0034,,0.88,,18.0753,,1.0213,,0.625,,12.0,,0.2785,,13.9267,,45.0177,,0.0037,,0.25,,18.3657,,1.0184,,0.2105,,11.0,,2.0,,0.224,,14.0787,,38.1374,,0.0031,,0.83,,18.3432,,1.0148,,0.5405,,0.157,,14.299,,28.5698,,0.0023,,1.0,,17.9513,,1.0097,,1.0,,0.157,,14.299,,28.5698,,0.0023,,1.0,,17.9513,,1.0097,,1.0,,0.157,,14.299,,28.5698,,0.0023,,1.0,,17.9513,,0.157,,14.299,,28.5698,,0.0729,,0.95,,17.9513,
4.830458915396479,100.0,,11.0,,11.0,,100.0,,0.5271,,21.8716,,42.576,,0.0053,,0.88,,28.119,,1.0213,,0.625,,2.1287,,20.2867,,110.791,,0.035,,30.8259,,1.0913,,0.1818,,0.5271,,21.8716,,42.576,,0.0053,,0.88,,28.119,,1.0213,,0.625,,12.0,,0.5718,,21.5962,,49.4274,,0.0082,,0.16,,28.6376,,1.0242,,0.1923,,12.0,,1.0,,0.6659,,21.8137,,46.7844,,0.008,,0.97,,29.3932,,1.0283,,0.8696,,0.4704,,22.0167,,38.2553,,0.0059,,0.99,,29.0985,,1.0195,,0.9524,,0.4704,,22.0167,,38.2553,,0.0059,,0.99,,29.0985,,1.0195,,0.9524,,0.2442,,22.2429,,28.5698,,0.0036,,1.0,,27.9242,,0.2442,,22.2429,,28.5698,,0.0743,,0.95,,27.9242,
6.324555320336759,100.0,,13.0,,13.0,,100.0,,0.9007,,37.5446,,41.9089,,0.009,,0.88,,48.1797,,1.0213,,0.625,,3.65,,34.7768,,110.8036,,0.06,,52.8555,,1.0914,,0.1818,,0.9007,,37.5446,,41.9089,,0.009,,0.88,,48.1797,,1.0213,,0.625,,9.0,,1.1323,,37.449,,45.9948,,0.0192,,0.4,,49.1017,,1.0279,,0.25,,13.0,,0.1,,1.3017,,37.2327,,50.8113,,0.0158,,0.97,,50.7445,,1.0321,,0.8696,,1.3215,,37.2278,,51.1203,,0.0158,,0.97,,50.883,,1.032,,0.8696,,1.3215,,37.2278,,51.1203,,0.0158,,0.97,,50.883,,1.032,,0.8696,,2.2818,,38.0297,,53.0974,,0.0408,,0.96,,51.9661,,2.2818,,38.0297,,53.0974,,0.0829,,0.9445,,51.9661,
9.486832980505138,12.0,,10.0,,9.0,,12.0,,2.0211,,84.6949,,40.6603,,0.0199,,0.89,,108.3039,,1.0212,,0.6452,,8.2143,,78.2472,,110.8173,,0.135,,118.9519,,1.0914,,0.1818,,1.9969,,84.5366,,41.4051,,0.0186,,0.88,,108.1302,,1.0209,,0.625,,6.0,,2.1525,,84.8199,,40.6961,,0.0312,,0.56,,110.025,,1.0233,,0.3125,,7.0,,5.0,,2.7018,,84.9135,,43.2249,,0.0464,,0.85,,111.9017,,1.0295,,0.5714,,2.6896,,85.0495,,42.4022,,0.0199,,0.71,,107.6476,,1.0287,,0.4082,,4.0377,,84.6702,,51.99,,0.064,,0.95,,114.375,,1.044,,0.7368,,2.6896,,85.0495,,42.4022,,0.0199,,0.71,,107.6476,,4.4097,,84.314,,56.0311,,0.094,,0.9373,,114.9899,
