,best_m,best_m,best_k,best_k,best_k_original_gs,best_k_original_gs,insample_lasso,insample_lasso,mse_lasso,mse_lasso,df_lasso,df_lasso,coef_recovery_lasso,coef_recovery_lasso,support_recovery_lasso,support_recovery_lasso,outsample_mse_lasso,outsample_mse_lasso,rte_lasso,rte_lasso,f_score_lasso,f_score_lasso,insample_ridge,insample_ridge,mse_ridge,mse_ridge,df_ridge,df_ridge,coef_recovery_ridge,coef_recovery_ridge,outsample_mse_ridge,outsample_mse_ridge,rte_ridge,rte_ridge,f_score_ridge,f_score_ridge,insample_elastic,insample_elastic,mse_elastic,mse_elastic,df_elastic,df_elastic,coef_recovery_elastic,coef_recovery_elastic,support_recovery_elastic,support_recovery_elastic,outsample_mse_elastic,outsample_mse_elastic,rte_elastic,rte_elastic,f_score_elastic,f_score_elastic,best_k_bagged_gs,best_k_bagged_gs,insample_bagged_gs,insample_bagged_gs,mse_bagged_gs,mse_bagged_gs,df_bagged_gs,df_bagged_gs,coef_recovery_bagged_gs,coef_recovery_bagged_gs,support_recovery_bagged_gs,support_recovery_bagged_gs,outsample_mse_bagged_gs,outsample_mse_bagged_gs,rte_bagged_gs,rte_bagged_gs,f_score_bagged_gs,f_score_bagged_gs,best_k_smeared_gs,best_k_smeared_gs,best_noise_scale,best_noise_scale,insample_smeared_gs,insample_smeared_gs,mse_smeared_gs,mse_smeared_gs,df_smeared_gs,df_smeared_gs,coef_recovery_smeared_gs,coef_recovery_smeared_gs,support_recovery_smeared_gs,support_recovery_smeared_gs,outsample_mse_smeared_gs,outsample_mse_smeared_gs,rte_smeared_gs,rte_smeared_gs,f_score_smeared_gs,f_score_smeared_gs,insample_rgs,insample_rgs,mse_rgs,mse_rgs,df_rgs,df_rgs,coef_recovery_rgs,coef_recovery_rgs,support_recovery_rgs,support_recovery_rgs,outsample_mse_rgs,outsample_mse_rgs,rte_rgs,rte_rgs,f_score_rgs,f_score_rgs,insample_original_gs,insample_original_gs,mse_original_gs,mse_original_gs,df_original_gs,df_original_gs,coef_recovery_original_gs,coef_recovery_original_gs,support_recovery_original_gs,support_recovery_original_gs,outsample_mse_original_gs,outsample_mse_original_gs,rte_original_gs,rte_original_gs,f_score_original_gs,f_score_original_gs
,mean,std,mean,std,mean,std,mean,std,mean,std,mean,std,mean,std,mean,std,mean,std,mean,std,mean,std,mean,std,mean,std,mean,std,mean,std,mean,std,mean,std,mean,std,mean,std,mean,std,mean,std,mean,std,mean,std,mean,std,mean,std,mean,std,mean,std,mean,std,mean,std,mean,std,mean,std,mean,std,mean,std,mean,std,mean,std,mean,std,mean,std,mean,std,mean,std,mean,std,mean,std,mean,std,mean,std,mean,std,mean,std,mean,std,mean,std,mean,std,mean,std,mean,std,mean,std,mean,std,mean,std,mean,std,mean,std,mean,std,mean,std,mean,std,mean,std,mean,std,mean,std
sigma,,,,,,,,,,,,,,,,,,,,,,,,,,,,,,,,,,,,,,,,,,,,,,,,,,,,,,,,,,,,,,,,,,,,,,,,,,,,,,,,,,,,,,,,,,,,,,,,,,,,,,,,,,,,,,,,,,,,,,,,,,
0.05,5.7,0.6749,6.2,1.7512,6.3,2.0028,0.0003,0.0001,0.0022,0.0003,11.1607,7.4019,0.0,0.0,0.7,0.1491,0.0023,0.0008,1.0972,0.0399,0.779,0.0945,0.0003,0.0001,0.0021,0.0003,13.186,6.7528,0.0,0.0,0.0023,0.0008,1.1177,0.0428,0.6667,0.0,0.0003,0.0001,0.0022,0.0003,11.1607,7.4019,0.0,0.0,0.7,0.1491,0.0023,0.0008,1.0972,0.0399,0.779,0.0945,6.4,1.7764,0.0006,0.0001,0.0026,0.0003,10.0075,7.5587,0.0,0.0,0.7,0.2582,0.0026,0.0007,1.0813,0.0477,0.8,0.1721,6.0,1.5635,0.28,0.3795,0.0003,0.0002,0.0022,0.0003,10.2386,6.9685,0.0,0.0,0.75,0.2635,0.0023,0.0007,1.0965,0.0675,0.8333,0.1757,0.0002,0.0002,0.0022,0.0003,10.4389,7.5264,0.0,0.0,0.85,0.2014,0.0023,0.0008,1.0863,0.0608,0.8919,0.1424,0.0002,0.0001,0.0022,0.0003,9.8848,7.5429,0.0,0.0,0.87,0.2003,0.0022,0.0007,1.0821,0.0494,0.9061,0.1328
0.09,5.6,0.9661,6.2,1.7512,5.8,1.5492,0.0009,0.0004,0.0071,0.001,11.455,7.5594,0.0001,0.0,0.7,0.1491,0.0075,0.0027,1.1015,0.0434,0.779,0.0945,0.001,0.0004,0.007,0.0009,13.1337,6.7288,0.0001,0.0,0.0075,0.0026,1.1157,0.0436,0.6667,0.0,0.0009,0.0004,0.0071,0.001,11.455,7.5594,0.0001,0.0,0.7,0.1491,0.0075,0.0027,1.1015,0.0434,0.779,0.0945,5.8,1.3166,0.001,0.0004,0.0076,0.001,9.3606,7.8667,0.0001,0.0,0.8,0.2582,0.0075,0.0021,1.0748,0.0522,0.8667,0.1721,5.7,1.567,0.46,0.4648,0.0008,0.0005,0.0073,0.001,9.655,7.7582,0.0001,0.0001,0.85,0.2415,0.0073,0.0026,1.0859,0.0575,0.9,0.161,0.0008,0.0005,0.0072,0.0009,10.4497,7.5335,0.0001,0.0,0.86,0.1955,0.0074,0.0025,1.0864,0.0605,0.8984,0.1376,0.0007,0.0005,0.0073,0.001,9.3918,7.9347,0.0001,0.0,0.92,0.1549,0.0072,0.0024,1.0769,0.0534,0.9394,0.105
0.14,5.8,0.6325,6.2,1.7512,5.7,1.567,0.0021,0.001,0.0172,0.0024,11.5283,7.6536,0.0002,0.0001,0.7,0.1491,0.0181,0.0066,1.1025,0.045,0.779,0.0945,0.0024,0.0009,0.0169,0.0022,13.1245,6.6981,0.0003,0.0001,0.0182,0.0066,1.1169,0.0434,0.6667,0.0,0.0021,0.001,0.0172,0.0024,11.5283,7.6536,0.0002,0.0001,0.7,0.1491,0.0181,0.0066,1.1025,0.045,0.779,0.0945,5.5,0.8498,0.0019,0.0009,0.0179,0.0024,9.1459,7.7183,0.0002,0.0001,0.85,0.2415,0.0176,0.0051,1.0712,0.047,0.9,0.161,5.4,0.6992,0.55,0.4743,0.0017,0.001,0.0176,0.0023,9.4086,7.3201,0.0002,0.0001,0.85,0.2415,0.0178,0.0064,1.0782,0.0479,0.9,0.161,0.0019,0.0012,0.0173,0.0022,10.5045,7.5974,0.0002,0.0001,0.88,0.1751,0.0178,0.006,1.088,0.0609,0.9107,0.1269,0.0016,0.0011,0.0176,0.0024,9.0705,8.2094,0.0002,0.0001,0.93,0.1567,0.0171,0.0055,1.0736,0.051,0.9485,0.106
0.25,6.1,1.5239,6.2,1.7512,6.0,1.6997,0.0068,0.0031,0.0549,0.0076,11.564,7.6749,0.0007,0.0003,0.7,0.1491,0.0577,0.0212,1.1026,0.0449,0.779,0.0945,0.0076,0.0029,0.0538,0.0067,13.0299,6.7248,0.0009,0.0002,0.057,0.0196,1.1163,0.0407,0.6667,0.0,0.0068,0.0031,0.0549,0.0076,11.564,7.6749,0.0007,0.0003,0.7,0.1491,0.0577,0.0212,1.1026,0.0449,0.779,0.0945,5.5,0.8498,0.0052,0.003,0.0562,0.0076,9.1998,7.7989,0.0005,0.0003,0.85,0.2415,0.0557,0.0169,1.0712,0.047,0.9,0.161,5.3,0.483,0.55,0.4743,0.0049,0.0029,0.056,0.0071,9.0899,7.0818,0.0005,0.0003,0.88,0.2098,0.0557,0.0191,1.0713,0.0422,0.9167,0.1416,0.0058,0.0039,0.0552,0.007,10.4561,7.5446,0.0006,0.0004,0.87,0.1767,0.0568,0.0191,1.0865,0.0608,0.9031,0.1293,0.0055,0.0034,0.0557,0.0076,9.8256,8.0259,0.0006,0.0003,0.9,0.17,0.0548,0.0175,1.0813,0.0507,0.9254,0.118
0.42,6.2,2.2509,6.0,1.4907,5.9,1.7288,0.0193,0.0088,0.155,0.0215,11.5303,7.6933,0.0019,0.0007,0.7,0.1491,0.1627,0.0597,1.1029,0.0451,0.779,0.0945,0.0215,0.0083,0.1518,0.0189,13.0847,6.7567,0.0024,0.0007,0.1622,0.0569,1.1161,0.0419,0.6667,0.0,0.0192,0.0088,0.155,0.0215,11.5096,7.6648,0.0019,0.0007,0.7,0.1491,0.1625,0.0596,1.1026,0.0446,0.779,0.0945,5.4,0.6992,0.0135,0.0083,0.1582,0.0208,8.9825,7.5422,0.0013,0.0007,0.85,0.2415,0.1558,0.0489,1.0687,0.0456,0.9,0.161,5.3,0.483,0.55,0.4743,0.0135,0.0082,0.158,0.0201,9.0359,7.1833,0.0013,0.0007,0.89,0.2079,0.1564,0.0523,1.0699,0.0422,0.9242,0.1387,0.0158,0.0103,0.1565,0.0204,10.1136,7.6502,0.0017,0.001,0.87,0.1767,0.1571,0.0507,1.0831,0.0558,0.9031,0.1293,0.0152,0.0099,0.1575,0.0216,9.66,8.1335,0.0016,0.0009,0.91,0.1729,0.1546,0.0493,1.0795,0.0525,0.9345,0.1201
0.71,6.2,2.2509,5.9,1.4491,5.9,1.7288,0.055,0.0251,0.4426,0.0611,11.5546,7.6606,0.0055,0.002,0.7,0.1491,0.4655,0.1711,1.1028,0.0449,0.779,0.0945,0.0691,0.0344,0.4381,0.0566,13.3954,7.4424,0.0074,0.0022,0.4815,0.166,1.1311,0.0626,0.6667,0.0,0.0547,0.0248,0.4428,0.0611,11.5062,7.6316,0.0055,0.002,0.7,0.1491,0.4637,0.1704,1.1021,0.0441,0.779,0.0945,5.3,0.483,0.0365,0.0216,0.4521,0.0583,8.7813,7.2205,0.0036,0.0019,0.85,0.2224,0.4437,0.1411,1.0657,0.04,0.8957,0.1503,5.6,0.9661,0.64,0.4648,0.0407,0.0228,0.4472,0.0572,9.6819,6.9944,0.0043,0.0024,0.82,0.2394,0.447,0.1456,1.0741,0.0418,0.8769,0.1616,0.0423,0.0276,0.4477,0.0589,9.7835,7.887,0.0045,0.0025,0.87,0.1829,0.4444,0.1421,1.0773,0.0517,0.9038,0.1304,0.0434,0.0282,0.4501,0.0617,9.66,8.1335,0.0046,0.0025,0.91,0.1729,0.4419,0.1409,1.0795,0.0525,0.9345,0.1201
1.22,6.3,2.8694,6.0,1.4142,5.9,1.7288,0.1621,0.0749,1.3066,0.1795,11.5547,7.6596,0.0162,0.006,0.7,0.1491,1.3732,0.5029,1.1025,0.0453,0.779,0.0945,0.1843,0.072,1.306,0.1601,12.3169,6.9878,0.0187,0.0057,1.3542,0.4825,1.1179,0.0407,0.6667,0.0,0.1602,0.0727,1.308,0.1792,11.4439,7.5578,0.0161,0.006,0.69,0.1595,1.3637,0.5,1.1013,0.0436,0.7742,0.0992,5.4,0.6992,0.1133,0.0672,1.3291,0.1763,9.1572,7.5306,0.0115,0.006,0.64,0.1174,1.3239,0.4219,1.0696,0.0412,0.7407,0.0704,5.7,1.2517,1.04,1.4615,0.1345,0.0853,1.3193,0.1724,10.1979,7.4965,0.0143,0.0084,0.82,0.2394,1.3264,0.4306,1.0838,0.055,0.8769,0.1616,0.1385,0.089,1.3207,0.1745,10.2862,7.7008,0.0147,0.0084,0.82,0.2201,1.3133,0.4343,1.0866,0.0571,0.8726,0.1502,0.128,0.0833,1.3289,0.1821,9.66,8.1335,0.0136,0.0074,0.91,0.1729,1.3048,0.4159,1.0795,0.0525,0.9345,0.1201
2.07,7.0,3.5277,5.8,1.2293,6.5,2.0138,0.4671,0.2169,3.762,0.5158,11.5523,7.6575,0.0466,0.0173,0.7,0.1491,3.9537,1.445,1.1026,0.0456,0.779,0.0945,0.4655,0.1861,3.7106,0.4605,12.1331,6.7813,0.0491,0.0145,3.8481,1.3534,1.1026,0.037,0.6667,0.0,0.4653,0.1974,3.7746,0.5109,11.3841,7.4501,0.0458,0.0148,0.67,0.1703,3.8994,1.4212,1.1023,0.0393,0.7639,0.1049,6.3,1.0593,0.4341,0.2071,3.7212,0.4881,11.644,7.2877,0.0475,0.0176,0.5,0.0,3.9435,1.3541,1.0952,0.0443,0.6667,0.0,6.4,1.8379,0.68,1.544,0.4292,0.2745,3.7631,0.5069,11.0976,8.1449,0.0468,0.0276,0.8,0.2211,3.8945,1.2278,1.0938,0.0604,0.8586,0.1529,0.3324,0.1928,3.8365,0.5125,9.1108,7.4326,0.0349,0.0188,0.85,0.2121,3.6497,1.188,1.0711,0.0401,0.8936,0.1453,0.4029,0.2622,3.7912,0.5456,10.4622,8.6839,0.0436,0.0255,0.85,0.2014,3.8177,1.1873,1.0876,0.0568,0.8919,0.1424
3.52,3.9,3.7253,6.0,1.633,6.6,3.0258,1.3517,0.6147,10.8915,1.5126,11.5031,7.6654,0.1343,0.0488,0.7,0.1491,11.4343,4.2127,1.1027,0.0446,0.779,0.0945,1.2702,0.524,10.6808,1.331,12.0244,6.6936,0.1365,0.0404,11.0769,3.8854,1.0964,0.037,0.6667,0.0,1.2362,0.592,10.9638,1.3789,10.7454,7.2199,0.1117,0.0366,0.63,0.1567,11.0147,3.8636,1.0934,0.0408,0.7397,0.0952,5.6,2.5033,1.5407,0.7931,10.8198,1.4383,12.5554,8.0411,0.1703,0.0621,0.5,0.0,11.8709,4.0142,1.1183,0.0586,0.6667,0.0,5.3,2.6687,2.15,2.4681,1.6017,0.8397,10.9376,1.4826,12.3263,8.099,0.1785,0.0928,0.62,0.1751,11.4266,3.6101,1.1229,0.0628,0.7215,0.0972,1.3939,0.6418,10.9461,1.4085,11.4534,7.1435,0.1471,0.0645,0.63,0.1703,11.0288,3.6996,1.1064,0.0462,0.7346,0.1012,1.907,1.3364,10.9596,1.3784,13.4696,8.5636,0.2181,0.1227,0.68,0.1398,12.1044,3.6293,1.1479,0.1025,0.7127,0.1572
6.0,4.3,4.1379,4.0,2.0,5.0,3.1972,3.7506,1.6073,32.0482,4.6509,10.6977,7.8261,0.3432,0.1151,0.65,0.1179,33.2717,12.4448,1.0977,0.04,0.6934,0.1447,3.5964,1.5236,30.985,3.8662,11.9603,6.6545,0.3896,0.1169,32.1331,11.2755,1.0938,0.0378,0.6667,0.0,3.0097,1.3775,32.4167,4.1265,9.1569,7.0133,0.2411,0.0821,0.57,0.0949,31.5943,11.581,1.077,0.0316,0.6558,0.1234,3.2,2.6583,3.6636,1.6785,32.1259,4.769,10.4691,8.0585,0.3485,0.1398,0.52,0.0632,32.9821,12.0457,1.0954,0.0436,0.6769,0.0324,3.7,3.1287,1.75,2.2712,4.5084,1.7972,32.4275,4.83,11.2235,8.3332,0.4747,0.1919,0.62,0.1476,34.5963,12.5312,1.1186,0.0462,0.627,0.1539,3.4079,1.2688,32.2585,4.3409,9.9298,7.2516,0.3437,0.1595,0.6,0.1333,31.8806,10.1961,1.0882,0.0296,0.6528,0.1411,4.7096,1.6046,31.8796,4.491,12.2638,7.5194,0.5457,0.1213,0.58,0.1135,35.0014,12.7634,1.1246,0.0408,0.5657,0.0967
