{
    "simulation": {
        "n_sim": 10,
        "base_seed": 42,
        "use_validation_set": true,
        "sigma": {
            "type": "list",
            "values": [
                0.05,
                0.09,
                0.14,
                0.25,
                0.42,
                0.71,
                1.22,
                2.07,
                3.52,
                6.0
            ],
            "computed_values": [
                0.05,
                0.09,
                0.14,
                0.25,
                0.42,
                0.71,
                1.22,
                2.07,
                3.52,
                6.0
            ]
        }
    },
    "data": {
        "n_predictors": 10,
        "n_train": 100,
        "n_val": 100,
        "n_test": 10,
        "signal_proportion": 0.5,
        "covariance_type": "banded",
        "generator_type": "exact",
        "generator_params": {
            "eta": 0.5
        },
        "block_params": {
            "block_size": 20,
            "within_correlation": 0.25
        },
        "banded_params": {
            "gamma": 0.35
        }
    },
    "model": {
        "k_max": 10,
        "m_grid": {
            "type": "list",
            "values": [
                1,
                2,
                3,
                4,
                5,
                6,
                7,
                8,
                9,
                10
            ]
        },
        "rgscv": {
            "n_estimators": 500,
            "n_resample_iter": 7
        },
        "bagged_gs": {
            "n_estimators": 500
        },
        "smeared_gs": {
            "n_estimators": 500,
            "param_grid": {
                "noise_scale": [
                    0.1,
                    1.0,
                    5.0
                ]
            }
        },
        "baseline": {
            "cv": 10
        }
    },
    "output": {
        "save_path": "results/raw/"
    },
    "rank_check": {
        "is_full_rank": true,
        "rank": 10,
        "min_dimension": 10,
        "condition_number": 1.992945402122976,
        "smallest_singular_value": 6.997292269528635,
        "largest_singular_value": 13.945221455867737,
        "XTX_is_positive_definite": true
    }
}