,best_m,best_m,best_k,best_k,best_k_original_gs,best_k_original_gs,best_m_base,best_m_base,insample_lasso,insample_lasso,mse_lasso,mse_lasso,df_lasso,df_lasso,coef_recovery_lasso,coef_recovery_lasso,support_recovery_lasso,support_recovery_lasso,outsample_mse_lasso,outsample_mse_lasso,rte_lasso,rte_lasso,f_score_lasso,f_score_lasso,insample_ridge,insample_ridge,mse_ridge,mse_ridge,df_ridge,df_ridge,coef_recovery_ridge,coef_recovery_ridge,outsample_mse_ridge,outsample_mse_ridge,rte_ridge,rte_ridge,f_score_ridge,f_score_ridge,insample_elastic,insample_elastic,mse_elastic,mse_elastic,df_elastic,df_elastic,coef_recovery_elastic,coef_recovery_elastic,support_recovery_elastic,support_recovery_elastic,outsample_mse_elastic,outsample_mse_elastic,rte_elastic,rte_elastic,f_score_elastic,f_score_elastic,best_k_bagged_gs,best_k_bagged_gs,insample_bagged_gs,insample_bagged_gs,mse_bagged_gs,mse_bagged_gs,df_bagged_gs,df_bagged_gs,coef_recovery_bagged_gs,coef_recovery_bagged_gs,support_recovery_bagged_gs,support_recovery_bagged_gs,outsample_mse_bagged_gs,outsample_mse_bagged_gs,rte_bagged_gs,rte_bagged_gs,f_score_bagged_gs,f_score_bagged_gs,best_k_smeared_gs,best_k_smeared_gs,best_noise_scale,best_noise_scale,insample_smeared_gs,insample_smeared_gs,mse_smeared_gs,mse_smeared_gs,df_smeared_gs,df_smeared_gs,coef_recovery_smeared_gs,coef_recovery_smeared_gs,support_recovery_smeared_gs,support_recovery_smeared_gs,outsample_mse_smeared_gs,outsample_mse_smeared_gs,rte_smeared_gs,rte_smeared_gs,f_score_smeared_gs,f_score_smeared_gs,insample_rgs,insample_rgs,mse_rgs,mse_rgs,df_rgs,df_rgs,coef_recovery_rgs,coef_recovery_rgs,support_recovery_rgs,support_recovery_rgs,outsample_mse_rgs,outsample_mse_rgs,rte_rgs,rte_rgs,f_score_rgs,f_score_rgs,insample_original_gs,insample_original_gs,mse_original_gs,mse_original_gs,df_original_gs,df_original_gs,coef_recovery_original_gs,coef_recovery_original_gs,support_recovery_original_gs,support_recovery_original_gs,outsample_mse_original_gs,outsample_mse_original_gs,rte_original_gs,rte_original_gs,f_score_original_gs,f_score_original_gs,insample_base_rgs,insample_base_rgs,mse_base_rgs,mse_base_rgs,df_base_rgs,df_base_rgs,coef_recovery_base_rgs,coef_recovery_base_rgs,support_recovery_base_rgs,support_recovery_base_rgs,outsample_mse_base_rgs,outsample_mse_base_rgs,insample_base_gs,insample_base_gs,mse_base_gs,mse_base_gs,df_base_gs,df_base_gs,coef_recovery_base_gs,coef_recovery_base_gs,support_recovery_base_gs,support_recovery_base_gs,outsample_mse_base_gs,outsample_mse_base_gs
,mean,std,mean,std,mean,std,mean,std,mean,std,mean,std,mean,std,mean,std,mean,std,mean,std,mean,std,mean,std,mean,std,mean,std,mean,std,mean,std,mean,std,mean,std,mean,std,mean,std,mean,std,mean,std,mean,std,mean,std,mean,std,mean,std,mean,std,mean,std,mean,std,mean,std,mean,std,mean,std,mean,std,mean,std,mean,std,mean,std,mean,std,mean,std,mean,std,mean,std,mean,std,mean,std,mean,std,mean,std,mean,std,mean,std,mean,std,mean,std,mean,std,mean,std,mean,std,mean,std,mean,std,mean,std,mean,std,mean,std,mean,std,mean,std,mean,std,mean,std,mean,std,mean,std,mean,std,mean,std,mean,std,mean,std,mean,std,mean,std,mean,std,mean,std,mean,std,mean,std,mean,std,mean,std
sigma,,,,,,,,,,,,,,,,,,,,,,,,,,,,,,,,,,,,,,,,,,,,,,,,,,,,,,,,,,,,,,,,,,,,,,,,,,,,,,,,,,,,,,,,,,,,,,,,,,,,,,,,,,,,,,,,,,,,,,,,,,,,,,,,,,,,,,,,,,,,,,,,,,,,
3.1622776601683795,400.0,0.0,10.4,0.8944,10.4,0.8944,400.0,0.0,0.3658,0.0859,9.6939,0.3451,33.5569,16.6784,0.0007,0.0001,0.972,0.0136,10.8433,0.8493,1.0363,0.0081,0.6582,0.1236,3.8273,0.2343,5.8678,0.264,397.5772,20.9306,0.0177,0.0017,16.9297,0.5827,1.4155,0.0229,0.0488,0.0,0.3658,0.0859,9.6939,0.3451,33.5569,16.6784,0.0007,0.0001,0.972,0.0136,10.8433,0.8493,1.0363,0.0081,0.6582,0.1236,11.6,1.5166,0.126,0.0608,9.4806,0.3,32.2404,16.0468,0.0004,0.0002,0.682,0.1688,10.763,0.6429,1.0123,0.0057,0.1784,0.1269,10.6,1.3416,0.9,0.6519,0.1151,0.0656,9.6465,0.295,23.4067,16.5793,0.0004,0.0002,0.9685,0.0704,10.8021,0.6379,1.0111,0.0063,0.8482,0.3395,0.135,0.0933,9.699,0.2826,21.7765,15.6323,0.0004,0.0002,0.999,0.0022,10.801,0.621,1.0131,0.0093,0.9818,0.0407,0.135,0.0933,9.699,0.2826,21.7765,15.6323,0.0004,0.0002,0.999,0.0022,10.801,0.621,1.0131,0.0093,0.9818,0.0407,0.0884,0.065,9.7456,0.311,17.1196,17.4932,0.0003,0.0002,1.0,0.0,10.7343,0.6995,0.0884,0.065,9.7456,0.311,17.1196,17.4932,0.0178,0.0003,0.9875,0.0,10.7343,0.6995
3.872983346207417,400.0,0.0,10.4,0.8944,10.4,0.8944,400.0,0.0,0.5431,0.1177,14.535,0.5224,33.5709,16.8406,0.001,0.0002,0.972,0.0136,16.2669,1.2771,1.0359,0.0074,0.6582,0.1236,5.7402,0.3508,8.8014,0.3961,397.5617,20.9264,0.0265,0.0026,25.4058,0.88,1.4155,0.0228,0.0488,0.0,0.5431,0.1177,14.535,0.5224,33.5709,16.8406,0.001,0.0002,0.972,0.0136,16.2669,1.2771,1.0359,0.0074,0.6582,0.1236,12.8,1.7889,0.2588,0.0864,13.9514,0.5546,43.5377,19.3762,0.0008,0.0003,0.521,0.1179,16.1852,1.0223,1.017,0.0054,0.0986,0.0231,10.6,1.3416,0.8,0.6708,0.1781,0.1039,14.4746,0.4393,23.425,16.6005,0.0006,0.0002,0.9795,0.0458,16.2045,0.9501,1.0115,0.0067,0.8656,0.3006,0.2025,0.1399,14.5485,0.424,21.7765,15.6323,0.0006,0.0003,0.999,0.0022,16.2016,0.9316,1.0131,0.0093,0.9818,0.0407,0.2025,0.1399,14.5485,0.424,21.7765,15.6323,0.0006,0.0003,0.999,0.0022,16.2016,0.9316,1.0131,0.0093,0.9818,0.0407,0.1326,0.0975,14.6185,0.4665,17.1196,17.4932,0.0005,0.0003,1.0,0.0,16.1014,1.0492,0.1326,0.0975,14.6185,0.4665,17.1196,17.4932,0.018,0.0005,0.9875,0.0,16.1014,1.0492
4.830458915396479,329.0,158.7608,11.8,1.9235,11.2,0.8367,400.0,0.0,0.8414,0.1833,22.578,0.8089,34.1817,16.8483,0.0015,0.0003,0.971,0.0151,25.3084,1.9759,1.0358,0.0074,0.6527,0.1306,8.9283,0.5448,13.6908,0.6162,397.5481,20.9226,0.0413,0.004,39.5358,1.3773,1.4155,0.0228,0.0488,0.0,0.8414,0.1833,22.578,0.8089,34.1817,16.8483,0.0015,0.0003,0.971,0.0151,25.3084,1.9759,1.0358,0.0074,0.6527,0.1306,11.6,2.881,0.627,0.2071,21.7762,1.1071,46.7562,21.2816,0.0023,0.0011,0.53,0.1842,25.2512,1.641,1.0267,0.0085,0.1091,0.046,11.6,1.8166,0.9,0.6519,0.4625,0.2372,22.2795,0.8179,32.4597,21.6585,0.0014,0.0006,0.9775,0.0394,25.088,1.4871,1.0198,0.0107,0.8025,0.2631,0.5736,0.2785,22.2451,0.7364,35.5743,19.887,0.0017,0.0007,0.975,0.0503,25.0393,1.5597,1.0245,0.0122,0.8234,0.2927,0.4878,0.1095,22.4583,0.6861,29.1739,15.6435,0.0014,0.0003,0.997,0.0021,25.1469,1.4435,1.0207,0.0049,0.9446,0.0378,0.2062,0.1517,22.7398,0.7256,17.1196,17.4932,0.0007,0.0005,1.0,0.0,25.0467,1.6321,0.2062,0.1517,22.7398,0.7256,17.1196,17.4932,0.0183,0.0007,0.9875,0.0,25.0467,1.6321
6.324555320336759,132.2,150.1606,11.2,2.8636,9.2,3.1145,61.2,14.7885,1.4548,0.3316,38.7064,1.4324,34.3208,17.1003,0.0027,0.0005,0.9705,0.0149,43.3798,3.3932,1.0361,0.0078,0.6487,0.1319,15.3043,0.9326,23.4696,1.0563,397.5351,20.9191,0.0707,0.0068,67.8016,2.3751,1.4155,0.0227,0.0488,0.0,1.4202,0.2786,38.5261,1.5472,36.1402,18.8257,0.0026,0.0004,0.964,0.0108,43.4382,3.4747,1.0352,0.0065,0.5901,0.0867,8.4,2.0736,1.2627,0.3674,37.9558,1.3854,41.2948,16.9206,0.0047,0.0015,0.6095,0.1307,43.1926,2.9672,1.0313,0.0089,0.1197,0.0265,8.6,2.3022,1.7,0.6708,1.747,0.5155,39.0378,1.6202,33.8313,15.9918,0.0076,0.0034,0.9855,0.0124,43.627,3.1898,1.0433,0.0124,0.7986,0.1532,1.8733,0.4697,37.9963,1.3021,48.4139,14.9655,0.0054,0.0031,0.9345,0.0381,43.9503,3.4459,1.0471,0.0116,0.479,0.2001,2.2254,0.7283,39.15,1.5689,38.4047,16.8066,0.0093,0.0042,0.991,0.0029,44.2238,3.3691,1.0553,0.0175,0.8087,0.0667,2.0184,0.3541,38.336,1.2324,45.985,15.9627,0.0042,0.0011,0.9245,0.0217,44.1319,3.8649,1.6645,0.5001,38.8884,1.2486,34.6666,16.505,0.0192,0.0009,0.9864,0.001,43.7529,3.4474
9.486832980505138,232.4,176.8002,8.2,3.5637,5.6,1.1402,46.8,16.0997,3.3054,0.8198,87.1953,3.1967,33.9109,17.0194,0.006,0.0012,0.9695,0.0161,97.586,7.6652,1.0364,0.0086,0.6431,0.138,34.4315,2.0949,52.8061,2.3768,397.521,20.9154,0.1592,0.0153,152.6169,5.3787,1.4155,0.0227,0.0488,0.0,3.1843,0.6116,86.6862,3.4894,36.0644,19.0623,0.0056,0.0008,0.9575,0.0185,97.8697,8.0217,1.035,0.0063,0.559,0.1178,6.8,2.0494,2.9661,1.0405,85.1133,3.296,43.5826,18.3395,0.0093,0.0034,0.5735,0.1352,96.9631,6.7536,1.0327,0.0114,0.1112,0.0284,6.4,1.6733,1.4,0.8216,3.5812,0.9384,87.8662,3.0033,31.7185,19.201,0.0154,0.0036,0.982,0.0102,97.5194,7.0712,1.0395,0.0102,0.6928,0.0847,4.0681,1.0704,86.7189,3.3782,40.7876,21.4413,0.0136,0.0054,0.952,0.0587,97.0105,6.3977,1.0451,0.0114,0.5902,0.2362,4.7748,1.2822,89.2635,2.2276,30.5879,16.6167,0.0215,0.0049,0.986,0.0029,98.0633,6.4357,1.0524,0.0142,0.6403,0.0714,3.9948,0.787,85.2875,2.6354,48.3258,16.0057,0.0076,0.0013,0.902,0.0251,99.2017,8.6754,6.1029,1.3151,86.093,2.6427,55.5551,16.7465,0.0244,0.0015,0.9823,0.0012,98.74,9.1507
