,best_m,best_m,best_k,best_k,best_k_original_gs,best_k_original_gs,insample_lasso,insample_lasso,mse_lasso,mse_lasso,df_lasso,df_lasso,coef_recovery_lasso,coef_recovery_lasso,support_recovery_lasso,support_recovery_lasso,outsample_mse_lasso,outsample_mse_lasso,rte_lasso,rte_lasso,f_score_lasso,f_score_lasso,insample_ridge,insample_ridge,mse_ridge,mse_ridge,df_ridge,df_ridge,coef_recovery_ridge,coef_recovery_ridge,outsample_mse_ridge,outsample_mse_ridge,rte_ridge,rte_ridge,f_score_ridge,f_score_ridge,insample_elastic,insample_elastic,mse_elastic,mse_elastic,df_elastic,df_elastic,coef_recovery_elastic,coef_recovery_elastic,support_recovery_elastic,support_recovery_elastic,outsample_mse_elastic,outsample_mse_elastic,rte_elastic,rte_elastic,f_score_elastic,f_score_elastic,best_k_bagged_gs,best_k_bagged_gs,insample_bagged_gs,insample_bagged_gs,mse_bagged_gs,mse_bagged_gs,df_bagged_gs,df_bagged_gs,coef_recovery_bagged_gs,coef_recovery_bagged_gs,support_recovery_bagged_gs,support_recovery_bagged_gs,outsample_mse_bagged_gs,outsample_mse_bagged_gs,rte_bagged_gs,rte_bagged_gs,f_score_bagged_gs,f_score_bagged_gs,best_k_smeared_gs,best_k_smeared_gs,best_noise_scale,best_noise_scale,insample_smeared_gs,insample_smeared_gs,mse_smeared_gs,mse_smeared_gs,df_smeared_gs,df_smeared_gs,coef_recovery_smeared_gs,coef_recovery_smeared_gs,support_recovery_smeared_gs,support_recovery_smeared_gs,outsample_mse_smeared_gs,outsample_mse_smeared_gs,rte_smeared_gs,rte_smeared_gs,f_score_smeared_gs,f_score_smeared_gs,insample_rgs,insample_rgs,mse_rgs,mse_rgs,df_rgs,df_rgs,coef_recovery_rgs,coef_recovery_rgs,support_recovery_rgs,support_recovery_rgs,outsample_mse_rgs,outsample_mse_rgs,rte_rgs,rte_rgs,f_score_rgs,f_score_rgs,insample_original_gs,insample_original_gs,mse_original_gs,mse_original_gs,df_original_gs,df_original_gs,coef_recovery_original_gs,coef_recovery_original_gs,support_recovery_original_gs,support_recovery_original_gs,outsample_mse_original_gs,outsample_mse_original_gs,rte_original_gs,rte_original_gs,f_score_original_gs,f_score_original_gs
,mean,std,mean,std,mean,std,mean,std,mean,std,mean,std,mean,std,mean,std,mean,std,mean,std,mean,std,mean,std,mean,std,mean,std,mean,std,mean,std,mean,std,mean,std,mean,std,mean,std,mean,std,mean,std,mean,std,mean,std,mean,std,mean,std,mean,std,mean,std,mean,std,mean,std,mean,std,mean,std,mean,std,mean,std,mean,std,mean,std,mean,std,mean,std,mean,std,mean,std,mean,std,mean,std,mean,std,mean,std,mean,std,mean,std,mean,std,mean,std,mean,std,mean,std,mean,std,mean,std,mean,std,mean,std,mean,std,mean,std,mean,std,mean,std,mean,std,mean,std,mean,std
sigma,,,,,,,,,,,,,,,,,,,,,,,,,,,,,,,,,,,,,,,,,,,,,,,,,,,,,,,,,,,,,,,,,,,,,,,,,,,,,,,,,,,,,,,,,,,,,,,,,,,,,,,,,,,,,,,,,,,,,,,,,,
3.1622776601683795,372.6,61.2683,11.0,1.4142,11.0,1.4142,0.4148,0.0456,9.8804,0.375,26.7188,18.1913,0.0007,0.0001,0.978,0.02,9.6556,1.143,1.0413,0.0046,0.7318,0.1716,3.8209,0.154,6.013,0.1996,390.3931,12.8067,0.017,0.0014,13.1676,2.2188,1.4017,0.0171,0.0488,0.0,0.4148,0.0456,9.8804,0.375,26.7188,18.1913,0.0007,0.0001,0.978,0.02,9.6556,1.143,1.0413,0.0046,0.7318,0.1716,10.4,0.5477,0.1162,0.0473,9.7689,0.3141,17.3635,17.1251,0.0004,0.0001,0.875,0.1084,9.4869,1.1408,1.0111,0.0047,0.3921,0.2256,10.6,0.8944,1.2,0.7583,0.1531,0.1125,9.7689,0.3299,19.2095,20.9858,0.0005,0.0002,0.9785,0.044,9.4627,1.1536,1.0148,0.011,0.8406,0.2891,0.2043,0.1215,9.7447,0.3262,22.9792,21.1698,0.0006,0.0003,0.995,0.0087,9.5256,1.0766,1.02,0.0122,0.9247,0.124,0.2107,0.1285,9.7543,0.3242,22.8178,21.0922,0.0006,0.0003,0.9975,0.0035,9.5314,1.0703,1.0206,0.013,0.9557,0.0622
3.872983346207417,372.6,61.2683,11.0,1.4142,11.0,1.4142,0.6078,0.0624,14.7876,0.5461,27.3393,18.418,0.0011,0.0001,0.9755,0.0192,14.4746,1.7237,1.0403,0.0042,0.7037,0.16,5.7301,0.2307,9.0193,0.2995,390.3599,12.8091,0.0254,0.002,19.7527,3.3279,1.4016,0.017,0.0488,0.0,0.6078,0.0624,14.7876,0.5461,27.3393,18.418,0.0011,0.0001,0.9755,0.0192,14.4746,1.7237,1.0403,0.0042,0.7037,0.16,11.6,0.8944,0.2482,0.0848,14.3394,0.5064,30.294,18.9675,0.0008,0.0002,0.605,0.0641,14.2912,1.7599,1.016,0.0055,0.1141,0.0153,10.4,0.8944,0.7,0.2739,0.2239,0.1758,14.7125,0.5206,17.0473,22.3417,0.0007,0.0004,0.9985,0.0034,14.1769,1.7505,1.0144,0.0115,0.9739,0.0583,0.2986,0.1753,14.6154,0.4898,22.7711,21.0708,0.0009,0.0004,0.996,0.0065,14.2897,1.6135,1.0195,0.0117,0.9357,0.101,0.316,0.1927,14.6315,0.4863,22.8178,21.0922,0.0009,0.0004,0.9975,0.0035,14.2971,1.6054,1.0206,0.013,0.9557,0.0622
4.830458915396479,345.2,75.038,11.2,1.3038,11.0,1.4142,0.967,0.1087,23.0429,0.8738,26.9442,18.2672,0.0017,0.0002,0.9775,0.021,22.5319,2.6719,1.0412,0.0047,0.7295,0.1758,8.9119,0.3586,14.0298,0.4658,390.3307,12.8112,0.0396,0.0032,30.7283,5.1764,1.4015,0.017,0.0488,0.0,0.967,0.1087,23.0429,0.8738,26.9442,18.2672,0.0017,0.0002,0.9775,0.021,22.5319,2.6719,1.0412,0.0047,0.7295,0.1758,10.2,1.4832,0.6619,0.1528,22.3661,0.92,34.9087,20.3285,0.0025,0.0007,0.5985,0.1193,22.3895,2.7971,1.0277,0.0065,0.1194,0.0419,11.0,1.4142,0.6,0.2236,0.4667,0.2679,22.7351,0.769,22.82,21.0771,0.0014,0.0005,0.996,0.0045,22.2323,2.5067,1.0196,0.0116,0.9311,0.0763,0.4996,0.2431,22.6646,0.7844,25.0355,21.1865,0.0015,0.0005,0.993,0.0076,22.2165,2.5054,1.0209,0.0103,0.8895,0.1159,0.4916,0.2998,22.7601,0.7565,22.8178,21.0922,0.0015,0.0006,0.9975,0.0035,22.24,2.4974,1.0206,0.013,0.9557,0.0622
6.324555320336759,128.0,43.359,9.6,2.51,10.2,2.6833,1.6477,0.1964,39.4338,1.5563,27.6736,18.815,0.003,0.0004,0.9765,0.0207,38.6052,4.6232,1.041,0.0051,0.7218,0.1877,15.2749,0.6142,24.0507,0.7986,390.3027,12.8132,0.0678,0.0054,52.6802,8.8731,1.4015,0.017,0.0488,0.0,1.6477,0.1964,39.4338,1.5563,27.6736,18.815,0.003,0.0004,0.9765,0.0207,38.6052,4.6232,1.041,0.0051,0.7218,0.1877,8.0,1.0,1.3519,0.3696,38.6004,1.1582,34.3937,17.7439,0.0052,0.0015,0.613,0.0834,38.6942,4.6455,1.0332,0.0092,0.118,0.0238,10.0,2.8284,1.0,0.6124,1.9817,0.3287,39.0856,1.6629,36.2007,22.2701,0.0076,0.002,0.9855,0.0111,39.0539,4.7552,1.0491,0.0082,0.7844,0.1313,1.1712,0.2574,38.7746,1.322,29.9579,18.2251,0.0038,0.0015,0.963,0.0198,38.7937,4.3421,1.0288,0.0069,0.5982,0.1303,1.9799,0.641,39.188,1.5473,34.899,23.7498,0.0076,0.003,0.9915,0.0034,39.1125,5.1163,1.0489,0.0156,0.8332,0.0627
9.486832980505138,100.0,43.8178,7.4,2.3022,7.0,2.5495,3.6339,0.3492,88.7848,3.2684,26.9399,18.1777,0.0065,0.0006,0.9765,0.0197,86.8526,10.2976,1.0402,0.0038,0.7126,0.166,34.3627,1.3809,54.1136,1.7969,390.2726,12.8154,0.1526,0.0121,118.5381,19.9627,1.4014,0.017,0.0488,0.0,3.6534,0.3221,88.8597,3.2154,26.6314,18.0052,0.0065,0.0007,0.9765,0.0197,86.8519,10.2986,1.0404,0.0036,0.7126,0.166,6.0,1.5811,3.4307,0.7593,87.0155,3.7826,35.64,19.495,0.0111,0.0035,0.6265,0.1268,87.0089,10.8876,1.0375,0.0085,0.128,0.0427,6.6,2.0736,1.7,0.6708,4.8652,1.0992,88.6382,3.6958,34.5944,21.7057,0.0193,0.0034,0.9835,0.0096,89.565,10.1442,1.053,0.011,0.7222,0.1442,2.9744,0.7403,87.3246,3.1026,31.3876,20.1446,0.0082,0.0028,0.9605,0.0209,86.8082,9.7249,1.0327,0.0086,0.5883,0.1595,5.9484,1.0309,89.0526,3.9792,38.3102,23.0021,0.0237,0.0017,0.9825,0.004,92.0276,10.0326,1.0651,0.0106,0.5905,0.0509
