,best_m,best_m,best_k,best_k,best_k_original_gs,best_k_original_gs,insample_lasso,insample_lasso,mse_lasso,mse_lasso,df_lasso,df_lasso,coef_recovery_lasso,coef_recovery_lasso,support_recovery_lasso,support_recovery_lasso,outsample_mse_lasso,outsample_mse_lasso,rte_lasso,rte_lasso,f_score_lasso,f_score_lasso,insample_ridge,insample_ridge,mse_ridge,mse_ridge,df_ridge,df_ridge,coef_recovery_ridge,coef_recovery_ridge,outsample_mse_ridge,outsample_mse_ridge,rte_ridge,rte_ridge,f_score_ridge,f_score_ridge,insample_elastic,insample_elastic,mse_elastic,mse_elastic,df_elastic,df_elastic,coef_recovery_elastic,coef_recovery_elastic,support_recovery_elastic,support_recovery_elastic,outsample_mse_elastic,outsample_mse_elastic,rte_elastic,rte_elastic,f_score_elastic,f_score_elastic,best_k_bagged_gs,best_k_bagged_gs,insample_bagged_gs,insample_bagged_gs,mse_bagged_gs,mse_bagged_gs,df_bagged_gs,df_bagged_gs,coef_recovery_bagged_gs,coef_recovery_bagged_gs,support_recovery_bagged_gs,support_recovery_bagged_gs,outsample_mse_bagged_gs,outsample_mse_bagged_gs,rte_bagged_gs,rte_bagged_gs,f_score_bagged_gs,f_score_bagged_gs,best_k_smeared_gs,best_k_smeared_gs,best_noise_scale,best_noise_scale,insample_smeared_gs,insample_smeared_gs,mse_smeared_gs,mse_smeared_gs,df_smeared_gs,df_smeared_gs,coef_recovery_smeared_gs,coef_recovery_smeared_gs,support_recovery_smeared_gs,support_recovery_smeared_gs,outsample_mse_smeared_gs,outsample_mse_smeared_gs,rte_smeared_gs,rte_smeared_gs,f_score_smeared_gs,f_score_smeared_gs,insample_rgs,insample_rgs,mse_rgs,mse_rgs,df_rgs,df_rgs,coef_recovery_rgs,coef_recovery_rgs,support_recovery_rgs,support_recovery_rgs,outsample_mse_rgs,outsample_mse_rgs,rte_rgs,rte_rgs,f_score_rgs,f_score_rgs,insample_original_gs,insample_original_gs,mse_original_gs,mse_original_gs,df_original_gs,df_original_gs,coef_recovery_original_gs,coef_recovery_original_gs,support_recovery_original_gs,support_recovery_original_gs,outsample_mse_original_gs,outsample_mse_original_gs,rte_original_gs,rte_original_gs,f_score_original_gs,f_score_original_gs
,mean,std,mean,std,mean,std,mean,std,mean,std,mean,std,mean,std,mean,std,mean,std,mean,std,mean,std,mean,std,mean,std,mean,std,mean,std,mean,std,mean,std,mean,std,mean,std,mean,std,mean,std,mean,std,mean,std,mean,std,mean,std,mean,std,mean,std,mean,std,mean,std,mean,std,mean,std,mean,std,mean,std,mean,std,mean,std,mean,std,mean,std,mean,std,mean,std,mean,std,mean,std,mean,std,mean,std,mean,std,mean,std,mean,std,mean,std,mean,std,mean,std,mean,std,mean,std,mean,std,mean,std,mean,std,mean,std,mean,std,mean,std,mean,std,mean,std,mean,std,mean,std
sigma,,,,,,,,,,,,,,,,,,,,,,,,,,,,,,,,,,,,,,,,,,,,,,,,,,,,,,,,,,,,,,,,,,,,,,,,,,,,,,,,,,,,,,,,,,,,,,,,,,,,,,,,,,,,,,,,,,,,,,,,,,
3.1622776601683795,100.0,0.0,10.5,0.7071,10.5,0.7071,0.2503,0.0847,9.8894,0.4161,18.0477,19.6195,0.0026,0.0006,0.929,0.0495,9.9652,1.1343,1.0246,0.0084,0.7585,0.1252,0.9639,0.1042,9.0412,0.3427,96.1339,18.601,0.0159,0.002,10.797,1.1422,1.0961,0.0103,0.1818,0.0,0.2503,0.0847,9.8894,0.4161,18.0477,19.6195,0.0026,0.0006,0.929,0.0495,9.9652,1.1343,1.0246,0.0084,0.7585,0.1252,10.4,0.5164,0.1272,0.0353,9.8593,0.3599,13.3943,18.2788,0.0019,0.0007,0.735,0.2494,9.8091,1.1296,1.0122,0.0037,0.553,0.2638,10.5,0.7071,0.28,0.3795,0.1556,0.0607,9.8784,0.3575,13.8603,19.179,0.0021,0.0007,0.989,0.0218,9.7972,1.1596,1.0151,0.0064,0.9555,0.0818,0.1564,0.0615,9.8792,0.3581,13.8611,19.1822,0.0021,0.0007,0.995,0.0071,9.7935,1.1611,1.0152,0.0065,0.9766,0.0327,0.1564,0.0615,9.8792,0.3581,13.8611,19.1822,0.0021,0.0007,0.995,0.0071,9.7935,1.1611,1.0152,0.0065,0.9766,0.0327
3.872983346207417,100.0,0.0,10.5,0.7071,10.5,0.7071,0.3769,0.1305,14.8286,0.6306,18.2766,19.7622,0.0039,0.001,0.925,0.058,14.9501,1.7011,1.0247,0.0086,0.7532,0.138,1.4455,0.1557,13.5616,0.5141,96.1284,18.6159,0.0239,0.003,16.1953,1.7132,1.0961,0.0102,0.1818,0.0,0.3769,0.1305,14.8286,0.6306,18.2766,19.7622,0.0039,0.001,0.925,0.058,14.9501,1.7011,1.0247,0.0086,0.7532,0.138,10.7,0.6749,0.2323,0.0634,14.7101,0.5617,17.407,19.4419,0.0035,0.0013,0.49,0.1992,14.7538,1.6747,1.015,0.0044,0.3081,0.1064,10.5,0.7071,0.28,0.3795,0.234,0.0919,14.8181,0.5366,13.8643,19.1779,0.0032,0.001,0.992,0.0132,14.6938,1.7403,1.0151,0.0065,0.9647,0.0559,0.2346,0.0922,14.8187,0.5371,13.8611,19.1822,0.0032,0.001,0.995,0.0071,14.6903,1.7416,1.0152,0.0065,0.9766,0.0327,0.2346,0.0922,14.8187,0.5371,13.8611,19.1822,0.0032,0.001,0.995,0.0071,14.6903,1.7416,1.0152,0.0065,0.9766,0.0327
4.830458915396479,76.3,34.9605,11.0,0.8165,10.7,0.9487,0.5861,0.2032,23.0666,0.9811,18.2758,19.766,0.0061,0.0015,0.924,0.0578,23.2565,2.6463,1.0246,0.0086,0.7503,0.1379,2.2481,0.2414,21.0956,0.7997,96.1235,18.6291,0.0372,0.0047,25.1925,2.665,1.0961,0.0102,0.1818,0.0,0.586,0.2032,23.0669,0.9807,18.2653,19.7523,0.006,0.0015,0.924,0.0578,23.2562,2.6465,1.0246,0.0086,0.7503,0.1379,10.6,1.075,0.5218,0.1407,22.7862,0.9219,22.9056,20.3781,0.0084,0.0033,0.293,0.1073,23.1113,2.5912,1.0219,0.006,0.2235,0.0279,10.7,0.6749,0.55,0.4743,0.4145,0.1493,23.0002,0.854,16.0206,19.9611,0.0054,0.0018,0.984,0.0158,22.952,2.7245,1.0173,0.0067,0.9302,0.0646,0.4387,0.1872,22.9352,0.8958,17.9314,21.3068,0.0053,0.0018,0.931,0.1107,22.9897,2.7034,1.0183,0.0083,0.8249,0.2246,0.478,0.2136,23.0146,0.8461,17.0733,20.5865,0.0068,0.0047,0.991,0.0074,22.9306,2.7303,1.02,0.0093,0.9575,0.0339
6.324555320336759,55.0,33.964,9.9,0.8756,10.2,1.3166,1.0013,0.3547,39.5461,1.6616,18.1907,19.575,0.0104,0.0026,0.926,0.0499,39.8636,4.5261,1.0246,0.0088,0.7503,0.125,3.8532,0.4125,36.1637,1.3709,96.1189,18.6418,0.0637,0.008,43.1868,4.5685,1.096,0.0102,0.1818,0.0,1.0078,0.354,39.5255,1.6949,18.5286,20.0592,0.0102,0.0024,0.914,0.0772,39.8643,4.5289,1.0247,0.0088,0.7357,0.1535,8.9,1.4491,1.1535,0.2419,39.1626,1.6556,24.886,20.827,0.0198,0.0065,0.294,0.1543,39.8156,4.4259,1.0284,0.0058,0.2285,0.0509,9.9,1.4491,0.77,1.5326,1.1252,0.4465,39.5009,1.4045,20.3038,19.1714,0.0183,0.0098,0.947,0.1057,39.713,4.4124,1.0276,0.0111,0.8516,0.1849,0.9796,0.4253,39.4021,1.4549,19.7191,17.7402,0.0153,0.0093,0.904,0.0813,39.877,4.4555,1.024,0.0106,0.7202,0.1933,1.1455,0.4536,39.4954,1.3764,20.6267,18.4197,0.0187,0.0099,0.982,0.0114,39.8395,4.4557,1.0282,0.0112,0.911,0.0555
9.486832980505138,37.5,33.4141,6.8,1.3166,8.2,2.1499,2.2681,0.7929,89.0685,3.7165,17.7756,19.3482,0.0233,0.0057,0.933,0.049,89.698,10.207,1.0247,0.0087,0.7696,0.1244,8.6683,0.9251,81.3678,3.0846,96.1139,18.6555,0.1433,0.018,97.1701,10.2792,1.096,0.0101,0.1818,0.0,2.3034,0.7943,88.9558,3.9719,18.5978,20.8781,0.0223,0.0054,0.9,0.1207,89.774,10.2149,1.0251,0.0087,0.7339,0.1916,5.7,1.0593,2.514,0.6004,88.8361,3.6149,20.4329,18.4892,0.0397,0.0101,0.49,0.1852,89.6577,10.3047,1.0274,0.0064,0.3046,0.1004,7.9,2.1833,1.75,2.2712,3.3443,0.8224,88.9343,3.3647,24.4998,19.0935,0.057,0.0129,0.894,0.1144,90.0956,10.2927,1.0367,0.009,0.6693,0.16,2.5113,0.9266,89.3329,3.2553,17.6578,16.6022,0.0332,0.0191,0.876,0.0734,89.7492,9.8394,1.0274,0.0103,0.6301,0.1147,3.5791,0.8907,89.1834,3.3285,24.4208,18.6959,0.0622,0.0073,0.954,0.0126,90.2429,10.3011,1.0393,0.0099,0.7489,0.054
