,best_m,best_m,best_k,best_k,best_k_original_gs,best_k_original_gs,insample_lasso,insample_lasso,mse_lasso,mse_lasso,df_lasso,df_lasso,coef_recovery_lasso,coef_recovery_lasso,support_recovery_lasso,support_recovery_lasso,outsample_mse_lasso,outsample_mse_lasso,rte_lasso,rte_lasso,f_score_lasso,f_score_lasso,insample_ridge,insample_ridge,mse_ridge,mse_ridge,df_ridge,df_ridge,coef_recovery_ridge,coef_recovery_ridge,outsample_mse_ridge,outsample_mse_ridge,rte_ridge,rte_ridge,f_score_ridge,f_score_ridge,insample_elastic,insample_elastic,mse_elastic,mse_elastic,df_elastic,df_elastic,coef_recovery_elastic,coef_recovery_elastic,support_recovery_elastic,support_recovery_elastic,outsample_mse_elastic,outsample_mse_elastic,rte_elastic,rte_elastic,f_score_elastic,f_score_elastic,best_k_bagged_gs,best_k_bagged_gs,insample_bagged_gs,insample_bagged_gs,mse_bagged_gs,mse_bagged_gs,df_bagged_gs,df_bagged_gs,coef_recovery_bagged_gs,coef_recovery_bagged_gs,support_recovery_bagged_gs,support_recovery_bagged_gs,outsample_mse_bagged_gs,outsample_mse_bagged_gs,rte_bagged_gs,rte_bagged_gs,f_score_bagged_gs,f_score_bagged_gs,best_k_smeared_gs,best_k_smeared_gs,best_noise_scale,best_noise_scale,insample_smeared_gs,insample_smeared_gs,mse_smeared_gs,mse_smeared_gs,df_smeared_gs,df_smeared_gs,coef_recovery_smeared_gs,coef_recovery_smeared_gs,support_recovery_smeared_gs,support_recovery_smeared_gs,outsample_mse_smeared_gs,outsample_mse_smeared_gs,rte_smeared_gs,rte_smeared_gs,f_score_smeared_gs,f_score_smeared_gs,insample_rgs,insample_rgs,mse_rgs,mse_rgs,df_rgs,df_rgs,coef_recovery_rgs,coef_recovery_rgs,support_recovery_rgs,support_recovery_rgs,outsample_mse_rgs,outsample_mse_rgs,rte_rgs,rte_rgs,f_score_rgs,f_score_rgs,insample_original_gs,insample_original_gs,mse_original_gs,mse_original_gs,df_original_gs,df_original_gs,coef_recovery_original_gs,coef_recovery_original_gs,support_recovery_original_gs,support_recovery_original_gs,outsample_mse_original_gs,outsample_mse_original_gs,rte_original_gs,rte_original_gs,f_score_original_gs,f_score_original_gs
,mean,std,mean,std,mean,std,mean,std,mean,std,mean,std,mean,std,mean,std,mean,std,mean,std,mean,std,mean,std,mean,std,mean,std,mean,std,mean,std,mean,std,mean,std,mean,std,mean,std,mean,std,mean,std,mean,std,mean,std,mean,std,mean,std,mean,std,mean,std,mean,std,mean,std,mean,std,mean,std,mean,std,mean,std,mean,std,mean,std,mean,std,mean,std,mean,std,mean,std,mean,std,mean,std,mean,std,mean,std,mean,std,mean,std,mean,std,mean,std,mean,std,mean,std,mean,std,mean,std,mean,std,mean,std,mean,std,mean,std,mean,std,mean,std,mean,std,mean,std,mean,std
sigma,,,,,,,,,,,,,,,,,,,,,,,,,,,,,,,,,,,,,,,,,,,,,,,,,,,,,,,,,,,,,,,,,,,,,,,,,,,,,,,,,,,,,,,,,,,,,,,,,,,,,,,,,,,,,,,,,,,,,,,,,,
3.1622776601683795,371.0,178.6197,11.2,1.3038,11.0,1.7321,0.3063,0.0546,9.8206,0.2121,24.2845,10.2745,0.0005,0.0001,0.974,0.0202,10.1434,1.372,1.0302,0.0055,0.6456,0.1672,4.7113,0.2833,5.0971,0.2377,480.7072,23.0392,0.0158,0.0014,13.7122,2.4009,1.4714,0.028,0.0392,0.0,0.3063,0.0546,9.8206,0.2121,24.2845,10.2745,0.0005,0.0001,0.974,0.0202,10.1434,1.372,1.0302,0.0055,0.6456,0.1672,11.4,0.8944,0.096,0.0309,9.6292,0.3008,23.3405,15.6644,0.0002,0.0001,0.7484,0.1242,9.6194,1.1656,1.0091,0.0027,0.1921,0.1661,11.2,1.6432,1.4,0.8216,0.1645,0.1777,9.728,0.3319,21.8255,23.9077,0.0004,0.0004,0.9664,0.0378,9.6937,1.1317,1.016,0.0174,0.6737,0.3246,0.1546,0.0878,9.7206,0.3723,21.7006,20.9068,0.0004,0.0002,0.9864,0.0188,9.7059,1.2802,1.015,0.0084,0.813,0.24,0.1779,0.1871,9.7871,0.3286,19.5375,23.4853,0.0004,0.0004,0.998,0.0035,9.702,1.0588,1.0174,0.0184,0.9571,0.0722
3.872983346207417,386.0,156.1009,11.2,1.3038,11.0,1.7321,0.4538,0.0785,14.7381,0.2846,23.8567,9.7715,0.0007,0.0001,0.9732,0.0178,15.1966,2.0821,1.0298,0.0052,0.626,0.1288,7.0666,0.4248,7.6455,0.3565,480.704,23.0272,0.0237,0.0022,20.564,3.603,1.4714,0.028,0.0392,0.0,0.4538,0.0785,14.7381,0.2846,23.8567,9.7715,0.0007,0.0001,0.9732,0.0178,15.1966,2.0821,1.0298,0.0052,0.626,0.1288,12.2,1.3038,0.2098,0.0716,14.2303,0.4906,32.6498,17.3456,0.0006,0.0002,0.6336,0.1255,14.5545,1.8096,1.0135,0.0044,0.1117,0.0545,11.6,1.8166,0.6,0.2236,0.353,0.2865,14.5774,0.56,25.8553,26.5412,0.0008,0.0006,0.9948,0.0069,14.7771,2.0314,1.0231,0.0186,0.9,0.1242,0.2472,0.1519,14.5862,0.5487,22.035,21.3444,0.0006,0.0004,0.9888,0.0145,14.6195,1.8729,1.016,0.0097,0.8293,0.2129,0.2668,0.2806,14.6807,0.4929,19.5375,23.4853,0.0006,0.0006,0.998,0.0035,14.553,1.5883,1.0174,0.0184,0.9571,0.0722
4.830458915396479,299.0,186.0242,11.4,1.6733,11.6,1.8166,0.7045,0.1206,22.9128,0.458,24.1074,10.0425,0.001,0.0002,0.9724,0.0185,23.636,3.2254,1.0298,0.0051,0.6198,0.1298,10.9921,0.6607,11.8927,0.5545,480.7012,23.0166,0.0368,0.0033,31.9826,5.6071,1.4714,0.028,0.0392,0.0,0.7045,0.1206,22.9128,0.458,24.1074,10.0425,0.001,0.0002,0.9724,0.0185,23.636,3.2254,1.0298,0.0051,0.6198,0.1298,11.2,1.9235,0.5299,0.1818,22.1256,0.8413,37.236,18.6178,0.0017,0.0009,0.6028,0.1389,23.1291,2.8587,1.0222,0.0074,0.106,0.0573,11.6,1.8166,0.5,0.0,0.5566,0.4546,22.6828,0.8631,25.8674,26.5605,0.0013,0.001,0.9952,0.0061,23.0075,3.1897,1.0234,0.019,0.9053,0.1145,0.3895,0.2578,22.583,0.924,24.4257,24.1709,0.001,0.0006,0.9788,0.0215,22.6524,2.8966,1.0163,0.0106,0.7261,0.2612,0.5629,0.4611,22.6888,0.8566,25.8733,26.5686,0.0013,0.001,0.9968,0.0036,23.0256,3.2209,1.0237,0.0193,0.9311,0.0763
6.324555320336759,157.4,99.2588,9.6,1.8166,10.2,2.5884,1.2042,0.2286,39.2443,0.944,24.4982,11.5201,0.0018,0.0003,0.9728,0.0186,40.5417,5.5201,1.0297,0.0057,0.6278,0.152,18.843,1.1322,20.3872,0.9506,480.6986,23.0065,0.0631,0.0057,54.8177,9.6162,1.4714,0.028,0.0392,0.0,1.2042,0.2286,39.2443,0.944,24.4982,11.5201,0.0018,0.0003,0.9728,0.0186,40.5417,5.5201,1.0297,0.0057,0.6278,0.152,8.2,1.7889,1.0286,0.2256,38.5513,1.1507,30.9668,14.8128,0.0035,0.0013,0.682,0.1377,40.0881,4.9081,1.0253,0.0052,0.1283,0.056,10.0,2.3452,0.9,0.6519,1.4877,0.8115,39.2609,1.5438,27.8356,22.5527,0.005,0.0034,0.9888,0.0143,40.4249,5.6132,1.0368,0.0199,0.8075,0.1776,0.9537,0.1082,38.815,1.4606,26.7338,17.4277,0.0026,0.0002,0.964,0.0237,39.5541,5.1057,1.0234,0.0027,0.5798,0.2228,1.3166,0.8201,39.3486,1.5504,24.6005,22.0336,0.0044,0.0036,0.9956,0.0033,40.2474,5.1358,1.0325,0.0201,0.8903,0.0805
9.486832980505138,119.6,27.9339,7.4,2.3022,7.6,2.881,2.7338,0.5037,88.3919,1.8885,24.1219,10.3026,0.004,0.0007,0.9732,0.0183,91.2555,12.4679,1.0299,0.0056,0.629,0.1412,42.3958,2.5466,45.8706,2.1389,480.6957,22.9956,0.1421,0.0129,123.317,21.6459,1.4713,0.0279,0.0392,0.0,2.745,0.4933,88.5325,1.8856,23.4025,10.5067,0.0039,0.0007,0.9732,0.0183,91.2142,12.488,1.0301,0.0054,0.629,0.1412,6.6,1.8166,2.5155,0.5234,86.5176,2.663,33.3218,13.3185,0.0069,0.0019,0.6432,0.1442,90.7915,11.1033,1.0275,0.0058,0.115,0.0523,7.6,2.0736,1.7,0.6708,4.3562,1.1607,88.5044,3.8815,32.51,24.9448,0.0144,0.0034,0.9852,0.0121,94.5113,10.3332,1.048,0.0125,0.7226,0.1917,2.0913,0.27,87.7595,3.4113,24.0653,18.4135,0.0045,0.0009,0.968,0.0121,88.0877,11.3948,1.0228,0.0032,0.5674,0.089,4.8781,1.89,89.3335,4.5,30.8033,31.9892,0.0167,0.0052,0.988,0.0047,95.5412,11.7488,1.0538,0.0206,0.6646,0.0822
