,best_m,best_m,best_k,best_k,best_k_original_gs,best_k_original_gs,best_m_base,best_m_base,insample_lasso,insample_lasso,mse_lasso,mse_lasso,df_lasso,df_lasso,coef_recovery_lasso,coef_recovery_lasso,support_recovery_lasso,support_recovery_lasso,outsample_mse_lasso,outsample_mse_lasso,rte_lasso,rte_lasso,f_score_lasso,f_score_lasso,insample_ridge,insample_ridge,mse_ridge,mse_ridge,df_ridge,df_ridge,coef_recovery_ridge,coef_recovery_ridge,outsample_mse_ridge,outsample_mse_ridge,rte_ridge,rte_ridge,f_score_ridge,f_score_ridge,insample_elastic,insample_elastic,mse_elastic,mse_elastic,df_elastic,df_elastic,coef_recovery_elastic,coef_recovery_elastic,support_recovery_elastic,support_recovery_elastic,outsample_mse_elastic,outsample_mse_elastic,rte_elastic,rte_elastic,f_score_elastic,f_score_elastic,best_k_bagged_gs,best_k_bagged_gs,insample_bagged_gs,insample_bagged_gs,mse_bagged_gs,mse_bagged_gs,df_bagged_gs,df_bagged_gs,coef_recovery_bagged_gs,coef_recovery_bagged_gs,support_recovery_bagged_gs,support_recovery_bagged_gs,outsample_mse_bagged_gs,outsample_mse_bagged_gs,rte_bagged_gs,rte_bagged_gs,f_score_bagged_gs,f_score_bagged_gs,best_k_smeared_gs,best_k_smeared_gs,best_noise_scale,best_noise_scale,insample_smeared_gs,insample_smeared_gs,mse_smeared_gs,mse_smeared_gs,df_smeared_gs,df_smeared_gs,coef_recovery_smeared_gs,coef_recovery_smeared_gs,support_recovery_smeared_gs,support_recovery_smeared_gs,outsample_mse_smeared_gs,outsample_mse_smeared_gs,rte_smeared_gs,rte_smeared_gs,f_score_smeared_gs,f_score_smeared_gs,insample_rgs,insample_rgs,mse_rgs,mse_rgs,df_rgs,df_rgs,coef_recovery_rgs,coef_recovery_rgs,support_recovery_rgs,support_recovery_rgs,outsample_mse_rgs,outsample_mse_rgs,rte_rgs,rte_rgs,f_score_rgs,f_score_rgs,insample_original_gs,insample_original_gs,mse_original_gs,mse_original_gs,df_original_gs,df_original_gs,coef_recovery_original_gs,coef_recovery_original_gs,support_recovery_original_gs,support_recovery_original_gs,outsample_mse_original_gs,outsample_mse_original_gs,rte_original_gs,rte_original_gs,f_score_original_gs,f_score_original_gs,insample_base_rgs,insample_base_rgs,mse_base_rgs,mse_base_rgs,df_base_rgs,df_base_rgs,coef_recovery_base_rgs,coef_recovery_base_rgs,support_recovery_base_rgs,support_recovery_base_rgs,outsample_mse_base_rgs,outsample_mse_base_rgs,insample_base_gs,insample_base_gs,mse_base_gs,mse_base_gs,df_base_gs,df_base_gs,coef_recovery_base_gs,coef_recovery_base_gs,support_recovery_base_gs,support_recovery_base_gs,outsample_mse_base_gs,outsample_mse_base_gs
,mean,std,mean,std,mean,std,mean,std,mean,std,mean,std,mean,std,mean,std,mean,std,mean,std,mean,std,mean,std,mean,std,mean,std,mean,std,mean,std,mean,std,mean,std,mean,std,mean,std,mean,std,mean,std,mean,std,mean,std,mean,std,mean,std,mean,std,mean,std,mean,std,mean,std,mean,std,mean,std,mean,std,mean,std,mean,std,mean,std,mean,std,mean,std,mean,std,mean,std,mean,std,mean,std,mean,std,mean,std,mean,std,mean,std,mean,std,mean,std,mean,std,mean,std,mean,std,mean,std,mean,std,mean,std,mean,std,mean,std,mean,std,mean,std,mean,std,mean,std,mean,std,mean,std,mean,std,mean,std,mean,std,mean,std,mean,std,mean,std,mean,std,mean,std,mean,std,mean,std,mean,std,mean,std
sigma,,,,,,,,,,,,,,,,,,,,,,,,,,,,,,,,,,,,,,,,,,,,,,,,,,,,,,,,,,,,,,,,,,,,,,,,,,,,,,,,,,,,,,,,,,,,,,,,,,,,,,,,,,,,,,,,,,,,,,,,,,,,,,,,,,,,,,,,,,,,,,,,,,,,
3.1622776601683795,100.0,0.0,10.0,0.0,10.0,0.0,100.0,0.0,0.2512,0.0888,9.987,0.4912,13.194,25.1722,0.0021,0.0007,0.938,0.0385,10.103,2.5778,1.0247,0.009,0.7765,0.1003,0.8933,0.1213,9.1434,0.4475,87.4058,23.8071,0.0148,0.0024,10.7738,2.4355,1.0892,0.0119,0.1818,0.0,0.2512,0.0888,9.987,0.4912,13.194,25.1722,0.0021,0.0007,0.938,0.0385,10.103,2.5778,1.0247,0.009,0.7765,0.1003,10.2,0.6325,0.1114,0.0421,9.937,0.4691,8.7127,24.3323,0.0014,0.0006,0.871,0.2103,9.9478,2.5758,1.0105,0.0039,0.7157,0.1979,10.0,0.0,1.15,0.6258,0.105,0.0356,9.963,0.4632,7.0936,23.8418,0.0014,0.0005,1.0,0.0,9.926,2.5717,1.0098,0.0031,1.0,0.0,0.1038,0.0343,9.9604,0.4646,7.1618,23.9108,0.0014,0.0005,1.0,0.0,9.9012,2.5566,1.0098,0.0032,1.0,0.0,0.1038,0.0343,9.9604,0.4646,7.1618,23.9108,0.0014,0.0005,1.0,0.0,9.9012,2.5566,1.0098,0.0032,1.0,0.0,0.1038,0.0343,9.9604,0.4646,7.1618,23.9108,0.0014,0.0005,1.0,0.0,9.9012,2.5566,0.1038,0.0343,9.9604,0.4646,7.1618,23.9108,0.0731,0.0015,0.95,0.0,9.9012,2.5566
3.872983346207417,100.0,0.0,10.0,0.0,10.0,0.0,100.0,0.0,0.3741,0.1355,14.9794,0.7299,13.1443,25.1573,0.0032,0.0011,0.938,0.0379,15.1506,3.8662,1.0245,0.0091,0.776,0.0981,1.3394,0.1821,13.7149,0.6713,87.3937,23.809,0.0223,0.0036,16.1592,3.652,1.0891,0.0119,0.1818,0.0,0.3741,0.1355,14.9794,0.7299,13.1443,25.1573,0.0032,0.0011,0.938,0.0379,15.1506,3.8662,1.0245,0.0091,0.776,0.0981,10.4,0.8433,0.1973,0.0672,14.8374,0.7062,11.9873,24.2428,0.0027,0.001,0.582,0.195,14.9444,3.8539,1.0126,0.0042,0.3491,0.093,10.0,0.0,0.7,0.2582,0.1564,0.0532,14.9432,0.6955,7.0994,23.852,0.0021,0.0007,1.0,0.0,14.8817,3.8537,1.0098,0.0032,1.0,0.0,0.1557,0.0515,14.9407,0.6968,7.1618,23.9108,0.0021,0.0007,1.0,0.0,14.8518,3.8348,1.0098,0.0032,1.0,0.0,0.1557,0.0515,14.9407,0.6968,7.1618,23.9108,0.0021,0.0007,1.0,0.0,14.8518,3.8348,1.0098,0.0032,1.0,0.0,0.1557,0.0515,14.9407,0.6968,7.1618,23.9108,0.0021,0.0007,1.0,0.0,14.8518,3.8348,0.1557,0.0515,14.9407,0.6968,7.1618,23.9108,0.0734,0.002,0.95,0.0,14.8518,3.8348
4.830458915396479,91.2,27.828,10.4,0.9661,10.0,0.4714,100.0,0.0,0.5816,0.2123,23.2939,1.1356,13.2935,25.1868,0.0049,0.0017,0.937,0.0383,23.5643,6.0048,1.0245,0.0092,0.7734,0.0999,2.0827,0.2835,21.3341,1.0443,87.3831,23.8106,0.0346,0.0056,25.1345,5.6792,1.0891,0.0119,0.1818,0.0,0.5816,0.2123,23.2939,1.1356,13.2935,25.1868,0.0049,0.0017,0.937,0.0383,23.5643,6.0048,1.0245,0.0092,0.7734,0.0999,9.9,1.5239,0.4887,0.1851,23.025,1.097,17.0621,24.3894,0.0078,0.0033,0.426,0.1903,23.364,5.9961,1.0205,0.0077,0.2738,0.0721,9.9,0.3162,0.7,0.483,0.2936,0.1998,23.26,1.087,7.8553,24.1364,0.0043,0.0042,0.996,0.0097,23.1288,5.9934,1.012,0.0084,0.9817,0.0427,0.3429,0.3172,23.2005,1.1028,10.1834,25.9733,0.004,0.003,0.964,0.1104,23.2194,5.9124,1.0141,0.0134,0.9316,0.2001,0.3053,0.2075,23.2462,1.101,8.4025,24.7555,0.0044,0.0042,0.998,0.0042,23.082,5.9792,1.0125,0.0087,0.99,0.0212,0.2422,0.0801,23.241,1.084,7.1618,23.9108,0.0032,0.0011,1.0,0.0,23.1029,5.9653,0.2422,0.0801,23.241,1.084,7.1618,23.9108,0.074,0.0025,0.95,0.0,23.1029,5.9653
6.324555320336759,78.6,37.6894,10.6,2.319,10.4,1.7764,73.2,43.1658,0.997,0.3619,39.9547,1.9461,13.0159,25.0983,0.0084,0.0029,0.938,0.0361,40.391,10.3075,1.0245,0.0091,0.7748,0.0937,3.5693,0.4865,36.5724,1.7902,87.3729,23.8123,0.0594,0.0096,43.0844,9.733,1.0891,0.0119,0.1818,0.0,1.0128,0.3824,39.802,1.9952,15.12,26.2856,0.0083,0.0027,0.915,0.0809,40.4791,10.262,1.0248,0.0096,0.7391,0.1503,7.7,1.4944,1.1192,0.3904,39.7105,2.0596,17.5911,24.9057,0.0194,0.0081,0.484,0.1671,40.2332,10.338,1.0277,0.0094,0.2934,0.0684,9.9,1.7288,0.95,0.5986,0.964,0.4109,39.7901,1.9604,14.6584,24.3377,0.0159,0.0097,0.95,0.044,40.1204,10.4473,1.0238,0.0105,0.8141,0.1378,1.1991,0.6145,39.7351,2.0782,18.2819,24.1862,0.015,0.0092,0.905,0.1717,40.5752,10.2072,1.0296,0.0152,0.8078,0.2578,0.9973,0.4551,39.764,1.9306,15.4011,26.3357,0.0155,0.0092,0.982,0.0103,40.1622,10.1637,1.0247,0.0114,0.9126,0.0472,1.1128,0.7944,39.9153,2.0879,14.953,23.2235,0.0117,0.0071,0.89,0.1669,40.3591,10.5874,0.7141,0.4806,39.8171,1.8687,11.2016,27.1659,0.0757,0.0033,0.9491,0.0013,39.7534,10.4067
9.486832980505138,39.3,39.3448,8.4,3.8644,6.0,1.633,18.0,17.2755,2.2776,0.8475,89.952,4.4123,12.9069,25.132,0.019,0.0064,0.939,0.037,90.9388,23.203,1.0249,0.0095,0.776,0.0981,8.0284,1.0957,82.2875,4.0279,87.3619,23.8141,0.1335,0.0217,96.9322,21.8925,1.089,0.012,0.1818,0.0,2.3263,0.693,89.3688,4.6049,16.414,26.3373,0.0173,0.0042,0.888,0.1101,91.3186,23.1232,1.0253,0.0078,0.6966,0.1785,5.3,1.3375,2.5779,0.9852,89.6634,4.6734,16.1752,25.2458,0.0377,0.0153,0.563,0.2026,90.7984,23.252,1.0283,0.0107,0.3507,0.136,6.1,1.5951,1.85,0.4743,3.4937,1.7777,90.6736,4.7484,15.6516,24.7689,0.0623,0.0262,0.958,0.0148,91.097,23.7753,1.0386,0.0197,0.7731,0.1205,3.6388,1.7142,90.1539,5.2542,19.3417,25.798,0.0426,0.0323,0.771,0.184,92.6112,23.8064,1.0403,0.0194,0.5339,0.2652,3.9564,1.6429,91.0467,4.8937,16.1491,25.1928,0.072,0.0255,0.954,0.0135,91.8466,23.224,1.0436,0.0183,0.7032,0.115,2.8213,0.7979,89.1331,4.3003,20.4698,24.948,0.0256,0.0096,0.717,0.0924,91.6389,23.6677,3.1172,0.8254,89.0094,4.2214,22.7984,24.5375,0.0879,0.0069,0.9398,0.0039,91.3313,23.0439
