,best_m,best_m,best_k,best_k,best_k_original_gs,best_k_original_gs,best_m_base,best_m_base,insample_lasso,insample_lasso,mse_lasso,mse_lasso,df_lasso,df_lasso,coef_recovery_lasso,coef_recovery_lasso,support_recovery_lasso,support_recovery_lasso,outsample_mse_lasso,outsample_mse_lasso,rte_lasso,rte_lasso,f_score_lasso,f_score_lasso,insample_ridge,insample_ridge,mse_ridge,mse_ridge,df_ridge,df_ridge,coef_recovery_ridge,coef_recovery_ridge,outsample_mse_ridge,outsample_mse_ridge,rte_ridge,rte_ridge,f_score_ridge,f_score_ridge,insample_elastic,insample_elastic,mse_elastic,mse_elastic,df_elastic,df_elastic,coef_recovery_elastic,coef_recovery_elastic,support_recovery_elastic,support_recovery_elastic,outsample_mse_elastic,outsample_mse_elastic,rte_elastic,rte_elastic,f_score_elastic,f_score_elastic,best_k_bagged_gs,best_k_bagged_gs,insample_bagged_gs,insample_bagged_gs,mse_bagged_gs,mse_bagged_gs,df_bagged_gs,df_bagged_gs,coef_recovery_bagged_gs,coef_recovery_bagged_gs,support_recovery_bagged_gs,support_recovery_bagged_gs,outsample_mse_bagged_gs,outsample_mse_bagged_gs,rte_bagged_gs,rte_bagged_gs,f_score_bagged_gs,f_score_bagged_gs,best_k_smeared_gs,best_k_smeared_gs,best_noise_scale,best_noise_scale,insample_smeared_gs,insample_smeared_gs,mse_smeared_gs,mse_smeared_gs,df_smeared_gs,df_smeared_gs,coef_recovery_smeared_gs,coef_recovery_smeared_gs,support_recovery_smeared_gs,support_recovery_smeared_gs,outsample_mse_smeared_gs,outsample_mse_smeared_gs,rte_smeared_gs,rte_smeared_gs,f_score_smeared_gs,f_score_smeared_gs,insample_rgs,insample_rgs,mse_rgs,mse_rgs,df_rgs,df_rgs,coef_recovery_rgs,coef_recovery_rgs,support_recovery_rgs,support_recovery_rgs,outsample_mse_rgs,outsample_mse_rgs,rte_rgs,rte_rgs,f_score_rgs,f_score_rgs,insample_original_gs,insample_original_gs,mse_original_gs,mse_original_gs,df_original_gs,df_original_gs,coef_recovery_original_gs,coef_recovery_original_gs,support_recovery_original_gs,support_recovery_original_gs,outsample_mse_original_gs,outsample_mse_original_gs,rte_original_gs,rte_original_gs,f_score_original_gs,f_score_original_gs,insample_base_rgs,insample_base_rgs,mse_base_rgs,mse_base_rgs,df_base_rgs,df_base_rgs,coef_recovery_base_rgs,coef_recovery_base_rgs,support_recovery_base_rgs,support_recovery_base_rgs,outsample_mse_base_rgs,outsample_mse_base_rgs,insample_base_gs,insample_base_gs,mse_base_gs,mse_base_gs,df_base_gs,df_base_gs,coef_recovery_base_gs,coef_recovery_base_gs,support_recovery_base_gs,support_recovery_base_gs,outsample_mse_base_gs,outsample_mse_base_gs
,mean,std,mean,std,mean,std,mean,std,mean,std,mean,std,mean,std,mean,std,mean,std,mean,std,mean,std,mean,std,mean,std,mean,std,mean,std,mean,std,mean,std,mean,std,mean,std,mean,std,mean,std,mean,std,mean,std,mean,std,mean,std,mean,std,mean,std,mean,std,mean,std,mean,std,mean,std,mean,std,mean,std,mean,std,mean,std,mean,std,mean,std,mean,std,mean,std,mean,std,mean,std,mean,std,mean,std,mean,std,mean,std,mean,std,mean,std,mean,std,mean,std,mean,std,mean,std,mean,std,mean,std,mean,std,mean,std,mean,std,mean,std,mean,std,mean,std,mean,std,mean,std,mean,std,mean,std,mean,std,mean,std,mean,std,mean,std,mean,std,mean,std,mean,std,mean,std,mean,std,mean,std,mean,std
sigma,,,,,,,,,,,,,,,,,,,,,,,,,,,,,,,,,,,,,,,,,,,,,,,,,,,,,,,,,,,,,,,,,,,,,,,,,,,,,,,,,,,,,,,,,,,,,,,,,,,,,,,,,,,,,,,,,,,,,,,,,,,,,,,,,,,,,,,,,,,,,,,,,,,,
3.1622776601683795,100.0,0.0,13.6,2.6331,13.6,2.6331,100.0,0.0,0.4534,0.1782,9.8931,0.3561,27.9866,17.1504,0.0074,0.0028,0.262,0.0603,10.4853,1.4567,1.045,0.0175,0.4784,0.0487,0.9253,0.1243,9.0955,0.2978,91.3956,16.2058,0.0161,0.0022,11.1108,1.2164,1.0931,0.0125,0.7261,0.0,0.4534,0.1782,9.8931,0.3561,27.9866,17.1504,0.0074,0.0028,0.262,0.0603,10.4853,1.4567,1.045,0.0175,0.4784,0.0487,13.4,1.5776,0.3013,0.1217,9.8346,0.3199,23.3109,15.8257,0.0053,0.0022,0.751,0.1641,10.1819,1.333,1.0291,0.0119,0.6883,0.0456,13.3,1.8288,1.45,0.7246,0.2959,0.1118,9.8878,0.3684,20.3828,17.7891,0.0052,0.0024,0.325,0.2264,10.1765,1.2993,1.0286,0.0113,0.4808,0.1306,0.3312,0.1139,9.9222,0.3701,20.4292,20.2379,0.0057,0.0024,0.136,0.0263,10.2056,1.3407,1.0328,0.0114,0.3698,0.0416,0.3312,0.1139,9.9222,0.3701,20.4292,20.2379,0.0057,0.0024,0.136,0.0263,10.2056,1.3407,1.0328,0.0114,0.3698,0.0416,0.9954,0.158,10.5547,0.3383,22.0115,14.8471,0.0212,0.0031,0.1,0.0,11.1208,1.5241,0.9954,0.158,10.5547,0.3383,22.0115,14.8471,0.0899,0.0042,0.05,0.0,11.1208,1.5241
3.872983346207417,100.0,0.0,11.6,1.5055,11.6,1.5055,100.0,0.0,0.6519,0.2667,14.8546,0.526,26.5502,16.9436,0.0105,0.004,0.247,0.0583,15.7031,2.2137,1.0431,0.0173,0.4551,0.0532,1.3864,0.1869,13.643,0.4467,91.3548,16.2317,0.0241,0.0033,16.6611,1.82,1.093,0.0125,0.7261,0.0,0.6519,0.2667,14.8546,0.526,26.5502,16.9436,0.0105,0.004,0.247,0.0583,15.7031,2.2137,1.0431,0.0173,0.4551,0.0532,13.3,1.7029,0.4899,0.2973,14.689,0.477,26.6717,15.9623,0.0088,0.0055,0.861,0.0953,15.3707,2.0565,1.0318,0.0194,0.7089,0.0234,12.3,1.1595,1.3,0.7528,0.4615,0.1907,14.8867,0.4445,19.1408,15.592,0.0082,0.0031,0.218,0.1226,15.3458,2.0761,1.03,0.0124,0.4206,0.1009,0.5999,0.5787,15.0303,0.5043,18.9685,16.5249,0.011,0.0101,0.116,0.0151,15.5336,2.2584,1.0396,0.0387,0.3317,0.0357,0.5999,0.5787,15.0303,0.5043,18.9685,16.5249,0.011,0.0101,0.116,0.0151,15.5336,2.2584,1.0396,0.0387,0.3317,0.0357,1.041,0.1768,15.464,0.4726,19.2141,14.4106,0.0219,0.0033,0.1,0.0,16.1293,2.1814,1.041,0.1768,15.464,0.4726,19.2141,14.4106,0.0904,0.0044,0.05,0.0,16.1293,2.1814
4.830458915396479,91.2,27.828,12.2,3.1903,11.9,2.8067,96.6,10.7517,0.9963,0.482,23.1823,0.859,24.5601,17.4647,0.0154,0.0069,0.221,0.057,24.4558,3.6179,1.0423,0.0202,0.4315,0.0623,2.1545,0.2915,21.222,0.6948,91.3189,16.2547,0.0374,0.0052,25.9105,2.8249,1.0929,0.0126,0.7261,0.0,0.9963,0.482,23.1823,0.859,24.5601,17.4647,0.0154,0.0069,0.221,0.057,24.4558,3.6179,1.0423,0.0202,0.4315,0.0623,13.3,3.093,0.8845,0.5026,22.7074,0.8241,32.3339,16.1882,0.0157,0.0092,0.884,0.1591,24.1075,3.1095,1.0371,0.0211,0.6995,0.0514,11.7,2.2136,1.05,0.6852,0.8661,0.7446,23.1808,0.7825,21.8064,17.3385,0.0161,0.0141,0.182,0.1259,23.9348,3.2227,1.0364,0.0315,0.3758,0.0908,0.9343,0.7383,23.2007,0.7259,22.8398,16.9428,0.0169,0.0143,0.151,0.1119,24.0436,2.8866,1.0396,0.0315,0.3463,0.0878,0.9135,0.7441,23.2333,0.7104,21.6966,16.7477,0.0168,0.0143,0.119,0.0281,23.9123,3.1539,1.0388,0.0317,0.3266,0.0459,1.3103,0.4802,23.7482,0.8478,19.1701,14.3624,0.0253,0.006,0.105,0.0158,24.6343,3.1692,1.2139,0.3851,23.654,0.6934,19.1228,14.4213,0.0913,0.0048,0.05,0.0,24.5384,3.1505
6.324555320336759,63.3,47.4085,13.1,4.0125,11.0,2.582,96.6,10.7517,1.514,0.6367,39.6919,1.3952,22.7535,17.27,0.0217,0.007,0.202,0.0549,41.7062,6.0596,1.0374,0.0154,0.4057,0.0651,3.6902,0.5008,36.3801,1.1911,91.2845,16.2768,0.064,0.009,44.407,4.8325,1.0928,0.0126,0.7261,0.0,1.517,0.6366,39.6987,1.3833,22.7056,17.1851,0.0217,0.007,0.202,0.0549,41.7076,6.059,1.0375,0.0154,0.4057,0.0651,10.2,3.0111,1.648,0.4532,39.2209,1.4706,30.3087,17.4967,0.0312,0.008,0.803,0.2392,41.5134,5.2448,1.0405,0.0109,0.6685,0.0906,11.4,3.2042,1.3,0.7528,1.6103,0.6952,39.5803,1.7338,25.3498,18.2036,0.0297,0.0149,0.207,0.1343,41.4474,5.0463,1.0398,0.0172,0.3917,0.1377,1.567,0.5783,39.3793,1.4817,27.3188,18.2856,0.0261,0.0099,0.298,0.259,41.4194,5.3407,1.0388,0.014,0.4224,0.1616,1.8151,0.6373,39.7728,1.5144,25.5032,16.4803,0.0339,0.0132,0.11,0.0258,41.6206,4.7996,1.0451,0.0157,0.2983,0.0546,1.7538,0.5983,40.0474,1.1127,21.3076,16.2499,0.0319,0.0079,0.103,0.0095,41.7016,5.2322,1.6888,0.5351,40.0269,1.1364,20.753,15.4429,0.0938,0.0067,0.05,0.0,41.5524,5.2942
9.486832980505138,43.0,43.0349,9.8,4.1042,6.7,1.0593,11.5,3.2404,2.8122,0.8056,89.4878,3.2473,18.4503,18.2267,0.0357,0.0052,0.178,0.041,93.0986,12.9795,1.0307,0.0083,0.3727,0.048,8.2954,1.1297,81.8544,2.6799,91.2475,16.3009,0.1439,0.0203,99.8896,10.8486,1.0928,0.0127,0.7261,0.0,2.8374,0.8071,89.4821,3.2226,18.6219,18.2613,0.0346,0.0054,0.187,0.0512,93.0848,12.8265,1.031,0.0083,0.3782,0.053,6.1,1.3703,2.9573,0.4826,89.04,3.2155,21.7408,17.0224,0.0524,0.0107,0.694,0.1785,92.7657,12.1232,1.0322,0.0049,0.6605,0.0639,6.2,0.6325,1.55,0.7246,3.8483,0.4298,90.4234,2.7128,19.0079,15.8006,0.0803,0.0117,0.098,0.0319,93.6266,12.9384,1.0422,0.0041,0.2584,0.053,3.3588,0.7174,89.1502,3.5787,23.3577,19.1469,0.0482,0.022,0.331,0.2612,93.8461,11.6152,1.037,0.0074,0.434,0.1952,4.1683,0.6447,90.346,2.8853,21.2136,16.8833,0.0838,0.0149,0.067,0.0106,93.7991,13.0072,1.0459,0.0066,0.1913,0.0209,3.203,0.9339,88.9892,2.669,23.3866,14.6054,0.0339,0.0093,0.433,0.0699,94.4517,12.63,4.0823,1.1017,88.8327,2.6698,29.1351,17.577,0.1073,0.0111,0.05,0.0,93.5526,11.704
