,best_m,best_m,best_k,best_k,best_k_original_gs,best_k_original_gs,best_m_base,best_m_base,insample_lasso,insample_lasso,mse_lasso,mse_lasso,df_lasso,df_lasso,coef_recovery_lasso,coef_recovery_lasso,support_recovery_lasso,support_recovery_lasso,outsample_mse_lasso,outsample_mse_lasso,rte_lasso,rte_lasso,f_score_lasso,f_score_lasso,insample_ridge,insample_ridge,mse_ridge,mse_ridge,df_ridge,df_ridge,coef_recovery_ridge,coef_recovery_ridge,outsample_mse_ridge,outsample_mse_ridge,rte_ridge,rte_ridge,f_score_ridge,f_score_ridge,insample_elastic,insample_elastic,mse_elastic,mse_elastic,df_elastic,df_elastic,coef_recovery_elastic,coef_recovery_elastic,support_recovery_elastic,support_recovery_elastic,outsample_mse_elastic,outsample_mse_elastic,rte_elastic,rte_elastic,f_score_elastic,f_score_elastic,best_k_bagged_gs,best_k_bagged_gs,insample_bagged_gs,insample_bagged_gs,mse_bagged_gs,mse_bagged_gs,df_bagged_gs,df_bagged_gs,coef_recovery_bagged_gs,coef_recovery_bagged_gs,support_recovery_bagged_gs,support_recovery_bagged_gs,outsample_mse_bagged_gs,outsample_mse_bagged_gs,rte_bagged_gs,rte_bagged_gs,f_score_bagged_gs,f_score_bagged_gs,best_k_smeared_gs,best_k_smeared_gs,best_noise_scale,best_noise_scale,insample_smeared_gs,insample_smeared_gs,mse_smeared_gs,mse_smeared_gs,df_smeared_gs,df_smeared_gs,coef_recovery_smeared_gs,coef_recovery_smeared_gs,support_recovery_smeared_gs,support_recovery_smeared_gs,outsample_mse_smeared_gs,outsample_mse_smeared_gs,rte_smeared_gs,rte_smeared_gs,f_score_smeared_gs,f_score_smeared_gs,insample_rgs,insample_rgs,mse_rgs,mse_rgs,df_rgs,df_rgs,coef_recovery_rgs,coef_recovery_rgs,support_recovery_rgs,support_recovery_rgs,outsample_mse_rgs,outsample_mse_rgs,rte_rgs,rte_rgs,f_score_rgs,f_score_rgs,insample_original_gs,insample_original_gs,mse_original_gs,mse_original_gs,df_original_gs,df_original_gs,coef_recovery_original_gs,coef_recovery_original_gs,support_recovery_original_gs,support_recovery_original_gs,outsample_mse_original_gs,outsample_mse_original_gs,rte_original_gs,rte_original_gs,f_score_original_gs,f_score_original_gs,insample_base_rgs,insample_base_rgs,mse_base_rgs,mse_base_rgs,df_base_rgs,df_base_rgs,coef_recovery_base_rgs,coef_recovery_base_rgs,support_recovery_base_rgs,support_recovery_base_rgs,outsample_mse_base_rgs,outsample_mse_base_rgs,insample_base_gs,insample_base_gs,mse_base_gs,mse_base_gs,df_base_gs,df_base_gs,coef_recovery_base_gs,coef_recovery_base_gs,support_recovery_base_gs,support_recovery_base_gs,outsample_mse_base_gs,outsample_mse_base_gs
,mean,std,mean,std,mean,std,mean,std,mean,std,mean,std,mean,std,mean,std,mean,std,mean,std,mean,std,mean,std,mean,std,mean,std,mean,std,mean,std,mean,std,mean,std,mean,std,mean,std,mean,std,mean,std,mean,std,mean,std,mean,std,mean,std,mean,std,mean,std,mean,std,mean,std,mean,std,mean,std,mean,std,mean,std,mean,std,mean,std,mean,std,mean,std,mean,std,mean,std,mean,std,mean,std,mean,std,mean,std,mean,std,mean,std,mean,std,mean,std,mean,std,mean,std,mean,std,mean,std,mean,std,mean,std,mean,std,mean,std,mean,std,mean,std,mean,std,mean,std,mean,std,mean,std,mean,std,mean,std,mean,std,mean,std,mean,std,mean,std,mean,std,mean,std,mean,std,mean,std,mean,std,mean,std
sigma,,,,,,,,,,,,,,,,,,,,,,,,,,,,,,,,,,,,,,,,,,,,,,,,,,,,,,,,,,,,,,,,,,,,,,,,,,,,,,,,,,,,,,,,,,,,,,,,,,,,,,,,,,,,,,,,,,,,,,,,,,,,,,,,,,,,,,,,,,,,,,,,,,,,
3.1622776601683795,19.3,26.285,1.2,0.4216,1.1,0.3162,2.2,0.4216,73.5096,97.2065,52800.0539,76047.8764,-2633191.3849,3794276.6332,0.1265,0.08,0.898,0.0079,26340.9698,50299.2699,2.2344,0.7218,0.0,0.0,5343.4182,7626.5409,47426.3328,68359.5924,-2101542.0822,3034033.7224,63.621,90.1458,35385.1571,57397.1625,537.495,768.0376,0.1818,0.0,81.7725,113.0233,52648.9421,76003.1226,-2625230.6243,3791917.1193,0.2055,0.325,0.813,0.1317,26357.0091,50303.468,3.0404,3.2388,0.1092,0.1221,1.0,0.0,276.3786,326.115,52297.0586,75379.9582,-2597933.4665,3749560.9297,2.1744,2.5234,0.637,0.0525,26626.7498,50480.7228,22.7085,25.0549,0.2248,0.0492,1.1,0.3162,1.55,0.7246,495.0806,625.029,52402.3726,75561.0199,-2592269.7352,3745279.8451,4.7278,5.9906,0.895,0.0085,26759.7688,50477.2512,44.6882,53.6671,0.053,0.0855,98.7253,114.3941,52544.3578,75785.5034,-2619159.8429,3781007.4616,0.3728,0.3924,0.589,0.2121,26458.5863,50511.191,4.7458,3.878,0.1399,0.0594,494.4064,624.1365,52402.333,75560.9854,-2592301.4314,3745413.9862,4.7276,5.9903,0.895,0.0085,26757.0286,50474.7983,44.6863,53.6633,0.053,0.0855,266.5169,373.2413,51357.5516,74013.8505,-2551497.6825,3679052.9138,1.8989,2.4955,0.218,0.0358,26883.6028,50810.6294,2381.3737,3453.4476,50507.3167,72700.0824,-2403391.3537,3458963.0832,14.6395,20.8696,0.8675,0.0157,30455.3813,53911.0385
3.872983346207417,18.5,24.015,1.2,0.4216,1.1,0.3162,2.0,0.0,105.3195,145.9549,79201.1152,114076.6132,-2633390.4979,3794433.8423,0.1389,0.1198,0.897,0.0067,39487.0751,75418.0138,1.9025,0.7348,0.0,0.0,8015.052,11439.7038,71139.4996,102539.3903,-2101544.6082,3034037.3302,95.4305,135.2171,53077.4854,86095.481,537.4898,768.0303,0.1818,0.0,113.6794,160.2333,79011.4902,114021.0513,-2626797.5989,3792513.3944,0.2173,0.3483,0.833,0.1304,39508.0969,75421.4649,2.4449,2.3309,0.0428,0.0936,1.0,0.0,409.1361,484.5463,78445.3634,113071.0909,-2598106.8712,3749749.7294,3.2049,3.7328,0.618,0.0561,39920.6921,75688.1947,22.3457,24.7545,0.198,0.045,1.1,0.3162,1.6,0.6583,737.8523,937.6048,78604.0715,113347.0035,-2592445.597,3745461.845,7.0415,8.9811,0.895,0.0085,40117.5725,75686.5352,44.3806,53.6991,0.053,0.0855,144.6079,190.1359,78829.7862,113702.6926,-2619716.9394,3781650.9831,0.5269,0.7985,0.58,0.2218,39695.9401,75791.343,4.5201,5.216,0.1361,0.0775,736.8146,936.2257,78604.0122,113346.9519,-2592478.1808,3745597.2693,7.041,8.9803,0.895,0.0085,40113.4404,75682.8257,44.3772,53.6926,0.053,0.0855,376.5728,529.0804,77137.0179,111112.3287,-2555623.3217,3682579.25,2.7647,3.9052,0.188,0.0266,40351.1791,76198.1704,3570.9158,5178.219,75762.5295,109052.6774,-2403481.2377,3459114.1427,21.9621,31.2984,0.8649,0.0141,45687.1374,80819.3273
4.830458915396479,17.8,23.9759,1.2,0.4216,1.1,0.3162,2.1,0.3162,158.4063,227.1845,123204.1166,177459.3328,-2633557.598,3794578.8788,0.1604,0.1859,0.893,0.0048,61392.2337,117274.6642,1.6683,0.7453,0.0,0.0,12467.7553,17794.9471,110661.4447,159505.7206,-2101546.8361,3034040.5121,148.4461,210.3353,82564.634,133925.9432,537.4852,768.0238,0.1818,0.0,186.1172,281.7517,122810.4378,177340.1262,-2624536.8475,3791860.2353,0.4315,1.0199,0.832,0.1191,61434.7166,117289.8191,2.8256,4.3093,0.0436,0.0948,1.0,0.0,631.2417,751.4027,122028.8119,175894.4582,-2598275.6274,3749921.5491,4.9314,5.7772,0.605,0.0633,62073.5344,117697.3285,22.1227,24.6622,0.1839,0.0444,1.1,0.3162,1.8,0.4216,1142.9557,1458.0635,122274.628,176325.3245,-2592583.5135,3745637.896,10.9015,13.9595,0.894,0.007,62369.8115,117698.0443,44.1814,53.7068,0.0515,0.083,221.6137,294.804,122608.9277,176882.1704,-2619463.2145,3781905.541,0.7846,1.23,0.59,0.1993,61711.6539,117859.3697,4.3756,5.1864,0.1381,0.0891,1141.6334,1455.6881,122274.7767,176325.063,-2592615.0025,3745773.26,10.904,13.9557,0.893,0.0067,62362.9304,117692.5728,44.1922,53.6892,0.0348,0.0736,638.0776,936.8774,119829.8616,172558.7829,-2551056.0474,3674319.14,5.01,7.8228,0.196,0.035,62835.188,118531.3897,5550.8287,8054.3913,117856.8928,169640.8666,-2403652.456,3459199.8289,34.1182,48.6676,0.864,0.0117,71042.7044,125672.6037
6.324555320336759,14.4,22.2171,1.8,1.6193,1.1,0.3162,2.4,0.5164,264.6084,389.6822,211212.8987,304227.1665,-2633717.2753,3794717.4865,0.2032,0.3178,0.896,0.007,105193.3444,200973.2323,1.4935,0.7554,0.0,0.0,21373.1258,30505.3819,189705.3352,273438.382,-2101548.965,3034043.5527,254.4766,360.5709,141538.8105,229586.7406,537.4808,768.0176,0.1818,0.0,300.7854,457.2501,210604.9754,304021.017,-2625674.0729,3792019.0984,0.5527,1.3777,0.843,0.1267,105257.6642,200993.3083,2.3733,3.4254,0.0164,0.0518,1.0,0.0,1075.3757,1284.3387,209197.2418,301541.1675,-2598422.303,3750064.7228,8.3868,9.8572,0.597,0.0757,106369.2277,201698.8918,21.9557,24.5671,0.1703,0.0488,1.1,0.3162,1.55,0.7246,1952.374,2499.4142,209618.1829,302284.7227,-2592727.2887,3745800.0816,18.6134,23.9176,0.892,0.0042,106878.5186,201700.6305,44.0164,53.7275,0.0333,0.0703,362.828,510.9609,210254.7159,303227.6522,-2620525.4497,3781861.5739,1.1711,2.1277,0.552,0.2052,105777.3168,202026.6438,3.95,5.2516,0.1545,0.0647,1950.1638,2495.5569,209618.7,302284.0769,-2592761.3448,3745929.7187,18.6184,23.9131,0.893,0.0067,106862.6613,201692.9325,44.0288,53.7159,0.0348,0.0736,1201.3953,1693.2075,205155.0406,295591.8915,-2546371.6458,3670573.3092,9.6957,13.9328,0.223,0.0517,107801.1223,202860.1657,9512.2543,13805.5981,202048.3419,290818.7276,-2403794.8948,3459296.9386,58.5434,83.4274,0.8618,0.0094,121810.8007,215327.5984
9.486832980505138,22.3,27.0311,1.2,0.4216,1.1,0.3162,2.0,0.0,583.3036,877.2962,475247.9624,684538.1783,-2633889.3559,3794866.8761,0.3314,0.713,0.897,0.0048,236567.7999,452022.7268,1.3586,0.7662,0.0,0.0,48089.1238,68636.5229,426837.0084,615236.3689,-2101551.2593,3034046.8294,572.5668,811.2753,318460.9616,516568.7343,537.4761,768.011,0.1818,0.0,644.9638,973.1816,473964.3124,684248.3797,-2626422.8848,3793180.4024,0.9247,2.3279,0.785,0.2335,236642.8035,452060.8602,2.0273,2.5701,0.0375,0.0792,1.0,0.0,2401.8379,2859.9888,470710.6059,678477.9955,-2598614.1621,3750277.4963,18.6902,21.8583,0.593,0.0829,239245.6703,453663.0778,21.7614,24.2449,0.1653,0.0643,1.1,0.3162,1.6,0.6583,4382.9721,5621.9752,471657.4729,680170.8315,-2592873.9792,3745976.9014,41.7693,53.7695,0.889,0.0057,240420.7217,453646.5781,43.9173,53.7346,0.0167,0.0527,850.2464,1013.1836,472262.0556,681454.953,-2615836.0411,3777383.8081,2.9814,3.2883,0.629,0.1923,238156.9194,454510.6096,4.3397,3.6814,0.1487,0.0443,4377.5047,5613.6673,471657.8878,680169.9434,-2592906.6262,3746107.6885,41.7767,53.7625,0.891,0.0032,240399.1379,453623.418,43.9252,53.7268,0.0167,0.0527,2717.103,4256.6578,461255.5149,663533.3625,-2544388.686,3659538.9031,21.4291,35.0486,0.186,0.0313,241629.4203,457769.4289,21394.9582,31060.2883,454630.4283,654357.5176,-2403957.3587,3459395.4598,131.6474,187.6224,0.8609,0.0076,273951.9317,484320.1834
