,best_m,best_m,best_k,best_k,best_k_original_gs,best_k_original_gs,best_m_base,best_m_base,insample_lasso,insample_lasso,mse_lasso,mse_lasso,df_lasso,df_lasso,coef_recovery_lasso,coef_recovery_lasso,support_recovery_lasso,support_recovery_lasso,outsample_mse_lasso,outsample_mse_lasso,rte_lasso,rte_lasso,f_score_lasso,f_score_lasso,insample_ridge,insample_ridge,mse_ridge,mse_ridge,df_ridge,df_ridge,coef_recovery_ridge,coef_recovery_ridge,outsample_mse_ridge,outsample_mse_ridge,rte_ridge,rte_ridge,f_score_ridge,f_score_ridge,insample_elastic,insample_elastic,mse_elastic,mse_elastic,df_elastic,df_elastic,coef_recovery_elastic,coef_recovery_elastic,support_recovery_elastic,support_recovery_elastic,outsample_mse_elastic,outsample_mse_elastic,rte_elastic,rte_elastic,f_score_elastic,f_score_elastic,best_k_bagged_gs,best_k_bagged_gs,insample_bagged_gs,insample_bagged_gs,mse_bagged_gs,mse_bagged_gs,df_bagged_gs,df_bagged_gs,coef_recovery_bagged_gs,coef_recovery_bagged_gs,support_recovery_bagged_gs,support_recovery_bagged_gs,outsample_mse_bagged_gs,outsample_mse_bagged_gs,rte_bagged_gs,rte_bagged_gs,f_score_bagged_gs,f_score_bagged_gs,best_k_smeared_gs,best_k_smeared_gs,best_noise_scale,best_noise_scale,insample_smeared_gs,insample_smeared_gs,mse_smeared_gs,mse_smeared_gs,df_smeared_gs,df_smeared_gs,coef_recovery_smeared_gs,coef_recovery_smeared_gs,support_recovery_smeared_gs,support_recovery_smeared_gs,outsample_mse_smeared_gs,outsample_mse_smeared_gs,rte_smeared_gs,rte_smeared_gs,f_score_smeared_gs,f_score_smeared_gs,insample_rgs,insample_rgs,mse_rgs,mse_rgs,df_rgs,df_rgs,coef_recovery_rgs,coef_recovery_rgs,support_recovery_rgs,support_recovery_rgs,outsample_mse_rgs,outsample_mse_rgs,rte_rgs,rte_rgs,f_score_rgs,f_score_rgs,insample_original_gs,insample_original_gs,mse_original_gs,mse_original_gs,df_original_gs,df_original_gs,coef_recovery_original_gs,coef_recovery_original_gs,support_recovery_original_gs,support_recovery_original_gs,outsample_mse_original_gs,outsample_mse_original_gs,rte_original_gs,rte_original_gs,f_score_original_gs,f_score_original_gs,insample_base_rgs,insample_base_rgs,mse_base_rgs,mse_base_rgs,df_base_rgs,df_base_rgs,coef_recovery_base_rgs,coef_recovery_base_rgs,support_recovery_base_rgs,support_recovery_base_rgs,outsample_mse_base_rgs,outsample_mse_base_rgs,insample_base_gs,insample_base_gs,mse_base_gs,mse_base_gs,df_base_gs,df_base_gs,coef_recovery_base_gs,coef_recovery_base_gs,support_recovery_base_gs,support_recovery_base_gs,outsample_mse_base_gs,outsample_mse_base_gs
,mean,std,mean,std,mean,std,mean,std,mean,std,mean,std,mean,std,mean,std,mean,std,mean,std,mean,std,mean,std,mean,std,mean,std,mean,std,mean,std,mean,std,mean,std,mean,std,mean,std,mean,std,mean,std,mean,std,mean,std,mean,std,mean,std,mean,std,mean,std,mean,std,mean,std,mean,std,mean,std,mean,std,mean,std,mean,std,mean,std,mean,std,mean,std,mean,std,mean,std,mean,std,mean,std,mean,std,mean,std,mean,std,mean,std,mean,std,mean,std,mean,std,mean,std,mean,std,mean,std,mean,std,mean,std,mean,std,mean,std,mean,std,mean,std,mean,std,mean,std,mean,std,mean,std,mean,std,mean,std,mean,std,mean,std,mean,std,mean,std,mean,std,mean,std,mean,std,mean,std,mean,std,mean,std
sigma,,,,,,,,,,,,,,,,,,,,,,,,,,,,,,,,,,,,,,,,,,,,,,,,,,,,,,,,,,,,,,,,,,,,,,,,,,,,,,,,,,,,,,,,,,,,,,,,,,,,,,,,,,,,,,,,,,,,,,,,,,,,,,,,,,,,,,,,,,,,,,,,,,,,
3.1622776601683795,89.5,23.7919,10.7,1.0593,10.7,1.0593,94.4,17.7088,0.2668,0.086,9.878,0.4812,19.4206,22.4723,0.0026,0.0007,0.92,0.034,10.6408,1.5974,1.0261,0.0085,0.7234,0.0843,0.9784,0.1244,9.0495,0.4171,96.3519,20.3158,0.0161,0.0022,11.5373,1.6867,1.0977,0.0128,0.1818,0.0,0.2668,0.086,9.878,0.4812,19.4206,22.4723,0.0026,0.0007,0.92,0.034,10.6408,1.5974,1.0261,0.0085,0.7234,0.0843,10.6,0.6992,0.1395,0.0401,9.8495,0.4604,14.4862,22.5368,0.002,0.0006,0.668,0.2161,10.4845,1.6765,1.0133,0.0044,0.4446,0.1907,10.7,1.0593,0.55,0.1581,0.1825,0.1026,9.8755,0.4518,15.3323,23.5244,0.0024,0.001,0.99,0.0163,10.5447,1.7009,1.0176,0.0107,0.9571,0.067,0.1691,0.0795,9.8675,0.4495,15.0635,23.1398,0.0022,0.0007,0.975,0.051,10.552,1.7248,1.0163,0.0079,0.9186,0.1472,0.1845,0.1059,9.8772,0.4522,15.3507,23.5178,0.0024,0.001,0.993,0.0106,10.5495,1.7002,1.0178,0.011,0.9683,0.0469,0.1261,0.0623,9.9364,0.4334,9.4781,20.3383,0.0019,0.001,0.994,0.019,10.4461,1.6701,0.1144,0.0348,9.9473,0.4406,8.3486,21.2371,0.0728,0.0018,0.95,0.0,10.4304,1.6659
3.872983346207417,89.5,23.7919,10.9,1.5951,10.8,1.0328,96.6,10.7517,0.3968,0.1273,14.8044,0.7242,19.7261,22.5236,0.004,0.001,0.912,0.0305,15.9584,2.4071,1.0258,0.0083,0.7012,0.0709,1.467,0.1861,13.574,0.6256,96.3383,20.3237,0.0242,0.0033,17.3058,2.5331,1.0977,0.0128,0.1818,0.0,0.3968,0.1273,14.8044,0.7242,19.7261,22.5236,0.004,0.001,0.912,0.0305,15.9584,2.4071,1.0258,0.0083,0.7012,0.0709,10.8,0.9189,0.2636,0.0894,14.7088,0.6967,18.4752,22.5364,0.0039,0.0015,0.462,0.1607,15.8268,2.5276,1.017,0.0062,0.2837,0.0666,10.8,1.0328,0.5,0.0,0.2869,0.1546,14.8002,0.6886,16.2051,24.1495,0.0037,0.0016,0.989,0.016,15.8531,2.569,1.0186,0.0107,0.9523,0.0652,0.2714,0.1398,14.784,0.6786,16.2311,23.6532,0.0036,0.0014,0.975,0.0585,15.8685,2.5499,1.0176,0.0094,0.9236,0.1491,0.2886,0.1572,14.8016,0.6889,16.2175,24.1454,0.0037,0.0016,0.992,0.0103,15.8579,2.5685,1.0187,0.0109,0.9636,0.0457,0.1751,0.0671,14.9117,0.6644,8.7724,21.3379,0.0026,0.001,0.998,0.0063,15.6662,2.5261,0.1707,0.0539,14.9196,0.6602,8.364,21.1774,0.0731,0.0022,0.95,0.0,15.6472,2.5026
4.830458915396479,83.9,27.3677,10.6,1.2649,10.8,1.1353,63.4,32.025,0.6193,0.1984,23.0412,1.1125,19.5103,22.2639,0.0061,0.0016,0.916,0.031,24.8288,3.7396,1.0259,0.0083,0.7114,0.0741,2.2813,0.2888,21.1149,0.9732,96.3264,20.3307,0.0376,0.0052,26.9202,3.9445,1.0976,0.0127,0.1818,0.0,0.6194,0.1987,23.0417,1.1126,19.5036,22.2642,0.0061,0.0015,0.916,0.031,24.8284,3.7403,1.0259,0.0083,0.7114,0.0741,10.3,0.9487,0.591,0.196,22.8491,1.0913,23.0183,22.2448,0.0097,0.0041,0.344,0.1077,24.884,3.9854,1.0247,0.0085,0.2371,0.031,10.7,1.4944,0.8,0.6325,0.5458,0.2967,23.006,1.087,18.6916,23.0699,0.0079,0.005,0.958,0.0777,24.8672,4.1845,1.0229,0.0128,0.8761,0.1768,0.5255,0.2832,23.0103,1.097,18.1645,22.5208,0.0074,0.0039,0.969,0.0423,24.9007,4.2392,1.0221,0.0119,0.8876,0.1359,0.5085,0.2596,23.022,1.1093,17.5493,22.4092,0.0069,0.0033,0.99,0.0094,24.8275,4.2365,1.0214,0.0113,0.9536,0.0416,0.4434,0.2615,23.0635,1.0012,15.2679,19.5684,0.0064,0.0032,0.941,0.054,24.7096,4.0984,0.4047,0.327,23.1955,1.0225,11.6145,22.4099,0.0739,0.0026,0.9495,0.0012,24.4503,3.9051
6.324555320336759,61.4,36.3232,10.6,2.1705,10.3,1.7029,42.8,23.4653,1.0594,0.3366,39.4915,1.9059,19.5782,22.3239,0.0106,0.0027,0.916,0.0331,42.5702,6.3825,1.0259,0.0083,0.7126,0.0802,3.9095,0.494,36.1966,1.6683,96.315,20.3375,0.0644,0.0088,46.149,6.7688,1.0976,0.0127,0.1818,0.0,1.0632,0.3424,39.4852,1.9313,19.7052,22.5708,0.0103,0.0025,0.912,0.0371,42.5456,6.3959,1.026,0.0084,0.7045,0.0876,8.4,1.4298,1.1951,0.2554,39.2832,1.8467,23.8748,22.8008,0.0204,0.0049,0.387,0.1608,42.7939,6.5122,1.0293,0.0067,0.2555,0.0544,10.3,1.7029,0.8,0.483,1.3119,0.553,39.4867,2.0102,22.7915,24.497,0.0204,0.0091,0.971,0.0179,43.0994,7.0289,1.0323,0.0141,0.8678,0.0741,1.1734,0.3499,39.3042,1.9495,23.341,24.8388,0.0174,0.0064,0.893,0.1224,42.9932,6.5061,1.0288,0.0089,0.7247,0.2189,1.3372,0.5553,39.5139,2.0168,22.7684,24.5996,0.0208,0.0089,0.977,0.0125,43.1244,7.0649,1.033,0.0141,0.8879,0.0579,0.9272,0.2858,39.3297,1.7879,19.9479,21.4859,0.0138,0.0043,0.901,0.0495,42.4118,6.7336,1.3617,0.6624,39.6325,1.7447,21.5926,24.9526,0.0783,0.0034,0.9469,0.0021,42.7491,7.2752
9.486832980505138,33.3,26.323,7.9,2.4698,8.4,2.6331,22.9,8.1302,2.3836,0.7619,88.947,4.3283,19.0729,22.5527,0.0233,0.0057,0.917,0.0356,95.6955,14.3071,1.0259,0.0084,0.7079,0.0896,8.7937,1.1086,81.4418,3.7538,96.3027,20.3447,0.145,0.0199,103.8357,15.2463,1.0976,0.0127,0.1818,0.0,2.4125,0.8113,88.9083,4.3943,19.4484,22.7601,0.0219,0.005,0.898,0.0616,95.6953,14.3192,1.0262,0.0089,0.6781,0.1218,6.2,1.0328,2.3366,0.5824,88.4863,4.182,21.3692,22.5879,0.0345,0.0077,0.398,0.1373,95.4974,14.4343,1.0254,0.0066,0.2558,0.042,8.1,2.4244,1.45,0.7246,3.5519,1.1345,89.0001,3.8819,25.2626,23.5973,0.0603,0.0152,0.938,0.0418,97.2971,13.956,1.039,0.013,0.7319,0.1026,2.5576,0.9575,88.7942,4.1915,20.8868,23.7116,0.0327,0.0146,0.834,0.143,95.5237,14.5948,1.0279,0.0107,0.5977,0.1724,3.6879,0.997,89.1981,4.0144,24.9183,24.8249,0.0639,0.0181,0.95,0.0156,97.5006,13.4889,1.0406,0.0115,0.7297,0.0601,2.1753,0.5915,87.907,4.0047,23.6895,21.6525,0.0263,0.0068,0.79,0.0546,95.5331,14.6567,3.3968,1.1275,88.4899,4.0137,27.2329,23.2575,0.0911,0.007,0.9384,0.0049,96.7974,15.2249
