,best_m,best_m,best_k,best_k,best_k_original_gs,best_k_original_gs,best_m_base,best_m_base,insample_lasso,insample_lasso,mse_lasso,mse_lasso,df_lasso,df_lasso,coef_recovery_lasso,coef_recovery_lasso,support_recovery_lasso,support_recovery_lasso,outsample_mse_lasso,outsample_mse_lasso,rte_lasso,rte_lasso,f_score_lasso,f_score_lasso,insample_ridge,insample_ridge,mse_ridge,mse_ridge,df_ridge,df_ridge,coef_recovery_ridge,coef_recovery_ridge,outsample_mse_ridge,outsample_mse_ridge,rte_ridge,rte_ridge,f_score_ridge,f_score_ridge,insample_elastic,insample_elastic,mse_elastic,mse_elastic,df_elastic,df_elastic,coef_recovery_elastic,coef_recovery_elastic,support_recovery_elastic,support_recovery_elastic,outsample_mse_elastic,outsample_mse_elastic,rte_elastic,rte_elastic,f_score_elastic,f_score_elastic,best_k_bagged_gs,best_k_bagged_gs,insample_bagged_gs,insample_bagged_gs,mse_bagged_gs,mse_bagged_gs,df_bagged_gs,df_bagged_gs,coef_recovery_bagged_gs,coef_recovery_bagged_gs,support_recovery_bagged_gs,support_recovery_bagged_gs,outsample_mse_bagged_gs,outsample_mse_bagged_gs,rte_bagged_gs,rte_bagged_gs,f_score_bagged_gs,f_score_bagged_gs,best_k_smeared_gs,best_k_smeared_gs,best_noise_scale,best_noise_scale,insample_smeared_gs,insample_smeared_gs,mse_smeared_gs,mse_smeared_gs,df_smeared_gs,df_smeared_gs,coef_recovery_smeared_gs,coef_recovery_smeared_gs,support_recovery_smeared_gs,support_recovery_smeared_gs,outsample_mse_smeared_gs,outsample_mse_smeared_gs,rte_smeared_gs,rte_smeared_gs,f_score_smeared_gs,f_score_smeared_gs,insample_rgs,insample_rgs,mse_rgs,mse_rgs,df_rgs,df_rgs,coef_recovery_rgs,coef_recovery_rgs,support_recovery_rgs,support_recovery_rgs,outsample_mse_rgs,outsample_mse_rgs,rte_rgs,rte_rgs,f_score_rgs,f_score_rgs,insample_original_gs,insample_original_gs,mse_original_gs,mse_original_gs,df_original_gs,df_original_gs,coef_recovery_original_gs,coef_recovery_original_gs,support_recovery_original_gs,support_recovery_original_gs,outsample_mse_original_gs,outsample_mse_original_gs,rte_original_gs,rte_original_gs,f_score_original_gs,f_score_original_gs,insample_base_rgs,insample_base_rgs,mse_base_rgs,mse_base_rgs,df_base_rgs,df_base_rgs,coef_recovery_base_rgs,coef_recovery_base_rgs,support_recovery_base_rgs,support_recovery_base_rgs,outsample_mse_base_rgs,outsample_mse_base_rgs,insample_base_gs,insample_base_gs,mse_base_gs,mse_base_gs,df_base_gs,df_base_gs,coef_recovery_base_gs,coef_recovery_base_gs,support_recovery_base_gs,support_recovery_base_gs,outsample_mse_base_gs,outsample_mse_base_gs
,mean,std,mean,std,mean,std,mean,std,mean,std,mean,std,mean,std,mean,std,mean,std,mean,std,mean,std,mean,std,mean,std,mean,std,mean,std,mean,std,mean,std,mean,std,mean,std,mean,std,mean,std,mean,std,mean,std,mean,std,mean,std,mean,std,mean,std,mean,std,mean,std,mean,std,mean,std,mean,std,mean,std,mean,std,mean,std,mean,std,mean,std,mean,std,mean,std,mean,std,mean,std,mean,std,mean,std,mean,std,mean,std,mean,std,mean,std,mean,std,mean,std,mean,std,mean,std,mean,std,mean,std,mean,std,mean,std,mean,std,mean,std,mean,std,mean,std,mean,std,mean,std,mean,std,mean,std,mean,std,mean,std,mean,std,mean,std,mean,std,mean,std,mean,std,mean,std,mean,std,mean,std,mean,std
sigma,,,,,,,,,,,,,,,,,,,,,,,,,,,,,,,,,,,,,,,,,,,,,,,,,,,,,,,,,,,,,,,,,,,,,,,,,,,,,,,,,,,,,,,,,,,,,,,,,,,,,,,,,,,,,,,,,,,,,,,,,,,,,,,,,,,,,,,,,,,,,,,,,,,,
3.1622776601683795,100.0,0.0,10.3,0.483,10.3,0.483,100.0,0.0,0.2715,0.0871,9.8805,0.4998,19.5323,23.1027,0.0027,0.0007,0.915,0.0357,10.6536,1.6151,1.0265,0.0084,0.7114,0.0859,0.9784,0.1244,9.0495,0.4171,96.3519,20.3158,0.0161,0.0022,11.5373,1.6867,1.0977,0.0128,0.1818,0.0,0.2731,0.0892,9.8827,0.5004,19.5,23.1037,0.0027,0.0007,0.915,0.0357,10.6528,1.6166,1.0267,0.0087,0.7114,0.0859,10.8,0.9189,0.1445,0.0483,9.8298,0.4529,15.7173,22.1539,0.002,0.0006,0.601,0.2413,10.493,1.6647,1.0138,0.0052,0.3989,0.1866,10.5,0.527,1.0,0.7071,0.1489,0.0508,9.8871,0.4751,13.0778,23.9511,0.002,0.0006,0.952,0.0864,10.5026,1.7086,1.0143,0.0052,0.8705,0.2056,0.139,0.0676,9.9189,0.4466,10.994,22.0042,0.002,0.0008,0.997,0.0048,10.4774,1.6967,1.0134,0.0067,0.9857,0.023,0.139,0.0676,9.9189,0.4466,10.994,22.0042,0.002,0.0008,0.997,0.0048,10.4774,1.6967,1.0134,0.0067,0.9857,0.023,0.1133,0.0417,9.9446,0.4394,8.4262,20.9357,0.0017,0.0005,1.0,0.0,10.4388,1.6816,0.1133,0.0417,9.9446,0.4394,8.4262,20.9357,0.0728,0.0018,0.95,0.0,10.4388,1.6816
3.872983346207417,100.0,0.0,10.4,0.5164,10.4,0.5164,100.0,0.0,0.4069,0.1323,14.8256,0.7491,19.3599,23.0182,0.004,0.001,0.917,0.0374,15.9796,2.4237,1.0265,0.0085,0.7176,0.0925,1.467,0.1861,13.574,0.6256,96.3383,20.3237,0.0242,0.0033,17.3058,2.5331,1.0977,0.0128,0.1818,0.0,0.4154,0.1452,14.8328,0.7513,19.399,23.0172,0.004,0.001,0.913,0.0403,15.98,2.4231,1.0271,0.0094,0.7093,0.0989,11.1,0.9944,0.2676,0.0896,14.6729,0.7124,19.8033,23.1941,0.0039,0.0015,0.395,0.1531,15.838,2.5433,1.0172,0.0063,0.2574,0.0529,10.9,1.1972,1.0,0.7071,0.2634,0.1313,14.767,0.6814,16.5303,23.1687,0.0034,0.0014,0.933,0.1097,15.8216,2.488,1.017,0.009,0.8313,0.2294,0.2253,0.1123,14.8615,0.6572,12.1147,21.2672,0.0031,0.0013,0.996,0.0052,15.6922,2.5837,1.0145,0.0075,0.981,0.0246,0.2253,0.1123,14.8615,0.6572,12.1147,21.2672,0.0031,0.0013,0.996,0.0052,15.6922,2.5837,1.0145,0.0075,0.981,0.0246,0.1699,0.0625,14.9168,0.6591,8.4262,20.9357,0.0025,0.0008,1.0,0.0,15.6581,2.5223,0.1699,0.0625,14.9168,0.6591,8.4262,20.9357,0.0731,0.0022,0.95,0.0,15.6581,2.5223
4.830458915396479,90.8,29.093,11.0,3.2318,10.5,1.7159,91.9,25.6144,0.6318,0.206,23.0573,1.1671,19.4332,23.0449,0.0062,0.0016,0.917,0.0374,24.8548,3.7694,1.0265,0.0086,0.7176,0.0925,2.2813,0.2888,21.1149,0.9732,96.3264,20.3307,0.0376,0.0052,26.9202,3.9445,1.0976,0.0127,0.1818,0.0,0.6421,0.2214,23.0691,1.1707,19.404,23.0461,0.0061,0.0015,0.912,0.0416,24.8522,3.7738,1.0269,0.0092,0.7075,0.1011,10.7,1.3375,0.6007,0.1887,22.7876,1.1238,24.5408,22.9736,0.0096,0.0041,0.301,0.1192,24.892,3.9787,1.0252,0.0082,0.2263,0.032,10.7,1.767,1.15,0.6258,0.5455,0.3138,23.0073,1.0871,18.6556,23.3978,0.0079,0.0051,0.943,0.0943,24.872,4.1508,1.0228,0.0136,0.8384,0.1899,0.5811,0.4792,23.0695,1.0644,18.0861,24.5406,0.0086,0.0081,0.945,0.1531,24.9231,4.1121,1.0244,0.0203,0.8984,0.2194,0.57,0.4603,23.0909,1.0608,17.3919,23.9392,0.0086,0.0081,0.989,0.0166,24.8769,4.169,1.024,0.0195,0.9494,0.072,0.4712,0.4984,23.2068,1.0326,12.7964,22.4541,0.0063,0.0058,0.975,0.0723,24.5407,3.8189,0.404,0.3307,23.1927,1.0213,11.6587,22.2268,0.0739,0.0026,0.9495,0.0012,24.465,3.9292
6.324555320336759,72.9,43.6767,11.6,3.1693,11.3,2.8694,65.1,45.133,1.0865,0.3545,39.5432,2.0023,19.2716,22.9226,0.0106,0.0026,0.914,0.0417,42.6102,6.4863,1.0265,0.0086,0.7123,0.0998,3.9095,0.494,36.1966,1.6683,96.315,20.3375,0.0644,0.0088,46.149,6.7688,1.0976,0.0127,0.1818,0.0,1.1078,0.3756,39.5773,2.0263,19.1124,23.1201,0.0102,0.0023,0.909,0.0456,42.5955,6.5147,1.0271,0.0091,0.7023,0.1075,8.5,1.4337,1.2041,0.2615,39.2579,1.8615,24.3026,23.0131,0.0205,0.0054,0.372,0.1379,42.7967,6.528,1.0295,0.0068,0.2479,0.0432,10.7,2.1108,1.0,0.7071,1.2763,0.5131,39.3282,2.0149,24.3265,25.3934,0.0188,0.0079,0.951,0.039,43.006,6.9185,1.0313,0.013,0.8123,0.1009,1.2797,0.3789,39.3276,1.9972,24.3776,24.0176,0.0171,0.0072,0.848,0.2274,42.745,7.5618,1.0314,0.0092,0.7257,0.2878,1.2711,0.6673,39.3191,1.9996,24.3758,26.0888,0.0178,0.0089,0.975,0.0222,43.1809,6.9573,1.0312,0.0167,0.8894,0.0808,1.687,0.8405,39.7999,1.8407,23.5651,24.9357,0.0201,0.011,0.856,0.1657,43.1032,7.3836,1.362,0.6688,39.6293,1.7439,21.6363,24.8432,0.0783,0.0034,0.9469,0.0021,42.7779,7.3209
9.486832980505138,36.4,43.9171,10.1,2.4698,8.8,2.7406,10.7,3.5292,2.4644,0.8123,89.0846,4.4849,18.758,23.0538,0.0235,0.0056,0.921,0.0378,95.819,14.4324,1.0268,0.0089,0.7198,0.0951,8.7937,1.1086,81.4418,3.7538,96.3027,20.3447,0.145,0.0199,103.8357,15.2463,1.0976,0.0127,0.1818,0.0,2.4902,0.825,88.9935,4.5227,19.4065,23.2607,0.0211,0.0049,0.881,0.0775,95.6867,14.5562,1.027,0.0089,0.6515,0.1343,6.2,1.2293,2.3693,0.5997,88.4938,4.2269,21.5088,22.6476,0.0349,0.0072,0.41,0.1615,95.514,14.3874,1.0258,0.0069,0.263,0.0545,8.6,2.8752,1.25,0.7906,3.7424,1.1264,88.8096,4.1123,27.3768,25.4479,0.0611,0.014,0.949,0.0213,96.9658,13.6978,1.0411,0.0129,0.7629,0.0797,3.017,0.8654,88.4994,3.8464,25.0728,21.4824,0.0388,0.0284,0.706,0.1798,95.9948,13.4592,1.0331,0.01,0.4485,0.1835,3.9655,0.9798,89.0119,4.2076,27.4922,25.1345,0.0662,0.0152,0.946,0.0126,97.1642,13.4402,1.0437,0.0113,0.7119,0.0559,2.8123,0.7229,88.6764,3.9913,22.9543,21.6016,0.0236,0.005,0.648,0.0822,96.0214,13.7004,3.3961,1.1392,88.4865,4.0136,27.2483,23.2051,0.0911,0.007,0.9384,0.0049,96.8394,15.2844
