,best_m,best_m,best_k,best_k,best_k_original_gs,best_k_original_gs,best_m_base,best_m_base,insample_lasso,insample_lasso,mse_lasso,mse_lasso,df_lasso,df_lasso,coef_recovery_lasso,coef_recovery_lasso,support_recovery_lasso,support_recovery_lasso,outsample_mse_lasso,outsample_mse_lasso,rte_lasso,rte_lasso,f_score_lasso,f_score_lasso,insample_ridge,insample_ridge,mse_ridge,mse_ridge,df_ridge,df_ridge,coef_recovery_ridge,coef_recovery_ridge,outsample_mse_ridge,outsample_mse_ridge,rte_ridge,rte_ridge,f_score_ridge,f_score_ridge,insample_elastic,insample_elastic,mse_elastic,mse_elastic,df_elastic,df_elastic,coef_recovery_elastic,coef_recovery_elastic,support_recovery_elastic,support_recovery_elastic,outsample_mse_elastic,outsample_mse_elastic,rte_elastic,rte_elastic,f_score_elastic,f_score_elastic,best_k_bagged_gs,best_k_bagged_gs,insample_bagged_gs,insample_bagged_gs,mse_bagged_gs,mse_bagged_gs,df_bagged_gs,df_bagged_gs,coef_recovery_bagged_gs,coef_recovery_bagged_gs,support_recovery_bagged_gs,support_recovery_bagged_gs,outsample_mse_bagged_gs,outsample_mse_bagged_gs,rte_bagged_gs,rte_bagged_gs,f_score_bagged_gs,f_score_bagged_gs,best_k_smeared_gs,best_k_smeared_gs,best_noise_scale,best_noise_scale,insample_smeared_gs,insample_smeared_gs,mse_smeared_gs,mse_smeared_gs,df_smeared_gs,df_smeared_gs,coef_recovery_smeared_gs,coef_recovery_smeared_gs,support_recovery_smeared_gs,support_recovery_smeared_gs,outsample_mse_smeared_gs,outsample_mse_smeared_gs,rte_smeared_gs,rte_smeared_gs,f_score_smeared_gs,f_score_smeared_gs,insample_rgs,insample_rgs,mse_rgs,mse_rgs,df_rgs,df_rgs,coef_recovery_rgs,coef_recovery_rgs,support_recovery_rgs,support_recovery_rgs,outsample_mse_rgs,outsample_mse_rgs,rte_rgs,rte_rgs,f_score_rgs,f_score_rgs,insample_original_gs,insample_original_gs,mse_original_gs,mse_original_gs,df_original_gs,df_original_gs,coef_recovery_original_gs,coef_recovery_original_gs,support_recovery_original_gs,support_recovery_original_gs,outsample_mse_original_gs,outsample_mse_original_gs,rte_original_gs,rte_original_gs,f_score_original_gs,f_score_original_gs,insample_base_rgs,insample_base_rgs,mse_base_rgs,mse_base_rgs,df_base_rgs,df_base_rgs,coef_recovery_base_rgs,coef_recovery_base_rgs,support_recovery_base_rgs,support_recovery_base_rgs,outsample_mse_base_rgs,outsample_mse_base_rgs,insample_base_gs,insample_base_gs,mse_base_gs,mse_base_gs,df_base_gs,df_base_gs,coef_recovery_base_gs,coef_recovery_base_gs,support_recovery_base_gs,support_recovery_base_gs,outsample_mse_base_gs,outsample_mse_base_gs
,mean,std,mean,std,mean,std,mean,std,mean,std,mean,std,mean,std,mean,std,mean,std,mean,std,mean,std,mean,std,mean,std,mean,std,mean,std,mean,std,mean,std,mean,std,mean,std,mean,std,mean,std,mean,std,mean,std,mean,std,mean,std,mean,std,mean,std,mean,std,mean,std,mean,std,mean,std,mean,std,mean,std,mean,std,mean,std,mean,std,mean,std,mean,std,mean,std,mean,std,mean,std,mean,std,mean,std,mean,std,mean,std,mean,std,mean,std,mean,std,mean,std,mean,std,mean,std,mean,std,mean,std,mean,std,mean,std,mean,std,mean,std,mean,std,mean,std,mean,std,mean,std,mean,std,mean,std,mean,std,mean,std,mean,std,mean,std,mean,std,mean,std,mean,std,mean,std,mean,std,mean,std,mean,std
sigma,,,,,,,,,,,,,,,,,,,,,,,,,,,,,,,,,,,,,,,,,,,,,,,,,,,,,,,,,,,,,,,,,,,,,,,,,,,,,,,,,,,,,,,,,,,,,,,,,,,,,,,,,,,,,,,,,,,,,,,,,,,,,,,,,,,,,,,,,,,,,,,,,,,,
3.1622776601683795,10.5,11.1977,3.8,4.6857,1.2,0.4216,2.3,0.483,0.235,0.012,10.181,0.4792,2.6988,23.8205,0.0994,0.0008,0.89,0.0226,10.5109,1.671,1.9919,0.0114,0.0746,0.1028,1.1032,0.1227,9.1424,0.4121,97.9409,19.6871,0.0939,0.0049,11.6982,1.7254,1.9198,0.0496,0.1818,0.0,0.2333,0.011,10.1778,0.4839,2.7734,23.9293,0.0993,0.001,0.883,0.0422,10.5015,1.6594,1.9912,0.0131,0.0852,0.1278,1.2,0.4216,0.2348,0.0186,10.0565,0.4505,8.9061,22.3945,0.0983,0.0011,0.404,0.0773,10.5275,1.6789,1.9792,0.0127,0.2023,0.0368,1.0,0.0,1.8,0.4216,0.2493,0.0389,10.0951,0.4475,7.6996,22.5505,0.0985,0.0018,0.72,0.1148,10.5283,1.695,1.9814,0.0176,0.2101,0.0967,0.2435,0.0359,10.0417,0.4625,10.0824,23.0795,0.0982,0.0012,0.546,0.2278,10.5115,1.6351,1.9784,0.0159,0.2147,0.0873,0.2987,0.0607,10.1304,0.4595,8.41,23.6879,0.0977,0.003,0.9,0.0115,10.5699,1.7564,1.9747,0.0293,0.1076,0.0927,0.2451,0.0219,9.9121,0.4649,16.6362,22.8765,0.0973,0.002,0.219,0.0677,10.5172,1.683,0.6127,0.0774,9.7557,0.4371,42.8062,20.9164,0.0975,0.0034,0.8724,0.0116,11.0901,1.6958
3.872983346207417,18.2,15.3753,3.0,4.1633,1.2,0.4216,2.6,0.9661,0.2418,0.0198,15.1729,0.718,2.2955,23.8876,0.0995,0.0008,0.885,0.0232,15.6346,2.4609,1.6615,0.0073,0.0649,0.0852,1.5961,0.1843,13.6615,0.6189,97.7211,19.7821,0.0999,0.0063,17.4698,2.5698,1.6477,0.042,0.1818,0.0,0.2393,0.016,15.1742,0.7212,2.1672,23.8693,0.0994,0.0008,0.877,0.0464,15.6206,2.4434,1.6617,0.0075,0.0744,0.1041,1.2,0.4216,0.2484,0.0274,14.9934,0.6761,8.4912,22.4439,0.0986,0.0012,0.397,0.0735,15.6627,2.4711,1.6543,0.009,0.1906,0.0369,1.0,0.0,1.9,0.3162,0.2677,0.0436,15.0532,0.6753,7.1421,22.5553,0.0987,0.002,0.756,0.079,15.6706,2.5065,1.6555,0.0134,0.1985,0.0845,0.2636,0.037,15.0056,0.7209,8.5926,24.2913,0.099,0.0009,0.642,0.2402,15.6705,2.3992,1.6578,0.0098,0.197,0.0723,0.3529,0.0764,15.1046,0.6861,8.2686,23.4783,0.0992,0.0036,0.894,0.0117,15.6998,2.5873,1.6599,0.0246,0.0545,0.0878,0.2785,0.0376,14.7557,0.6405,17.4088,20.7407,0.0975,0.0018,0.239,0.0664,15.7125,2.3891,0.8405,0.1032,14.5562,0.6554,42.7652,21.2626,0.0997,0.004,0.8675,0.012,16.462,2.4435
4.830458915396479,11.3,14.667,3.5,4.062,1.2,0.4216,2.3,0.9487,0.2556,0.0394,23.4917,1.133,2.0809,24.3878,0.0996,0.0008,0.883,0.0309,24.1651,3.7706,1.4256,0.0047,0.0633,0.0823,2.4175,0.287,21.195,0.964,97.5273,19.8744,0.1099,0.0084,27.0897,3.9785,1.453,0.0354,0.1818,0.0,0.2504,0.0288,23.5074,1.1221,1.6335,23.9885,0.0997,0.0006,0.882,0.0316,24.153,3.7584,1.4262,0.0042,0.0744,0.1041,1.2,0.4216,0.2713,0.0416,23.2247,1.0531,8.1338,22.4583,0.099,0.0014,0.387,0.0598,24.224,3.783,1.4223,0.0063,0.1897,0.0325,1.0,0.0,1.9,0.3162,0.3092,0.0736,23.3269,1.0511,6.7554,22.6258,0.0993,0.0025,0.795,0.0679,24.2497,3.8701,1.4234,0.0105,0.1316,0.1014,0.2716,0.0447,23.2653,1.0511,7.2712,22.3516,0.0993,0.0012,0.515,0.2463,24.175,3.7173,1.424,0.0064,0.1614,0.0733,0.4311,0.1191,23.3949,1.0701,7.9111,23.1715,0.1002,0.0052,0.896,0.0126,24.3251,4.0687,1.4284,0.0228,0.0727,0.0939,0.3172,0.0711,22.9189,1.0832,15.6631,23.643,0.0987,0.0017,0.199,0.0821,24.1736,3.7379,1.2144,0.1683,22.5648,1.016,42.4481,21.6117,0.1022,0.0055,0.8669,0.012,25.5962,3.8794
6.324555320336759,10.7,14.4303,2.3,1.7029,2.0,1.6997,2.8,1.2293,0.2799,0.0743,40.1713,1.9569,1.3562,24.6305,0.1001,0.0011,0.886,0.0276,41.2331,6.3898,1.2494,0.0018,0.0573,0.0944,4.0603,0.4924,36.2651,1.6555,97.3421,19.9698,0.1298,0.012,46.3307,6.7981,1.3066,0.0292,0.1818,0.0,0.273,0.0572,40.1777,1.9484,1.1902,24.3938,0.1001,0.0007,0.872,0.0394,41.21,6.3676,1.2496,0.0016,0.0718,0.1091,1.1,0.3162,0.3053,0.0659,39.7349,1.7619,7.1237,21.7491,0.0995,0.0017,0.396,0.0488,41.3291,6.4001,1.2478,0.0046,0.1846,0.0419,1.0,0.0,2.0,0.0,0.3968,0.1268,39.8826,1.8043,6.4221,22.6136,0.1005,0.0033,0.828,0.0498,41.4116,6.624,1.2498,0.0086,0.0964,0.0781,0.3015,0.0739,39.8757,1.8379,5.316,22.7789,0.1,0.0013,0.507,0.2067,41.2981,6.3053,1.2494,0.0035,0.1415,0.0669,0.789,0.4374,39.7945,1.7615,12.4193,22.2284,0.1054,0.0087,0.888,0.0132,41.9667,6.1288,1.2621,0.0208,0.0593,0.1029,0.4303,0.0769,39.0668,1.819,17.0267,22.6947,0.0985,0.0016,0.246,0.0947,41.4601,6.3746,1.9327,0.2947,38.5796,1.7611,41.8714,21.7859,0.1077,0.0081,0.8655,0.0116,43.6684,6.4435
9.486832980505138,10.9,12.6179,2.8,2.4855,1.6,1.5776,2.8,1.8738,0.3551,0.19,90.2063,4.4368,0.8257,24.9074,0.1011,0.003,0.884,0.0337,92.4024,14.2287,1.1118,0.0015,0.0222,0.0703,8.9887,1.1083,81.4855,3.7331,97.1426,20.0806,0.1891,0.0217,104.0572,15.2647,1.1923,0.0228,0.1818,0.0,0.3493,0.1343,89.9844,4.4037,2.0252,24.5346,0.1007,0.0017,0.836,0.1135,92.4487,14.1696,1.1115,0.0011,0.0443,0.0763,1.1,0.3162,0.4209,0.1421,89.2073,3.9807,6.7355,21.8425,0.1006,0.0026,0.386,0.0599,92.6589,14.2378,1.1114,0.0032,0.1691,0.0475,1.0,0.0,2.0,0.0,0.7163,0.3063,89.6177,4.0905,6.0969,22.5193,0.1047,0.0058,0.868,0.0225,92.9958,14.8969,1.1153,0.0071,0.1052,0.1032,0.4566,0.2441,89.38,4.3764,5.9753,24.7442,0.101,0.0023,0.529,0.205,92.6912,14.3055,1.112,0.0026,0.1556,0.0687,1.335,1.0148,89.5186,4.0005,10.0809,22.7264,0.1132,0.0144,0.888,0.0123,94.1806,13.5789,1.1249,0.0154,0.0307,0.0661,0.7597,0.3795,87.7407,3.7517,16.7558,20.2572,0.1039,0.0063,0.235,0.1053,93.2144,14.1742,4.1491,0.6935,86.6329,3.9829,41.7149,21.7487,0.1226,0.0137,0.8647,0.0085,98.0711,14.5323
