,best_m,best_m,best_k,best_k,best_k_original_gs,best_k_original_gs,best_m_base,best_m_base,insample_lasso,insample_lasso,mse_lasso,mse_lasso,df_lasso,df_lasso,coef_recovery_lasso,coef_recovery_lasso,support_recovery_lasso,support_recovery_lasso,outsample_mse_lasso,outsample_mse_lasso,rte_lasso,rte_lasso,f_score_lasso,f_score_lasso,insample_ridge,insample_ridge,mse_ridge,mse_ridge,df_ridge,df_ridge,coef_recovery_ridge,coef_recovery_ridge,outsample_mse_ridge,outsample_mse_ridge,rte_ridge,rte_ridge,f_score_ridge,f_score_ridge,insample_elastic,insample_elastic,mse_elastic,mse_elastic,df_elastic,df_elastic,coef_recovery_elastic,coef_recovery_elastic,support_recovery_elastic,support_recovery_elastic,outsample_mse_elastic,outsample_mse_elastic,rte_elastic,rte_elastic,f_score_elastic,f_score_elastic,best_k_bagged_gs,best_k_bagged_gs,insample_bagged_gs,insample_bagged_gs,mse_bagged_gs,mse_bagged_gs,df_bagged_gs,df_bagged_gs,coef_recovery_bagged_gs,coef_recovery_bagged_gs,support_recovery_bagged_gs,support_recovery_bagged_gs,outsample_mse_bagged_gs,outsample_mse_bagged_gs,rte_bagged_gs,rte_bagged_gs,f_score_bagged_gs,f_score_bagged_gs,best_k_smeared_gs,best_k_smeared_gs,best_noise_scale,best_noise_scale,insample_smeared_gs,insample_smeared_gs,mse_smeared_gs,mse_smeared_gs,df_smeared_gs,df_smeared_gs,coef_recovery_smeared_gs,coef_recovery_smeared_gs,support_recovery_smeared_gs,support_recovery_smeared_gs,outsample_mse_smeared_gs,outsample_mse_smeared_gs,rte_smeared_gs,rte_smeared_gs,f_score_smeared_gs,f_score_smeared_gs,insample_rgs,insample_rgs,mse_rgs,mse_rgs,df_rgs,df_rgs,coef_recovery_rgs,coef_recovery_rgs,support_recovery_rgs,support_recovery_rgs,outsample_mse_rgs,outsample_mse_rgs,rte_rgs,rte_rgs,f_score_rgs,f_score_rgs,insample_original_gs,insample_original_gs,mse_original_gs,mse_original_gs,df_original_gs,df_original_gs,coef_recovery_original_gs,coef_recovery_original_gs,support_recovery_original_gs,support_recovery_original_gs,outsample_mse_original_gs,outsample_mse_original_gs,rte_original_gs,rte_original_gs,f_score_original_gs,f_score_original_gs,insample_base_rgs,insample_base_rgs,mse_base_rgs,mse_base_rgs,df_base_rgs,df_base_rgs,coef_recovery_base_rgs,coef_recovery_base_rgs,support_recovery_base_rgs,support_recovery_base_rgs,outsample_mse_base_rgs,outsample_mse_base_rgs,insample_base_gs,insample_base_gs,mse_base_gs,mse_base_gs,df_base_gs,df_base_gs,coef_recovery_base_gs,coef_recovery_base_gs,support_recovery_base_gs,support_recovery_base_gs,outsample_mse_base_gs,outsample_mse_base_gs
,mean,std,mean,std,mean,std,mean,std,mean,std,mean,std,mean,std,mean,std,mean,std,mean,std,mean,std,mean,std,mean,std,mean,std,mean,std,mean,std,mean,std,mean,std,mean,std,mean,std,mean,std,mean,std,mean,std,mean,std,mean,std,mean,std,mean,std,mean,std,mean,std,mean,std,mean,std,mean,std,mean,std,mean,std,mean,std,mean,std,mean,std,mean,std,mean,std,mean,std,mean,std,mean,std,mean,std,mean,std,mean,std,mean,std,mean,std,mean,std,mean,std,mean,std,mean,std,mean,std,mean,std,mean,std,mean,std,mean,std,mean,std,mean,std,mean,std,mean,std,mean,std,mean,std,mean,std,mean,std,mean,std,mean,std,mean,std,mean,std,mean,std,mean,std,mean,std,mean,std,mean,std,mean,std
sigma,,,,,,,,,,,,,,,,,,,,,,,,,,,,,,,,,,,,,,,,,,,,,,,,,,,,,,,,,,,,,,,,,,,,,,,,,,,,,,,,,,,,,,,,,,,,,,,,,,,,,,,,,,,,,,,,,,,,,,,,,,,,,,,,,,,,,,,,,,,,,,,,,,,,
3.1622776601683795,100.0,0.0,13.8,2.5298,13.8,2.5298,100.0,0.0,0.4808,0.158,9.7695,0.3271,35.5341,15.6499,0.0051,0.0016,0.368,0.0553,10.5843,1.5551,1.0479,0.0154,0.5359,0.0401,0.9357,0.1239,9.096,0.2978,91.8955,16.2422,0.0108,0.0014,11.1255,1.2206,1.0942,0.0124,0.7261,0.0,0.4808,0.158,9.7695,0.3271,35.5341,15.6499,0.0051,0.0016,0.368,0.0553,10.5843,1.5551,1.0479,0.0154,0.5359,0.0401,13.9,1.9692,0.2825,0.0989,9.825,0.3811,22.8513,17.3226,0.0028,0.001,0.636,0.2894,10.1424,1.3785,1.0275,0.0097,0.6382,0.0964,13.5,1.5811,0.85,0.4743,0.2857,0.1076,9.9083,0.351,18.8477,16.5854,0.0028,0.0011,0.195,0.1684,10.1908,1.4043,1.0278,0.0106,0.4064,0.0879,0.3409,0.1105,9.9259,0.3634,20.7306,18.9681,0.0035,0.0012,0.138,0.0253,10.2791,1.3047,1.0337,0.011,0.3638,0.0233,0.3409,0.1105,9.9259,0.3634,20.7306,18.9681,0.0035,0.0012,0.138,0.0253,10.2791,1.3047,1.0337,0.011,0.3638,0.0233,1.6536,0.0419,11.1188,0.3513,26.7148,18.1162,0.0166,0.0004,0.1,0.0,12.1494,1.4374,1.6536,0.0419,11.1188,0.3513,26.7148,18.1162,0.0662,0.0003,0.05,0.0,12.1494,1.4374
3.872983346207417,100.0,0.0,13.6,2.6331,13.6,2.6331,100.0,0.0,0.7174,0.2331,14.6812,0.4663,34.5048,15.1706,0.0075,0.0023,0.35,0.0645,15.8881,2.3367,1.0476,0.0151,0.5242,0.0472,1.4019,0.1867,13.6433,0.4466,91.8627,16.2668,0.0162,0.0022,16.6827,1.8264,1.0941,0.0125,0.7261,0.0,0.7174,0.2331,14.6812,0.4663,34.5048,15.1706,0.0075,0.0023,0.35,0.0645,15.8881,2.3367,1.0476,0.0151,0.5242,0.0472,13.6,1.8974,0.427,0.1485,14.7137,0.5568,23.7537,18.0022,0.0043,0.0015,0.69,0.26,15.2635,2.0324,1.0277,0.0097,0.6468,0.0839,13.5,1.9579,0.95,0.7246,0.4863,0.18,14.8174,0.5181,22.2764,18.6671,0.0049,0.0018,0.237,0.1821,15.2759,2.0107,1.0317,0.012,0.4241,0.123,0.5418,0.1748,14.8563,0.5299,22.8284,20.7959,0.0056,0.0018,0.136,0.0263,15.3525,1.8986,1.0357,0.0114,0.3562,0.028,0.5418,0.1748,14.8563,0.5299,22.8284,20.7959,0.0056,0.0018,0.136,0.0263,15.3525,1.8986,1.0357,0.0114,0.3562,0.028,1.6965,0.0609,16.0072,0.4875,22.9547,16.6246,0.017,0.0006,0.1,0.0,17.2203,2.0905,1.6965,0.0609,16.0072,0.4875,22.9547,16.6246,0.0664,0.0004,0.05,0.0,17.2203,2.0905
4.830458915396479,100.0,0.0,12.5,2.7183,12.5,2.7183,100.0,0.0,1.085,0.3402,22.8404,0.7281,33.7775,15.4645,0.0114,0.0034,0.342,0.0601,24.6929,3.6339,1.0463,0.0141,0.5111,0.0535,2.1787,0.2916,21.2221,0.6948,91.8337,16.2889,0.0252,0.0034,25.9434,2.835,1.094,0.0125,0.7261,0.0,1.085,0.3402,22.8404,0.7281,33.7775,15.4645,0.0114,0.0034,0.342,0.0601,24.6929,3.6339,1.0463,0.0141,0.5111,0.0535,13.6,1.8974,0.7089,0.3476,22.7563,0.7604,27.5278,16.28,0.0071,0.0035,0.853,0.1034,23.8716,3.2983,1.0297,0.0146,0.7089,0.0144,12.7,1.767,1.0,0.7071,0.6965,0.2064,23.11,0.7541,19.6919,18.2228,0.007,0.0021,0.177,0.1047,23.7562,3.1775,1.0292,0.0086,0.3824,0.0754,0.7388,0.1841,23.2499,0.7741,17.6018,19.2872,0.0074,0.0019,0.125,0.0272,23.8091,3.1599,1.0312,0.0076,0.3444,0.0276,0.7388,0.1841,23.2499,0.7741,17.6018,19.2872,0.0074,0.0019,0.125,0.0272,23.8091,3.1599,1.0312,0.0076,0.3444,0.0276,1.8401,0.2599,24.1791,0.7121,21.2854,14.5145,0.0184,0.0026,0.1,0.0,25.6873,3.0754,1.8401,0.2599,24.1791,0.7121,21.2854,14.5145,0.0669,0.0009,0.05,0.0,25.6873,3.0754
6.324555320336759,100.0,0.0,13.1,2.9609,13.1,2.9609,91.2,27.828,1.844,0.5921,39.2327,1.2702,32.6078,15.6744,0.0193,0.0058,0.325,0.0615,42.3738,6.2725,1.0458,0.0143,0.4987,0.051,3.7317,0.5019,36.3799,1.1911,91.8061,16.3103,0.0431,0.0058,44.4625,4.8501,1.0939,0.0126,0.7261,0.0,1.844,0.5921,39.2327,1.2702,32.6078,15.6744,0.0193,0.0058,0.325,0.0615,42.3738,6.2725,1.0458,0.0143,0.4987,0.051,14.1,2.4244,1.3885,0.5906,38.5573,1.2952,35.355,15.3179,0.0142,0.0058,0.971,0.0393,41.2774,5.5974,1.034,0.0143,0.7254,0.0094,12.8,3.1552,0.75,0.4859,1.4815,0.8998,39.4841,1.4904,24.9426,21.8744,0.0151,0.0089,0.152,0.0739,41.0531,5.6121,1.0363,0.0219,0.3609,0.0842,1.5704,0.7306,39.4414,1.3512,26.586,22.4115,0.0164,0.0077,0.131,0.0296,41.5423,5.6092,1.0388,0.0179,0.3358,0.0294,1.5704,0.7306,39.4414,1.3512,26.586,22.4115,0.0164,0.0077,0.131,0.0296,41.5423,5.6092,1.0388,0.0179,0.3358,0.0294,2.1009,0.5162,40.6041,1.2135,18.6908,14.821,0.0214,0.0062,0.135,0.1107,42.7757,5.2391,2.0605,0.4332,40.5523,1.1631,18.8331,14.7993,0.0679,0.0018,0.05,0.0,42.648,5.4722
9.486832980505138,44.1,48.1697,13.1,4.2804,10.2,3.9665,28.1,37.9721,3.8944,0.8684,88.689,2.9332,28.8898,15.8872,0.0406,0.0086,0.275,0.0756,94.8998,13.9465,1.043,0.0092,0.46,0.0626,8.3894,1.1342,81.8531,2.68,91.7762,16.3338,0.0969,0.0131,100.0127,10.8888,1.0938,0.0127,0.7261,0.0,3.9961,0.9454,88.5951,2.7713,29.9753,15.3464,0.042,0.0097,0.319,0.1029,95.0448,14.0124,1.0441,0.0099,0.4713,0.0682,9.6,2.8752,3.9723,0.6589,87.6351,3.2943,35.1717,18.1929,0.0413,0.0063,0.952,0.0533,94.3392,12.8702,1.0436,0.0067,0.7173,0.0122,10.6,3.9777,1.15,0.7472,4.7071,1.1591,89.1352,4.0497,30.924,20.2513,0.0492,0.0128,0.156,0.0814,94.0889,11.749,1.0516,0.0135,0.3304,0.0886,4.8246,0.7817,88.9022,3.2385,32.8691,18.0921,0.0521,0.0093,0.422,0.2994,95.5838,13.6078,1.0535,0.0084,0.4782,0.1853,5.0572,1.2714,89.5476,4.0995,30.5781,20.9291,0.0527,0.0145,0.102,0.0397,94.4941,12.3839,1.0557,0.0145,0.262,0.0599,4.7481,0.8557,90.015,2.8664,26.2691,16.2906,0.0507,0.0085,0.396,0.17,95.422,13.7268,4.2606,1.2571,89.5465,2.6306,26.163,15.1248,0.0774,0.0066,0.05,0.0,94.0549,12.6107
