,best_m,best_m,best_k,best_k,best_k_original_gs,best_k_original_gs,best_m_base,best_m_base,insample_lasso,insample_lasso,mse_lasso,mse_lasso,df_lasso,df_lasso,coef_recovery_lasso,coef_recovery_lasso,support_recovery_lasso,support_recovery_lasso,outsample_mse_lasso,outsample_mse_lasso,rte_lasso,rte_lasso,f_score_lasso,f_score_lasso,insample_ridge,insample_ridge,mse_ridge,mse_ridge,df_ridge,df_ridge,coef_recovery_ridge,coef_recovery_ridge,outsample_mse_ridge,outsample_mse_ridge,rte_ridge,rte_ridge,f_score_ridge,f_score_ridge,insample_elastic,insample_elastic,mse_elastic,mse_elastic,df_elastic,df_elastic,coef_recovery_elastic,coef_recovery_elastic,support_recovery_elastic,support_recovery_elastic,outsample_mse_elastic,outsample_mse_elastic,rte_elastic,rte_elastic,f_score_elastic,f_score_elastic,best_k_bagged_gs,best_k_bagged_gs,insample_bagged_gs,insample_bagged_gs,mse_bagged_gs,mse_bagged_gs,df_bagged_gs,df_bagged_gs,coef_recovery_bagged_gs,coef_recovery_bagged_gs,support_recovery_bagged_gs,support_recovery_bagged_gs,outsample_mse_bagged_gs,outsample_mse_bagged_gs,rte_bagged_gs,rte_bagged_gs,f_score_bagged_gs,f_score_bagged_gs,best_k_smeared_gs,best_k_smeared_gs,best_noise_scale,best_noise_scale,insample_smeared_gs,insample_smeared_gs,mse_smeared_gs,mse_smeared_gs,df_smeared_gs,df_smeared_gs,coef_recovery_smeared_gs,coef_recovery_smeared_gs,support_recovery_smeared_gs,support_recovery_smeared_gs,outsample_mse_smeared_gs,outsample_mse_smeared_gs,rte_smeared_gs,rte_smeared_gs,f_score_smeared_gs,f_score_smeared_gs,insample_rgs,insample_rgs,mse_rgs,mse_rgs,df_rgs,df_rgs,coef_recovery_rgs,coef_recovery_rgs,support_recovery_rgs,support_recovery_rgs,outsample_mse_rgs,outsample_mse_rgs,rte_rgs,rte_rgs,f_score_rgs,f_score_rgs,insample_original_gs,insample_original_gs,mse_original_gs,mse_original_gs,df_original_gs,df_original_gs,coef_recovery_original_gs,coef_recovery_original_gs,support_recovery_original_gs,support_recovery_original_gs,outsample_mse_original_gs,outsample_mse_original_gs,rte_original_gs,rte_original_gs,f_score_original_gs,f_score_original_gs,insample_base_rgs,insample_base_rgs,mse_base_rgs,mse_base_rgs,df_base_rgs,df_base_rgs,coef_recovery_base_rgs,coef_recovery_base_rgs,support_recovery_base_rgs,support_recovery_base_rgs,outsample_mse_base_rgs,outsample_mse_base_rgs,insample_base_gs,insample_base_gs,mse_base_gs,mse_base_gs,df_base_gs,df_base_gs,coef_recovery_base_gs,coef_recovery_base_gs,support_recovery_base_gs,support_recovery_base_gs,outsample_mse_base_gs,outsample_mse_base_gs
,mean,std,mean,std,mean,std,mean,std,mean,std,mean,std,mean,std,mean,std,mean,std,mean,std,mean,std,mean,std,mean,std,mean,std,mean,std,mean,std,mean,std,mean,std,mean,std,mean,std,mean,std,mean,std,mean,std,mean,std,mean,std,mean,std,mean,std,mean,std,mean,std,mean,std,mean,std,mean,std,mean,std,mean,std,mean,std,mean,std,mean,std,mean,std,mean,std,mean,std,mean,std,mean,std,mean,std,mean,std,mean,std,mean,std,mean,std,mean,std,mean,std,mean,std,mean,std,mean,std,mean,std,mean,std,mean,std,mean,std,mean,std,mean,std,mean,std,mean,std,mean,std,mean,std,mean,std,mean,std,mean,std,mean,std,mean,std,mean,std,mean,std,mean,std,mean,std,mean,std,mean,std,mean,std
sigma,,,,,,,,,,,,,,,,,,,,,,,,,,,,,,,,,,,,,,,,,,,,,,,,,,,,,,,,,,,,,,,,,,,,,,,,,,,,,,,,,,,,,,,,,,,,,,,,,,,,,,,,,,,,,,,,,,,,,,,,,,,,,,,,,,,,,,,,,,,,,,,,,,,,
3.1622776601683795,800.0,0.0,10.0,0.0,10.0,0.0,800.0,0.0,0.3475,0.1022,9.8031,0.2806,27.1926,13.5848,0.0004,0.0001,0.9902,0.0077,11.2349,0.7761,1.0345,0.0101,0.7467,0.1571,7.4364,0.3095,2.0175,0.1894,770.1729,21.4712,0.0238,0.0022,50.7673,8.4328,2.1689,0.1162,0.0247,0.0,0.3475,0.1022,9.8031,0.2806,27.1926,13.5848,0.0004,0.0001,0.9902,0.0077,11.2349,0.7761,1.0345,0.0101,0.7467,0.1571,10.6,0.5477,0.1248,0.0249,9.5861,0.2799,26.9056,13.1154,0.0002,0.0001,0.8822,0.0811,10.8278,0.722,1.0121,0.0027,0.2604,0.1897,10.0,0.0,0.6,0.2236,0.107,0.0267,9.73,0.2709,18.8287,13.0669,0.0002,0.0001,1.0,0.0,10.819,0.6901,1.0103,0.0025,1.0,0.0,0.1079,0.0247,9.7262,0.2726,19.0656,13.2717,0.0002,0.0001,1.0,0.0,10.8163,0.6902,1.0103,0.0026,1.0,0.0,0.1079,0.0247,9.7262,0.2726,19.0656,13.2717,0.0002,0.0001,1.0,0.0,10.8163,0.6902,1.0103,0.0026,1.0,0.0,0.1079,0.0247,9.7262,0.2726,19.0656,13.2717,0.0002,0.0001,1.0,0.0,10.8163,0.6902,0.1079,0.0247,9.7262,0.2726,19.0656,13.2717,0.0093,0.0002,0.9938,0.0,10.8163,0.6902
3.872983346207417,800.0,0.0,10.2,0.4472,10.2,0.4472,800.0,0.0,0.5181,0.1573,14.714,0.3895,26.7772,12.99,0.0005,0.0002,0.9902,0.0065,16.8502,1.1802,1.0343,0.0104,0.7378,0.1245,11.1544,0.4644,3.0259,0.2842,770.1794,21.4759,0.0357,0.0034,76.1453,12.7049,2.1689,0.1164,0.0247,0.0,0.5181,0.1573,14.714,0.3895,26.7772,12.99,0.0005,0.0002,0.9902,0.0065,16.8502,1.1802,1.0343,0.0104,0.7378,0.1245,11.4,0.8944,0.2823,0.0848,14.0829,0.3855,39.9406,11.3466,0.0006,0.0003,0.741,0.0709,16.331,1.174,1.0185,0.0063,0.0939,0.0298,10.4,0.5477,0.6,0.2236,0.2339,0.0914,14.5057,0.3804,24.2463,11.3346,0.0004,0.0002,0.9978,0.0038,16.2579,1.1046,1.0155,0.0069,0.93,0.1129,0.2038,0.1094,14.5473,0.3376,21.8617,9.0375,0.0004,0.0002,0.9998,0.0006,16.211,1.0363,1.0134,0.0081,0.9905,0.0213,0.2038,0.1094,14.5473,0.3376,21.8617,9.0375,0.0004,0.0002,0.9998,0.0006,16.211,1.0363,1.0134,0.0081,0.9905,0.0213,0.1618,0.0371,14.5893,0.4089,19.0656,13.2717,0.0003,0.0001,1.0,0.0,16.2245,1.0354,0.1618,0.0371,14.5893,0.4089,19.0656,13.2717,0.0094,0.0003,0.9938,0.0,16.2245,1.0354
4.830458915396479,800.0,0.0,9.6,1.5166,9.6,1.5166,800.0,0.0,0.8054,0.2397,22.8854,0.6143,26.8296,13.1583,0.0008,0.0003,0.9905,0.0068,26.2142,1.824,1.0343,0.0102,0.7457,0.1357,17.3512,0.7227,4.7066,0.4421,770.1851,21.4801,0.0555,0.0053,118.4429,19.8398,2.1689,0.1166,0.0247,0.0,0.8054,0.2397,22.8854,0.6143,26.8296,13.1583,0.0008,0.0003,0.9905,0.0068,26.2142,1.824,1.0343,0.0102,0.7457,0.1357,9.4,1.1402,0.7371,0.2796,22.151,0.3699,41.0893,3.9059,0.0017,0.0008,0.7655,0.0875,25.8286,1.9765,1.0316,0.0129,0.1056,0.0348,9.4,0.8944,1.4,0.5477,0.6523,0.527,22.7507,0.8155,26.4359,7.6309,0.0015,0.0015,0.9935,0.0078,25.6609,1.8989,1.0281,0.0237,0.8302,0.1884,0.9844,0.7677,22.8214,0.9576,32.032,11.148,0.0023,0.0021,0.998,0.0019,26.1112,2.2798,1.0427,0.0353,0.9163,0.0839,0.9844,0.7677,22.8214,0.9576,32.032,11.148,0.0023,0.0021,0.998,0.0019,26.1112,2.2798,1.0427,0.0353,0.9163,0.0839,0.4226,0.401,22.6818,0.6135,22.9942,8.1033,0.0008,0.0009,0.9995,0.0011,25.4497,1.6718,0.4226,0.401,22.6818,0.6135,22.9942,8.1033,0.0096,0.0004,0.9936,0.0003,25.4497,1.6718
6.324555320336759,613.6,289.1,7.8,1.3038,8.4,0.8944,213.4,183.2752,1.3829,0.4292,39.2332,1.091,26.8447,13.2111,0.0015,0.0005,0.9895,0.0069,44.9232,3.1862,1.0343,0.0106,0.7248,0.1338,29.7449,1.2394,8.0679,0.7579,770.1905,21.4841,0.0951,0.009,203.04,34.1369,2.1689,0.1168,0.0247,0.0,1.3829,0.4292,39.2332,1.091,26.8447,13.2111,0.0015,0.0005,0.9895,0.0069,44.9232,3.1862,1.0343,0.0106,0.7248,0.1338,6.4,1.1402,1.5491,0.5597,38.8211,1.4215,34.0667,13.4337,0.0035,0.0016,0.8538,0.0832,44.6218,3.51,1.0386,0.0143,0.2002,0.1495,8.0,1.0,1.4,0.8216,1.6934,0.6214,39.116,1.323,32.1852,13.1199,0.0041,0.0019,0.992,0.006,44.499,3.7626,1.0424,0.0165,0.7693,0.1408,2.1368,0.3153,39.5414,1.844,32.41,21.9784,0.004,0.0013,0.9905,0.0143,45.0452,4.2258,1.0531,0.0081,0.7761,0.2038,2.1751,0.5056,39.281,1.0091,36.1397,12.3996,0.0049,0.0013,0.996,0.0014,44.5374,3.8343,1.0547,0.0144,0.8267,0.0557,1.8908,0.2807,38.4289,0.8299,43.2304,11.7292,0.0024,0.0007,0.9628,0.022,45.3062,4.13,1.7373,0.8791,38.6471,0.9198,38.5893,9.227,0.0103,0.0005,0.9931,0.0005,44.8227,3.1897
9.486832980505138,266.8,238.7744,8.0,2.8284,5.4,0.5477,91.6,32.1994,3.0502,0.8627,88.4371,2.5134,25.6028,13.7409,0.0032,0.0009,0.99,0.0069,101.1125,6.9839,1.0336,0.0095,0.7292,0.1389,66.9262,2.7898,18.1521,1.7053,770.1964,21.4886,0.214,0.0203,456.8369,77.1142,2.169,0.117,0.0247,0.0,3.0815,0.9364,88.3721,2.6238,26.1373,14.019,0.0031,0.0009,0.989,0.0073,101.0495,7.1716,1.034,0.0103,0.7113,0.1468,5.0,1.0,3.0413,0.354,86.9219,3.0611,33.9628,16.6709,0.006,0.0011,0.8365,0.0872,99.9632,6.7261,1.0337,0.0038,0.1626,0.0833,5.4,0.5477,1.8,0.4472,4.2907,1.4415,88.6959,2.1527,31.0511,12.8108,0.0102,0.0036,0.9928,0.0021,100.7668,7.4397,1.0478,0.0167,0.7037,0.1119,3.3327,0.4258,86.2309,3.8915,39.4152,22.4172,0.0049,0.0018,0.9655,0.0315,100.9417,5.4305,1.037,0.0048,0.5336,0.297,4.6193,1.0619,89.3011,2.1094,29.516,12.5718,0.0115,0.0024,0.9932,0.0014,100.0551,8.2309,1.0514,0.0125,0.6483,0.0787,3.5818,0.5194,84.3157,2.4093,51.4267,14.2712,0.0045,0.0014,0.947,0.0137,102.4179,5.7959,6.6925,1.3357,85.8055,2.1821,60.4228,12.2218,0.0136,0.0009,0.991,0.0009,102.2352,8.4987
