,best_m,best_m,best_k,best_k,best_k_original_gs,best_k_original_gs,insample_lasso,insample_lasso,mse_lasso,mse_lasso,df_lasso,df_lasso,coef_recovery_lasso,coef_recovery_lasso,support_recovery_lasso,support_recovery_lasso,outsample_mse_lasso,outsample_mse_lasso,rte_lasso,rte_lasso,f_score_lasso,f_score_lasso,insample_ridge,insample_ridge,mse_ridge,mse_ridge,df_ridge,df_ridge,coef_recovery_ridge,coef_recovery_ridge,outsample_mse_ridge,outsample_mse_ridge,rte_ridge,rte_ridge,f_score_ridge,f_score_ridge,insample_elastic,insample_elastic,mse_elastic,mse_elastic,df_elastic,df_elastic,coef_recovery_elastic,coef_recovery_elastic,support_recovery_elastic,support_recovery_elastic,outsample_mse_elastic,outsample_mse_elastic,rte_elastic,rte_elastic,f_score_elastic,f_score_elastic,best_k_bagged_gs,best_k_bagged_gs,insample_bagged_gs,insample_bagged_gs,mse_bagged_gs,mse_bagged_gs,df_bagged_gs,df_bagged_gs,coef_recovery_bagged_gs,coef_recovery_bagged_gs,support_recovery_bagged_gs,support_recovery_bagged_gs,outsample_mse_bagged_gs,outsample_mse_bagged_gs,rte_bagged_gs,rte_bagged_gs,f_score_bagged_gs,f_score_bagged_gs,best_k_smeared_gs,best_k_smeared_gs,best_noise_scale,best_noise_scale,insample_smeared_gs,insample_smeared_gs,mse_smeared_gs,mse_smeared_gs,df_smeared_gs,df_smeared_gs,coef_recovery_smeared_gs,coef_recovery_smeared_gs,support_recovery_smeared_gs,support_recovery_smeared_gs,outsample_mse_smeared_gs,outsample_mse_smeared_gs,rte_smeared_gs,rte_smeared_gs,f_score_smeared_gs,f_score_smeared_gs,insample_rgs,insample_rgs,mse_rgs,mse_rgs,df_rgs,df_rgs,coef_recovery_rgs,coef_recovery_rgs,support_recovery_rgs,support_recovery_rgs,outsample_mse_rgs,outsample_mse_rgs,rte_rgs,rte_rgs,f_score_rgs,f_score_rgs,insample_original_gs,insample_original_gs,mse_original_gs,mse_original_gs,df_original_gs,df_original_gs,coef_recovery_original_gs,coef_recovery_original_gs,support_recovery_original_gs,support_recovery_original_gs,outsample_mse_original_gs,outsample_mse_original_gs,rte_original_gs,rte_original_gs,f_score_original_gs,f_score_original_gs
,mean,std,mean,std,mean,std,mean,std,mean,std,mean,std,mean,std,mean,std,mean,std,mean,std,mean,std,mean,std,mean,std,mean,std,mean,std,mean,std,mean,std,mean,std,mean,std,mean,std,mean,std,mean,std,mean,std,mean,std,mean,std,mean,std,mean,std,mean,std,mean,std,mean,std,mean,std,mean,std,mean,std,mean,std,mean,std,mean,std,mean,std,mean,std,mean,std,mean,std,mean,std,mean,std,mean,std,mean,std,mean,std,mean,std,mean,std,mean,std,mean,std,mean,std,mean,std,mean,std,mean,std,mean,std,mean,std,mean,std,mean,std,mean,std,mean,std,mean,std,mean,std
sigma,,,,,,,,,,,,,,,,,,,,,,,,,,,,,,,,,,,,,,,,,,,,,,,,,,,,,,,,,,,,,,,,,,,,,,,,,,,,,,,,,,,,,,,,,,,,,,,,,,,,,,,,,,,,,,,,,,,,,,,,,,
13.784048752090222,32.5,26.0523,6.3,2.9833,4.8,1.2293,4.3621,1.5633,188.2645,7.6743,16.0462,18.7053,0.0414,0.0077,0.927,0.0497,189.0665,21.7326,1.0225,0.0081,0.726,0.1438,18.298,1.9489,171.7759,6.5119,96.1108,18.6641,0.3024,0.0379,205.1366,21.7006,1.096,0.0101,0.1818,0.0,4.4288,1.5009,187.8775,8.2588,17.2403,20.4246,0.0393,0.0083,0.878,0.1496,189.1464,21.5116,1.0228,0.0078,0.6783,0.203,4.1,0.9944,4.5746,1.3736,187.8376,7.4222,17.7288,18.1874,0.0591,0.0097,0.506,0.151,189.2992,22.82,1.0236,0.0072,0.2987,0.0665,5.0,1.4142,2.64,2.5021,6.8884,1.7669,189.3343,6.9709,19.8791,18.6188,0.1081,0.0178,0.923,0.0499,191.0574,23.5756,1.0358,0.0095,0.632,0.1204,4.0056,1.645,187.7718,7.5318,16.4048,17.9115,0.0465,0.0233,0.85,0.1599,189.3318,21.4458,1.0206,0.0087,0.6281,0.177,8.1276,2.2936,190.3832,6.0931,20.38,16.5966,0.1256,0.0171,0.932,0.0103,192.4355,24.9828,1.0423,0.0122,0.5368,0.0889
15.491933384829668,36.7,24.6624,5.0,2.2608,4.6,1.075,5.2172,1.8652,237.7327,9.755,15.5927,18.8853,0.0481,0.0084,0.92,0.0452,238.6672,27.5743,1.0213,0.0077,0.6901,0.1149,23.1128,2.4606,216.98,8.2256,96.11,18.6662,0.382,0.0478,259.1199,27.4113,1.096,0.0101,0.1818,0.0,5.2684,1.7744,237.3129,10.4087,16.5741,20.379,0.0451,0.0091,0.872,0.1454,238.7075,27.2962,1.0215,0.0072,0.644,0.1716,4.0,1.1547,5.4698,1.7196,236.7583,9.4918,18.1488,18.6861,0.0665,0.0129,0.473,0.2131,238.7201,28.9573,1.0223,0.0072,0.3272,0.2225,4.4,1.3499,2.73,2.4153,8.1701,2.2775,239.2888,8.825,18.5028,19.2153,0.1231,0.0167,0.934,0.0263,242.3786,29.5503,1.0336,0.0097,0.6352,0.1138,5.0678,1.8728,238.1073,8.7834,14.5012,17.5458,0.0609,0.0335,0.884,0.1404,238.6812,28.3136,1.0206,0.0077,0.6708,0.1608,9.1288,2.803,239.7134,8.2436,19.6154,17.2706,0.1387,0.0224,0.93,0.0133,242.7522,29.267,1.0376,0.0117,0.517,0.1061
17.98147194568157,30.7,15.0041,4.6,1.8974,3.9,1.3703,6.5789,2.2508,320.7652,12.939,14.1449,18.8389,0.0572,0.0104,0.915,0.0401,321.2102,37.2756,1.0199,0.0069,0.6466,0.1101,31.1374,3.3131,292.3202,11.0817,96.1091,18.6685,0.5146,0.0644,349.0921,36.9292,1.096,0.0101,0.1818,0.0,6.6229,2.0632,320.1112,13.929,15.2243,20.4677,0.0533,0.009,0.867,0.15,321.4805,36.9184,1.02,0.0062,0.6141,0.1703,3.3,1.1595,6.6366,1.9378,319.8027,13.2591,15.7225,19.2514,0.0731,0.013,0.535,0.2152,321.6708,39.0101,1.02,0.0059,0.337,0.1512,3.9,1.2867,3.31,2.1972,10.5264,3.3969,322.2097,12.9876,18.0157,19.0107,0.1426,0.0297,0.936,0.0117,325.5346,42.0844,1.0321,0.0104,0.6156,0.0963,5.4811,1.6605,320.3317,12.2769,13.1177,17.7233,0.0569,0.0152,0.867,0.1257,320.0128,38.2694,1.0165,0.005,0.6493,0.1842,11.3956,2.8735,323.2108,12.9972,17.8114,19.5384,0.1569,0.026,0.927,0.0116,327.4068,41.6988,1.0348,0.0088,0.4669,0.117
22.135943621178654,33.8,20.6064,5.5,5.6618,3.7,1.567,8.5546,2.8423,486.7314,18.578,12.0645,18.1491,0.0686,0.0133,0.916,0.0401,485.5696,56.7455,1.017,0.0057,0.6201,0.1211,47.1865,5.0176,443.0005,16.794,96.1082,18.6712,0.7798,0.0976,529.0365,55.9649,1.096,0.0101,0.1818,0.0,8.8323,2.5722,485.2742,21.0631,13.8348,20.9938,0.0657,0.0127,0.847,0.207,486.6338,56.3749,1.0176,0.005,0.5882,0.1763,2.8,0.6325,8.0663,2.3786,484.4071,18.2997,13.9379,17.944,0.0809,0.0141,0.478,0.1331,485.254,58.5515,1.016,0.0048,0.2786,0.0784,3.5,1.5092,2.73,2.4153,14.156,3.4784,488.1363,18.6278,16.3467,20.2938,0.1872,0.0345,0.925,0.0172,493.7132,58.1663,1.0284,0.0072,0.4914,0.1416,8.4891,2.4433,485.108,20.4576,13.6542,20.3444,0.0807,0.026,0.785,0.3216,487.8844,58.6836,1.0168,0.0048,0.633,0.2534,14.7012,3.3271,488.1295,18.511,16.9098,20.156,0.1947,0.0294,0.921,0.011,493.4902,58.0588,1.0295,0.0069,0.4159,0.1047
31.464265445104548,43.4,35.4125,3.7,2.9458,2.5,0.8498,13.0288,4.5589,983.6889,39.0596,9.7677,19.3138,0.0925,0.0258,0.898,0.0457,977.3843,116.0418,1.0127,0.0045,0.482,0.1549,95.3332,10.1292,895.0415,33.9308,96.1069,18.6747,1.5753,0.1972,1068.8698,113.072,1.096,0.0101,0.1818,0.0,13.4747,4.5865,982.3681,42.8842,10.6599,21.0732,0.0877,0.023,0.833,0.2098,979.1557,116.1914,1.0131,0.0043,0.4626,0.1525,2.0,0.6667,12.1525,3.8929,980.5538,37.1027,10.9085,18.0665,0.095,0.017,0.487,0.1419,976.4983,117.9736,1.0118,0.0038,0.2752,0.0809,2.6,1.075,2.73,2.4153,22.1774,7.7772,985.6816,37.3492,13.3817,20.6415,0.2614,0.0616,0.918,0.0187,989.4895,122.7595,1.0219,0.008,0.3967,0.1587,14.9524,8.6274,980.9356,39.6374,12.1297,20.0833,0.1391,0.0962,0.797,0.2347,981.856,123.3196,1.0146,0.0086,0.452,0.2121,22.4059,7.0868,987.0963,35.977,12.7826,19.6721,0.2689,0.0603,0.913,0.0095,986.58,126.5524,1.0222,0.0073,0.3019,0.0827
