,best_m,best_m,best_k,best_k,best_k_original_gs,best_k_original_gs,best_m_base,best_m_base,insample_lasso,insample_lasso,mse_lasso,mse_lasso,df_lasso,df_lasso,coef_recovery_lasso,coef_recovery_lasso,support_recovery_lasso,support_recovery_lasso,outsample_mse_lasso,outsample_mse_lasso,rte_lasso,rte_lasso,f_score_lasso,f_score_lasso,insample_ridge,insample_ridge,mse_ridge,mse_ridge,df_ridge,df_ridge,coef_recovery_ridge,coef_recovery_ridge,outsample_mse_ridge,outsample_mse_ridge,rte_ridge,rte_ridge,f_score_ridge,f_score_ridge,insample_elastic,insample_elastic,mse_elastic,mse_elastic,df_elastic,df_elastic,coef_recovery_elastic,coef_recovery_elastic,support_recovery_elastic,support_recovery_elastic,outsample_mse_elastic,outsample_mse_elastic,rte_elastic,rte_elastic,f_score_elastic,f_score_elastic,best_k_bagged_gs,best_k_bagged_gs,insample_bagged_gs,insample_bagged_gs,mse_bagged_gs,mse_bagged_gs,df_bagged_gs,df_bagged_gs,coef_recovery_bagged_gs,coef_recovery_bagged_gs,support_recovery_bagged_gs,support_recovery_bagged_gs,outsample_mse_bagged_gs,outsample_mse_bagged_gs,rte_bagged_gs,rte_bagged_gs,f_score_bagged_gs,f_score_bagged_gs,best_k_smeared_gs,best_k_smeared_gs,best_noise_scale,best_noise_scale,insample_smeared_gs,insample_smeared_gs,mse_smeared_gs,mse_smeared_gs,df_smeared_gs,df_smeared_gs,coef_recovery_smeared_gs,coef_recovery_smeared_gs,support_recovery_smeared_gs,support_recovery_smeared_gs,outsample_mse_smeared_gs,outsample_mse_smeared_gs,rte_smeared_gs,rte_smeared_gs,f_score_smeared_gs,f_score_smeared_gs,insample_rgs,insample_rgs,mse_rgs,mse_rgs,df_rgs,df_rgs,coef_recovery_rgs,coef_recovery_rgs,support_recovery_rgs,support_recovery_rgs,outsample_mse_rgs,outsample_mse_rgs,rte_rgs,rte_rgs,f_score_rgs,f_score_rgs,insample_original_gs,insample_original_gs,mse_original_gs,mse_original_gs,df_original_gs,df_original_gs,coef_recovery_original_gs,coef_recovery_original_gs,support_recovery_original_gs,support_recovery_original_gs,outsample_mse_original_gs,outsample_mse_original_gs,rte_original_gs,rte_original_gs,f_score_original_gs,f_score_original_gs,insample_base_rgs,insample_base_rgs,mse_base_rgs,mse_base_rgs,df_base_rgs,df_base_rgs,coef_recovery_base_rgs,coef_recovery_base_rgs,support_recovery_base_rgs,support_recovery_base_rgs,outsample_mse_base_rgs,outsample_mse_base_rgs,insample_base_gs,insample_base_gs,mse_base_gs,mse_base_gs,df_base_gs,df_base_gs,coef_recovery_base_gs,coef_recovery_base_gs,support_recovery_base_gs,support_recovery_base_gs,outsample_mse_base_gs,outsample_mse_base_gs
,mean,std,mean,std,mean,std,mean,std,mean,std,mean,std,mean,std,mean,std,mean,std,mean,std,mean,std,mean,std,mean,std,mean,std,mean,std,mean,std,mean,std,mean,std,mean,std,mean,std,mean,std,mean,std,mean,std,mean,std,mean,std,mean,std,mean,std,mean,std,mean,std,mean,std,mean,std,mean,std,mean,std,mean,std,mean,std,mean,std,mean,std,mean,std,mean,std,mean,std,mean,std,mean,std,mean,std,mean,std,mean,std,mean,std,mean,std,mean,std,mean,std,mean,std,mean,std,mean,std,mean,std,mean,std,mean,std,mean,std,mean,std,mean,std,mean,std,mean,std,mean,std,mean,std,mean,std,mean,std,mean,std,mean,std,mean,std,mean,std,mean,std,mean,std,mean,std,mean,std,mean,std,mean,std
sigma,,,,,,,,,,,,,,,,,,,,,,,,,,,,,,,,,,,,,,,,,,,,,,,,,,,,,,,,,,,,,,,,,,,,,,,,,,,,,,,,,,,,,,,,,,,,,,,,,,,,,,,,,,,,,,,,,,,,,,,,,,,,,,,,,,,,,,,,,,,,,,,,,,,,
3.1622776601683795,280.6,301.7203,9.6,4.1952,3.0,1.0541,145.7,42.4449,3.5559,1.1283,6.5998,3.6273,34.4326,21.7038,0.0043,0.0017,0.9736,0.0163,17.5242,4.4718,1.4838,0.1451,0.4689,0.1631,9.6571,0.7235,0.0004,0.0013,97.3008,3.5787,0.0087,0.0002,33.2972,16.615,2.9193,0.0398,0.0198,0.0,4.8131,2.6648,5.689,4.353,45.1642,33.5905,0.0043,0.0015,0.9531,0.0467,18.2918,5.6234,1.5309,0.1324,0.3996,0.1959,14.5,5.9675,4.0507,0.6517,3.7264,2.4191,51.1054,13.0269,0.0078,0.0026,0.1569,0.2304,19.6725,4.167,1.6096,0.1503,0.0268,0.0158,7.1,6.871,1.65,0.5798,4.8021,1.7894,8.6726,4.732,30.3413,29.9197,0.0106,0.0027,0.8019,0.3423,19.1212,4.863,1.7115,0.2143,0.3413,0.2755,3.7411,0.9515,5.8315,3.0744,39.1527,16.4482,0.0058,0.0024,0.9028,0.0559,18.3877,4.305,1.5098,0.1186,0.2387,0.1893,6.5827,1.4183,14.4034,3.2125,10.7873,13.1182,0.0147,0.0024,0.9924,0.0008,23.1878,5.8945,2.0129,0.2709,0.4118,0.0802,3.1425,0.7525,5.0067,0.8069,40.2725,5.9449,0.0048,0.0017,0.8919,0.0222,18.552,6.0488,6.8327,1.0974,6.0906,0.7688,53.1736,5.9115,0.015,0.0017,0.9912,0.0007,29.2559,11.4314
3.872983346207417,349.5,382.3016,8.6,4.0056,2.4,0.8433,125.6,38.0911,4.993,1.015,12.0106,5.4103,26.3418,18.3066,0.0056,0.0018,0.9794,0.013,27.0115,7.899,1.4516,0.1212,0.4967,0.1491,14.4872,1.0871,0.0005,0.0016,97.3061,3.5853,0.0092,0.0002,40.1584,19.0975,2.3297,0.0281,0.0198,0.0,7.9516,4.5643,7.0598,6.6838,52.4428,35.7757,0.006,0.0017,0.9345,0.0599,27.4672,9.3854,1.5195,0.1456,0.3312,0.1894,14.3,6.7831,5.7126,0.8261,5.7438,4.1526,49.3969,15.4655,0.0085,0.0032,0.2121,0.316,27.6572,5.9858,1.4928,0.134,0.0312,0.0197,6.2,7.3303,1.25,0.7906,7.3608,2.6098,14.4094,8.0962,26.2397,32.5213,0.0135,0.0042,0.8067,0.3802,28.3749,8.9426,1.6849,0.2136,0.3475,0.2135,5.5986,1.5126,8.9966,5.7619,38.2868,17.0004,0.0089,0.0054,0.9126,0.057,29.7113,7.2817,1.5094,0.229,0.2369,0.1616,8.7867,2.9852,20.2109,4.3559,11.8,9.9884,0.0162,0.0025,0.992,0.0007,34.7051,14.028,1.8465,0.2279,0.3508,0.0833,4.3338,0.7914,6.652,1.2115,41.8501,6.1514,0.0055,0.0015,0.8838,0.014,25.8898,7.2002,10.5053,1.3303,8.2894,1.0705,56.8126,6.4111,0.0184,0.0029,0.9902,0.0011,35.1264,12.2959
4.830458915396479,319.4,293.8058,8.2,4.6619,2.6,2.1187,110.3,64.8914,7.5395,1.9891,17.8363,9.2373,27.656,22.0,0.0077,0.0026,0.9763,0.0175,39.6284,12.4131,1.4157,0.1073,0.4331,0.1594,22.4832,1.6128,0.0012,0.0025,97.194,3.418,0.01,0.0003,51.358,22.9416,1.9084,0.0198,0.0198,0.0,12.3517,7.5308,12.5541,11.7848,49.0708,39.733,0.0079,0.0024,0.9322,0.0674,41.4569,15.1323,1.4599,0.1303,0.3244,0.1913,13.2,6.2503,8.2592,1.8173,8.1361,5.0594,49.7611,13.8239,0.0095,0.0038,0.195,0.2598,40.2841,8.8671,1.3959,0.1107,0.0282,0.0146,5.8,7.5689,1.7,0.6325,10.8119,4.91,21.5424,12.5205,26.7359,32.5756,0.0156,0.0053,0.8033,0.3682,39.8699,11.6462,1.5822,0.2353,0.331,0.2865,8.2041,2.7572,14.4081,8.3257,36.3388,18.1937,0.0097,0.006,0.9136,0.0746,39.3543,8.2851,1.4559,0.213,0.3334,0.2864,11.5978,3.6686,27.4311,7.9502,15.9109,19.0297,0.02,0.0062,0.991,0.0018,45.444,15.9535,1.7469,0.3161,0.2837,0.0859,7.3348,2.4588,9.7738,2.2012,44.3257,9.2136,0.0079,0.0049,0.8814,0.0244,40.2773,9.2072,15.7355,1.943,11.6951,2.0597,58.0715,6.5045,0.0223,0.003,0.9897,0.0006,58.1308,15.2569
6.324555320336759,378.2,333.2176,8.8,7.3606,2.4,2.4129,121.1,42.5374,12.3339,4.4213,31.2536,17.0133,26.0869,24.8409,0.01,0.0034,0.9753,0.0217,64.8376,21.8618,1.3507,0.0854,0.4122,0.1981,38.546,2.7694,0.0017,0.0035,97.1986,3.4244,0.0117,0.0004,73.3079,30.1627,1.5926,0.0142,0.0198,0.0,26.0018,14.2406,15.1214,20.4687,62.9645,42.3378,0.0117,0.0035,0.8546,0.1463,65.1865,25.2532,1.4268,0.1023,0.2099,0.1727,10.1,6.1545,12.6622,3.2575,17.2917,11.8362,43.7711,17.0726,0.0109,0.0046,0.3113,0.3416,65.2818,17.6532,1.3144,0.1006,0.0604,0.0972,5.3,6.9929,1.7,0.6325,15.5672,8.2666,33.6237,18.0205,27.1551,31.1571,0.02,0.0086,0.831,0.3363,65.9735,22.318,1.465,0.2394,0.3334,0.2387,15.2791,4.9422,24.4496,19.9227,38.1515,28.425,0.0135,0.0037,0.8992,0.0884,71.4642,30.5742,1.3857,0.0887,0.2757,0.2599,14.4998,5.5181,42.9905,12.0081,14.2427,19.7668,0.022,0.0101,0.9908,0.0021,69.1867,24.3024,1.5123,0.2694,0.2579,0.075,12.3967,1.7283,14.1133,2.4266,47.3757,4.6341,0.0107,0.0023,0.8748,0.015,65.0017,17.7938,27.1881,3.2601,17.8971,2.5399,60.9976,5.2429,0.0315,0.0051,0.9887,0.001,106.9966,39.006
9.486832980505138,368.8,389.3966,5.3,6.2013,1.3,0.6749,57.0,60.3048,23.2424,10.7269,70.9187,37.7268,23.278,25.5312,0.0148,0.0078,0.9747,0.0206,135.1581,46.8178,1.2608,0.0921,0.226,0.1473,86.0023,6.3,0.0082,0.0071,96.7967,3.4629,0.0167,0.0009,137.7523,50.8408,1.3459,0.0105,0.0198,0.0,62.9086,33.177,25.1862,41.3824,70.2473,40.6041,0.0187,0.0058,0.7584,0.2139,135.5883,51.1153,1.3218,0.0822,0.1065,0.1038,9.8,7.8853,24.729,10.7576,41.4303,28.1946,40.3143,20.8254,0.0137,0.0071,0.3778,0.3693,133.3161,41.6588,1.2231,0.0955,0.051,0.044,2.3,2.7909,1.75,0.5401,23.1708,12.8888,82.5541,26.6045,16.8392,21.1562,0.0271,0.0167,0.9722,0.057,134.8195,45.5585,1.3257,0.2093,0.2885,0.1689,23.7838,14.1653,68.5115,36.2168,24.8998,26.6379,0.0189,0.013,0.9191,0.0809,137.9123,52.056,1.2721,0.1194,0.1921,0.1382,23.846,8.3161,92.2833,14.5757,11.8595,11.719,0.0271,0.0078,0.9903,0.0009,135.7676,43.5728,1.3311,0.1199,0.1411,0.075,26.2056,6.1286,48.7649,27.0579,37.0924,17.3322,0.0157,0.0052,0.7967,0.0898,141.97,50.8417,60.107,4.8865,34.6557,4.8756,63.4983,3.7341,0.059,0.0113,0.9872,0.001,209.8509,67.8055
