,best_m,best_m,best_k,best_k,best_k_original_gs,best_k_original_gs,insample_lasso,insample_lasso,mse_lasso,mse_lasso,df_lasso,df_lasso,coef_recovery_lasso,coef_recovery_lasso,support_recovery_lasso,support_recovery_lasso,outsample_mse_lasso,outsample_mse_lasso,rte_lasso,rte_lasso,f_score_lasso,f_score_lasso,insample_ridge,insample_ridge,mse_ridge,mse_ridge,df_ridge,df_ridge,coef_recovery_ridge,coef_recovery_ridge,outsample_mse_ridge,outsample_mse_ridge,rte_ridge,rte_ridge,f_score_ridge,f_score_ridge,insample_elastic,insample_elastic,mse_elastic,mse_elastic,df_elastic,df_elastic,coef_recovery_elastic,coef_recovery_elastic,support_recovery_elastic,support_recovery_elastic,outsample_mse_elastic,outsample_mse_elastic,rte_elastic,rte_elastic,f_score_elastic,f_score_elastic,best_k_bagged_gs,best_k_bagged_gs,insample_bagged_gs,insample_bagged_gs,mse_bagged_gs,mse_bagged_gs,df_bagged_gs,df_bagged_gs,coef_recovery_bagged_gs,coef_recovery_bagged_gs,support_recovery_bagged_gs,support_recovery_bagged_gs,outsample_mse_bagged_gs,outsample_mse_bagged_gs,rte_bagged_gs,rte_bagged_gs,f_score_bagged_gs,f_score_bagged_gs,best_k_smeared_gs,best_k_smeared_gs,best_noise_scale,best_noise_scale,insample_smeared_gs,insample_smeared_gs,mse_smeared_gs,mse_smeared_gs,df_smeared_gs,df_smeared_gs,coef_recovery_smeared_gs,coef_recovery_smeared_gs,support_recovery_smeared_gs,support_recovery_smeared_gs,outsample_mse_smeared_gs,outsample_mse_smeared_gs,rte_smeared_gs,rte_smeared_gs,f_score_smeared_gs,f_score_smeared_gs,insample_rgs,insample_rgs,mse_rgs,mse_rgs,df_rgs,df_rgs,coef_recovery_rgs,coef_recovery_rgs,support_recovery_rgs,support_recovery_rgs,outsample_mse_rgs,outsample_mse_rgs,rte_rgs,rte_rgs,f_score_rgs,f_score_rgs,insample_original_gs,insample_original_gs,mse_original_gs,mse_original_gs,df_original_gs,df_original_gs,coef_recovery_original_gs,coef_recovery_original_gs,support_recovery_original_gs,support_recovery_original_gs,outsample_mse_original_gs,outsample_mse_original_gs,rte_original_gs,rte_original_gs,f_score_original_gs,f_score_original_gs
,mean,std,mean,std,mean,std,mean,std,mean,std,mean,std,mean,std,mean,std,mean,std,mean,std,mean,std,mean,std,mean,std,mean,std,mean,std,mean,std,mean,std,mean,std,mean,std,mean,std,mean,std,mean,std,mean,std,mean,std,mean,std,mean,std,mean,std,mean,std,mean,std,mean,std,mean,std,mean,std,mean,std,mean,std,mean,std,mean,std,mean,std,mean,std,mean,std,mean,std,mean,std,mean,std,mean,std,mean,std,mean,std,mean,std,mean,std,mean,std,mean,std,mean,std,mean,std,mean,std,mean,std,mean,std,mean,std,mean,std,mean,std,mean,std,mean,std,mean,std,mean,std
sigma,,,,,,,,,,,,,,,,,,,,,,,,,,,,,,,,,,,,,,,,,,,,,,,,,,,,,,,,,,,,,,,,,,,,,,,,,,,,,,,,,,,,,,,,,,,,,,,,,,,,,,,,,,,,,,,,,,,,,,,,,,
3.1622776601683795,100.0,0.0,10.6,0.6992,10.6,0.6992,0.2503,0.0847,9.8894,0.4161,18.0477,19.6195,0.0026,0.0006,0.929,0.0495,9.9652,1.1343,1.0246,0.0084,0.7585,0.1252,0.9639,0.1042,9.0412,0.3427,96.1339,18.601,0.0159,0.002,10.797,1.1422,1.0961,0.0103,0.1818,0.0,0.2503,0.0847,9.8894,0.4161,18.0477,19.6195,0.0026,0.0006,0.929,0.0495,9.9652,1.1343,1.0246,0.0084,0.7585,0.1252,10.8,0.6325,0.1502,0.0398,9.8048,0.3813,17.2664,19.7006,0.0022,0.0008,0.495,0.1985,9.8386,1.1278,1.0145,0.0041,0.316,0.1296,10.6,0.6992,0.19,0.2846,0.1672,0.0664,9.8682,0.3597,14.9468,19.4099,0.0022,0.0008,0.994,0.007,9.8209,1.152,1.0162,0.007,0.9719,0.0323,0.1673,0.0661,9.8682,0.3597,14.9542,19.4102,0.0022,0.0008,0.994,0.007,9.8206,1.1515,1.0162,0.007,0.9719,0.0323,0.1673,0.0661,9.8682,0.3597,14.9542,19.4102,0.0022,0.0008,0.994,0.007,9.8206,1.1515,1.0162,0.007,0.9719,0.0323
3.872983346207417,100.0,0.0,10.7,0.6749,10.7,0.6749,0.3769,0.1305,14.8286,0.6306,18.2766,19.7622,0.0039,0.001,0.925,0.058,14.9501,1.7011,1.0247,0.0086,0.7532,0.138,1.4455,0.1557,13.5616,0.5141,96.1284,18.6159,0.0239,0.003,16.1953,1.7132,1.0961,0.0102,0.1818,0.0,0.3769,0.1305,14.8286,0.6306,18.2766,19.7622,0.0039,0.001,0.925,0.058,14.9501,1.7011,1.0247,0.0086,0.7532,0.138,11.8,1.1353,0.3159,0.0948,14.5658,0.5881,25.0024,20.9072,0.0047,0.0018,0.209,0.0745,14.851,1.6679,1.0206,0.0064,0.2029,0.0159,10.7,0.6749,0.19,0.2846,0.2649,0.0953,14.7876,0.5487,15.9114,19.9079,0.0035,0.0011,0.992,0.0079,14.7532,1.7529,1.0172,0.0067,0.9628,0.0361,0.2655,0.0956,14.7878,0.5485,15.9258,19.9198,0.0035,0.0012,0.993,0.0067,14.7532,1.7527,1.0172,0.0067,0.9671,0.0312,0.2655,0.0956,14.7878,0.5485,15.9258,19.9198,0.0035,0.0012,0.993,0.0067,14.7532,1.7527,1.0172,0.0067,0.9671,0.0312
4.830458915396479,65.3,33.4167,10.6,1.1738,11.0,1.4142,0.5861,0.2032,23.0666,0.9811,18.2758,19.766,0.0061,0.0015,0.924,0.0578,23.2565,2.6463,1.0246,0.0086,0.7503,0.1379,2.2481,0.2414,21.0956,0.7997,96.1235,18.6291,0.0372,0.0047,25.1925,2.665,1.0961,0.0102,0.1818,0.0,0.586,0.2032,23.0669,0.9807,18.2653,19.7523,0.006,0.0015,0.924,0.0578,23.2562,2.6465,1.0246,0.0086,0.7503,0.1379,10.8,1.6865,0.7104,0.1918,22.7159,0.973,28.4519,21.8352,0.0119,0.0047,0.196,0.1149,23.3262,2.5672,1.03,0.0082,0.202,0.0275,10.9,1.6633,0.55,0.4743,0.5451,0.2579,22.9788,0.8784,19.2774,21.9477,0.0082,0.0057,0.97,0.038,23.0264,2.6606,1.0229,0.0113,0.8869,0.1209,0.5005,0.1843,22.9532,0.858,18.8709,20.5734,0.0076,0.0038,0.933,0.0748,22.9034,2.6592,1.021,0.008,0.795,0.1866,0.5799,0.259,22.9856,0.838,19.8773,20.2351,0.0086,0.0062,0.986,0.0117,22.9949,2.6291,1.0244,0.0113,0.9356,0.0499
6.324555320336759,27.5,7.4722,8.7,1.0593,10.0,1.8257,1.0013,0.3547,39.5461,1.6616,18.1907,19.575,0.0104,0.0026,0.926,0.0499,39.8636,4.5261,1.0246,0.0088,0.7503,0.125,3.8532,0.4125,36.1637,1.3709,96.1189,18.6418,0.0637,0.008,43.1868,4.5685,1.096,0.0102,0.1818,0.0,1.0078,0.354,39.5255,1.6949,18.5286,20.0592,0.0102,0.0024,0.914,0.0772,39.8643,4.5289,1.0247,0.0088,0.7357,0.1535,7.5,1.0801,1.3105,0.2543,39.3999,1.47,23.8833,19.1934,0.0241,0.008,0.373,0.1868,39.8958,4.3808,1.0323,0.0062,0.2582,0.083,9.4,3.0258,2.24,2.4006,1.5607,0.4476,39.5101,1.6115,25.6335,22.1697,0.0275,0.0116,0.818,0.1829,40.1189,4.3403,1.0385,0.0113,0.6183,0.2447,1.0264,0.3593,39.4948,1.5016,19.1455,16.3651,0.0151,0.006,0.873,0.0432,39.6411,4.679,1.0252,0.009,0.6214,0.0824,1.5703,0.4348,39.6547,1.7228,23.9441,20.6157,0.0268,0.0101,0.972,0.0114,40.0611,4.2798,1.0388,0.0108,0.8608,0.0538
9.486832980505138,28.0,9.6609,6.7,1.0593,6.6,1.5055,2.2681,0.7929,89.0685,3.7165,17.7756,19.3482,0.0233,0.0057,0.933,0.049,89.698,10.207,1.0247,0.0087,0.7696,0.1244,8.6683,0.9251,81.3678,3.0846,96.1139,18.6555,0.1433,0.018,97.1701,10.2792,1.096,0.0101,0.1818,0.0,2.3034,0.7943,88.9558,3.9719,18.5978,20.8781,0.0223,0.0054,0.9,0.1207,89.774,10.2149,1.0251,0.0087,0.7339,0.1916,5.4,0.8433,2.4954,0.5881,88.8691,3.5316,20.146,18.2273,0.0387,0.0105,0.437,0.1313,89.6293,10.2685,1.0272,0.0063,0.2703,0.0534,6.1,1.1972,3.13,2.4281,3.5645,0.6584,89.7341,3.3055,21.2801,17.806,0.0661,0.016,0.898,0.0727,89.542,10.7426,1.0391,0.0071,0.6577,0.1271,2.2683,0.5129,89.0294,3.2761,17.9939,16.721,0.0312,0.0107,0.875,0.051,89.5426,10.32,1.0247,0.0056,0.6288,0.0965,4.2343,0.9532,90.2293,3.5005,22.2501,17.8565,0.0811,0.0157,0.948,0.0103,90.4655,11.4749,1.0466,0.0102,0.684,0.0735
