{
    "simulation": {
        "n_sim": 5,
        "base_seed": 42,
        "sigma": {
            "type": "pve",
            "params": {
                "num_points": 5,
                "min_pve": 0.1,
                "max_pve": 0.5
            },
            "computed_values": [
                3.1622776601683795,
                3.872983346207417,
                4.830458915396479,
                6.324555320336759,
                9.486832980505138
            ]
        }
    },
    "data": {
        "n_predictors": 200,
        "n_train": 1100,
        "signal_proportion": 0.05,
        "test_size": 0.091,
        "covariance_type": "banded",
        "generator_type": "exact",
        "generator_params": {
            "eta": 0.9
        },
        "block_params": {
            "block_size": 20,
            "within_correlation": 0.25
        },
        "banded_params": {
            "gamma": 0.5
        }
    },
    "model": {
        "k_max": 20,
        "m_grid": {
            "type": "geometric",
            "params": {
                "base": 1.5,
                "num_points": 10
            }
        },
        "rgscv": {
            "n_estimators": 500,
            "n_resample_iter": 7,
            "cv": 5
        },
        "bagged_gs": {
            "n_estimators": 500,
            "cv": 5
        },
        "smeared_gs": {
            "n_estimators": 500,
            "cv": 5,
            "param_grid": {
                "noise_scale": [
                    0.5,
                    1.0,
                    2.0
                ]
            }
        },
        "baseline": {
            "cv": 5
        }
    },
    "output": {
        "save_path": "results/raw/"
    },
    "rank_check": {
        "is_full_rank": true,
        "rank": 200,
        "min_dimension": 200,
        "condition_number": 3.1736781342916887,
        "smallest_singular_value": 18.364444363506756,
        "largest_singular_value": 58.28283552487764,
        "XTX_is_positive_definite": true
    }
}