Example,Method,MSE
Example 1,Lasso,10.20228442888579
Example 1,Lasso,10.778518075571252
Example 1,Lasso,10.209062586475627
Example 1,Lasso,11.467626041153943
Example 1,Lasso,9.202354317174514
Example 1,Lasso,14.542877286148954
Example 1,Lasso,11.488661633075322
Example 1,Lasso,11.270374416757637
Example 1,Lasso,7.995642779321333
Example 1,Lasso,11.620252207819306
Example 1,Lasso,9.747882621252604
Example 1,Lasso,10.951558052045538
Example 1,Lasso,14.125390553196697
Example 1,Lasso,9.703049729540629
Example 1,Lasso,9.241584569152153
Example 1,Lasso,10.93854433570783
Example 1,Lasso,12.526441442024277
Example 1,Lasso,10.213405239211145
Example 1,Lasso,8.957073250372105
Example 1,Lasso,9.945102972119953
Example 1,Lasso,11.037188240837997
Example 1,Lasso,12.453665997206707
Example 1,Lasso,10.038243820206816
Example 1,Lasso,9.55475617020637
Example 1,Lasso,11.365268895793431
Example 1,Lasso,10.730608460983246
Example 1,Lasso,11.500478067364854
Example 1,Lasso,9.53862098830082
Example 1,Lasso,10.596937624300242
Example 1,Lasso,12.056501795462378
Example 1,Lasso,11.690188748344356
Example 1,Lasso,10.435804009536806
Example 1,Lasso,12.732739073034328
Example 1,Lasso,11.064730706421345
Example 1,Lasso,10.536654122192125
Example 1,Lasso,10.161429454211515
Example 1,Lasso,10.715898332910186
Example 1,Lasso,11.980724746520512
Example 1,Lasso,9.34608597877431
Example 1,Lasso,12.56910874276757
Example 1,Lasso,9.58533578281423
Example 1,Lasso,9.893032532698177
Example 1,Lasso,11.947961287032241
Example 1,Lasso,9.049488953147234
Example 1,Lasso,10.238917937218185
Example 1,Lasso,10.609650866047717
Example 1,Lasso,8.97367664827967
Example 1,Lasso,10.042201716994215
Example 1,Lasso,11.63993704651025
Example 1,Lasso,10.395709877420865
Example 1,Elastic Net,10.374984190280001
Example 1,Elastic Net,10.778518075571252
Example 1,Elastic Net,10.209062586475627
Example 1,Elastic Net,11.540160038314852
Example 1,Elastic Net,9.210216061328223
Example 1,Elastic Net,14.095075018013725
Example 1,Elastic Net,12.081573287053255
Example 1,Elastic Net,11.381258398595548
Example 1,Elastic Net,7.995642779321333
Example 1,Elastic Net,11.620252207819306
Example 1,Elastic Net,9.747882621252604
Example 1,Elastic Net,10.891113784883919
Example 1,Elastic Net,14.009313357556147
Example 1,Elastic Net,9.703049729540629
Example 1,Elastic Net,9.208594551994024
Example 1,Elastic Net,10.946804263881937
Example 1,Elastic Net,12.52459242182949
Example 1,Elastic Net,10.213405239211145
Example 1,Elastic Net,8.957073250372105
Example 1,Elastic Net,9.944708181672544
Example 1,Elastic Net,11.095119762002126
Example 1,Elastic Net,12.492505708486403
Example 1,Elastic Net,10.038243820206816
Example 1,Elastic Net,9.289533134598852
Example 1,Elastic Net,12.17815727815498
Example 1,Elastic Net,11.083591602722514
Example 1,Elastic Net,11.321699398705466
Example 1,Elastic Net,9.53862098830082
Example 1,Elastic Net,10.594021767482316
Example 1,Elastic Net,12.056501795462378
Example 1,Elastic Net,11.690188748344356
Example 1,Elastic Net,10.435804009536806
Example 1,Elastic Net,13.31169426439397
Example 1,Elastic Net,11.064730706421345
Example 1,Elastic Net,10.528499193061476
Example 1,Elastic Net,10.161429454211515
Example 1,Elastic Net,12.065178139562008
Example 1,Elastic Net,12.149045083078203
Example 1,Elastic Net,9.69079640814653
Example 1,Elastic Net,12.636122086892177
Example 1,Elastic Net,9.519798842294811
Example 1,Elastic Net,9.893032532698177
Example 1,Elastic Net,12.056726106979347
Example 1,Elastic Net,9.029503494141444
Example 1,Elastic Net,9.97190845875105
Example 1,Elastic Net,10.683605910468433
Example 1,Elastic Net,8.97367664827967
Example 1,Elastic Net,10.28379032291953
Example 1,Elastic Net,11.781370600642662
Example 1,Elastic Net,10.880222155101265
Example 1,Ridge,10.484327871248114
Example 1,Ridge,10.929203726224609
Example 1,Ridge,10.587664931479875
Example 1,Ridge,11.222309334525452
Example 1,Ridge,9.330038208381218
Example 1,Ridge,11.99268683288878
Example 1,Ridge,11.611907230026222
Example 1,Ridge,11.220472185359156
Example 1,Ridge,8.082022154859295
Example 1,Ridge,12.433670189003369
Example 1,Ridge,9.005335615169745
Example 1,Ridge,10.966517602309317
Example 1,Ridge,12.112448065189199
Example 1,Ridge,9.888717840932896
Example 1,Ridge,9.605225301492613
Example 1,Ridge,10.833036086603228
Example 1,Ridge,11.861808263254494
Example 1,Ridge,9.838441307432433
Example 1,Ridge,9.940416386070545
Example 1,Ridge,10.40423625337828
Example 1,Ridge,11.81206774758996
Example 1,Ridge,11.981920330251075
Example 1,Ridge,10.901039740452225
Example 1,Ridge,9.578278696430308
Example 1,Ridge,12.296542294200668
Example 1,Ridge,11.396572710938015
Example 1,Ridge,11.273866956201473
Example 1,Ridge,9.53278928500034
Example 1,Ridge,11.409954007791514
Example 1,Ridge,12.072148888040735
Example 1,Ridge,10.876460158936291
Example 1,Ridge,10.310112247214136
Example 1,Ridge,12.192114534533207
Example 1,Ridge,11.4270504656853
Example 1,Ridge,10.633364167104617
Example 1,Ridge,10.192287090815233
Example 1,Ridge,9.869357626076226
Example 1,Ridge,12.39896101228106
Example 1,Ridge,9.910981269520352
Example 1,Ridge,13.216885018726046
Example 1,Ridge,9.517805707093512
Example 1,Ridge,9.084599216598033
Example 1,Ridge,12.533219821513041
Example 1,Ridge,8.663022008059082
Example 1,Ridge,10.009440667403137
Example 1,Ridge,10.773150899822415
Example 1,Ridge,9.601979331544158
Example 1,Ridge,10.316188984598885
Example 1,Ridge,11.742272559737001
Example 1,Ridge,10.376967853340272
Example 1,RFS Unopt,10.409054174022616
Example 1,RFS Unopt,10.430515796437989
Example 1,RFS Unopt,10.155713062878593
Example 1,RFS Unopt,10.827022906952633
Example 1,RFS Unopt,9.702328303251104
Example 1,RFS Unopt,13.083846356009525
Example 1,RFS Unopt,12.668071076450175
Example 1,RFS Unopt,12.201852280070561
Example 1,RFS Unopt,8.312715759244371
Example 1,RFS Unopt,11.11262464672264
Example 1,RFS Unopt,9.25716713251815
Example 1,RFS Unopt,13.67041648186754
Example 1,RFS Unopt,11.089399584343255
Example 1,RFS Unopt,12.511507125938717
Example 1,RFS Unopt,9.27762672903423
Example 1,RFS Unopt,10.558216976283928
Example 1,RFS Unopt,12.746120328770704
Example 1,RFS Unopt,14.711963771247996
Example 1,RFS Unopt,8.800598333734651
Example 1,RFS Unopt,12.114642897093344
Example 1,RFS Unopt,11.35115964206104
Example 1,RFS Unopt,11.168884229004357
Example 1,RFS Unopt,11.970397700677221
Example 1,RFS Unopt,8.892458213820566
Example 1,RFS Unopt,12.240279901914382
Example 1,RFS Unopt,10.978786861459918
Example 1,RFS Unopt,15.052047477250914
Example 1,RFS Unopt,9.056453630606386
Example 1,RFS Unopt,10.692142967257656
Example 1,RFS Unopt,11.678697243122594
Example 1,RFS Unopt,10.840485488215071
Example 1,RFS Unopt,10.190894138224131
Example 1,RFS Unopt,12.397838339979248
Example 1,RFS Unopt,10.51348772332345
Example 1,RFS Unopt,10.773632626943815
Example 1,RFS Unopt,10.702273627642553
Example 1,RFS Unopt,9.261453909800029
Example 1,RFS Unopt,11.483310343411368
Example 1,RFS Unopt,9.732857630403851
Example 1,RFS Unopt,12.64766472918231
Example 1,RFS Unopt,9.954642092545892
Example 1,RFS Unopt,10.094263892073792
Example 1,RFS Unopt,13.148009880512182
Example 1,RFS Unopt,9.625840539779311
Example 1,RFS Unopt,10.27238973973002
Example 1,RFS Unopt,10.737055771438163
Example 1,RFS Unopt,12.553823333071845
Example 1,RFS Unopt,12.073805933739504
Example 1,RFS Unopt,11.541200592783662
Example 1,RFS Unopt,10.300863213734111
Example 1,RFS Opt,15.61947079057871
Example 1,RFS Opt,12.78676046339179
Example 1,RFS Opt,13.272851062501061
Example 1,RFS Opt,11.92926777104743
Example 1,RFS Opt,13.899710364385028
Example 1,RFS Opt,17.514698633920368
Example 1,RFS Opt,13.184913666499888
Example 1,RFS Opt,28.847207438938675
Example 1,RFS Opt,8.018539492848538
Example 1,RFS Opt,10.490801894734565
Example 1,RFS Opt,8.338608715644487
Example 1,RFS Opt,16.838234962287217
Example 1,RFS Opt,14.602174657335539
Example 1,RFS Opt,12.472961896147034
Example 1,RFS Opt,9.087549996829248
Example 1,RFS Opt,11.433544599702017
Example 1,RFS Opt,11.873502544832157
Example 1,RFS Opt,13.256461515596435
Example 1,RFS Opt,8.41138910730412
Example 1,RFS Opt,30.123575002793846
Example 1,RFS Opt,10.842789675646797
Example 1,RFS Opt,11.110947923372072
Example 1,RFS Opt,13.555841836408744
Example 1,RFS Opt,8.80752367275284
Example 1,RFS Opt,13.219195076888026
Example 1,RFS Opt,11.45698551123181
Example 1,RFS Opt,13.615720311131982
Example 1,RFS Opt,12.00360381527458
Example 1,RFS Opt,11.816182617221779
Example 1,RFS Opt,12.489247242081511
Example 1,RFS Opt,14.640244913697858
Example 1,RFS Opt,11.50829946228376
Example 1,RFS Opt,16.476300146078437
Example 1,RFS Opt,11.8749752131111
Example 1,RFS Opt,10.64048252357162
Example 1,RFS Opt,10.959181023631361
Example 1,RFS Opt,9.63350853573896
Example 1,RFS Opt,15.989212626771886
Example 1,RFS Opt,13.255962556208647
Example 1,RFS Opt,10.385328001102822
Example 1,RFS Opt,9.87416939718391
Example 1,RFS Opt,9.993699134854445
Example 1,RFS Opt,12.13796566838602
Example 1,RFS Opt,9.465659062870373
Example 1,RFS Opt,12.315291678773704
Example 1,RFS Opt,12.270216142704967
Example 1,RFS Opt,10.599855627717039
Example 1,RFS Opt,10.834570224252419
Example 1,RFS Opt,11.633757412196477
Example 1,RFS Opt,15.21198402349774
Example 1,FS,15.619470790578719
Example 1,FS,13.43649153155388
Example 1,FS,12.105995154692287
Example 1,FS,11.929267771047426
Example 1,FS,10.992303324747379
Example 1,FS,18.341122625084143
Example 1,FS,15.219793629259893
Example 1,FS,28.847207438938682
Example 1,FS,8.106064508055034
Example 1,FS,11.113711579355325
Example 1,FS,8.338608715644495
Example 1,FS,16.83823496228723
Example 1,FS,14.602174657335555
Example 1,FS,11.091122078652115
Example 1,FS,11.479777832256998
Example 1,FS,11.360887854413281
Example 1,FS,11.300910444336639
Example 1,FS,11.259778536905799
Example 1,FS,11.313065660259424
Example 1,FS,30.123575002793846
Example 1,FS,12.684801488570155
Example 1,FS,11.124205187342614
Example 1,FS,16.288889645166844
Example 1,FS,13.61004320140464
Example 1,FS,10.132534898556806
Example 1,FS,11.656097254977048
Example 1,FS,12.69787546565401
Example 1,FS,12.003603815274577
Example 1,FS,12.051298504938044
Example 1,FS,13.496082351465326
Example 1,FS,16.23811004412478
Example 1,FS,11.703983749273492
Example 1,FS,18.112243881621907
Example 1,FS,12.234889955361412
Example 1,FS,11.685921758827481
Example 1,FS,9.764890583163156
Example 1,FS,10.52477386473402
Example 1,FS,15.989212626771902
Example 1,FS,14.137451915915456
Example 1,FS,11.423387818286738
Example 1,FS,11.51883882974824
Example 1,FS,9.786724192296212
Example 1,FS,12.137965668386034
Example 1,FS,9.296702259651987
Example 1,FS,12.698977980424822
Example 1,FS,12.27021614270497
Example 1,FS,10.848692356771434
Example 1,FS,14.85396955176269
Example 1,FS,12.011710031512722
Example 1,FS,16.565817271549307
Example 1,OLS,10.282087505308937
Example 1,OLS,11.983043225310778
Example 1,OLS,10.926242835685112
Example 1,OLS,10.814433733502478
Example 1,OLS,9.235921235927027
Example 1,OLS,11.587328245368541
Example 1,OLS,12.655180386228986
Example 1,OLS,11.55422604262205
Example 1,OLS,8.09660040415776
Example 1,OLS,11.296768471996245
Example 1,OLS,8.422082865808385
Example 1,OLS,11.50770654650194
Example 1,OLS,11.259991894084328
Example 1,OLS,10.14675632487391
Example 1,OLS,10.540297013016358
Example 1,OLS,11.452934893007784
Example 1,OLS,12.530048993538191
Example 1,OLS,11.16364249223067
Example 1,OLS,10.50537588841909
Example 1,OLS,10.580583245173482
Example 1,OLS,12.540991112637613
Example 1,OLS,11.249434161363263
Example 1,OLS,11.77574774084328
Example 1,OLS,11.349101130907753
Example 1,OLS,12.948372284562943
Example 1,OLS,11.242834134446872
Example 1,OLS,12.63061116911596
Example 1,OLS,9.142793254064811
Example 1,OLS,11.930296361820702
Example 1,OLS,13.307470447881657
Example 1,OLS,11.25603572860397
Example 1,OLS,10.225216519185759
Example 1,OLS,11.752730641099767
Example 1,OLS,10.625563321688736
Example 1,OLS,10.73386018899594
Example 1,OLS,10.372709576507411
Example 1,OLS,10.070803983863426
Example 1,OLS,13.13662892176207
Example 1,OLS,10.389083669891885
Example 1,OLS,13.199986587449215
Example 1,OLS,9.916637587208097
Example 1,OLS,9.353124355019522
Example 1,OLS,12.747074864744816
Example 1,OLS,9.30004978670064
Example 1,OLS,10.462972773895471
Example 1,OLS,11.146812719731761
Example 1,OLS,10.308136116001434
Example 1,OLS,10.374953789717043
Example 1,OLS,11.999557177093957
Example 1,OLS,10.256514830339714
Example 2,Lasso,10.439446268616011
Example 2,Lasso,11.617197438600785
Example 2,Lasso,10.922165368768184
Example 2,Lasso,11.290514219513007
Example 2,Lasso,9.346945984186615
Example 2,Lasso,12.480272110603401
Example 2,Lasso,13.71268798283331
Example 2,Lasso,11.297623311921457
Example 2,Lasso,8.008815288530315
Example 2,Lasso,11.43135767665636
Example 2,Lasso,8.573978461133292
Example 2,Lasso,11.221003015725955
Example 2,Lasso,13.508988909758784
Example 2,Lasso,11.974595063596254
Example 2,Lasso,10.287212984092806
Example 2,Lasso,11.920608907554788
Example 2,Lasso,12.300603798322093
Example 2,Lasso,10.397669678947434
Example 2,Lasso,10.05803358515724
Example 2,Lasso,11.180718742607286
Example 2,Lasso,13.24266095157405
Example 2,Lasso,12.978733375886838
Example 2,Lasso,11.020311087689576
Example 2,Lasso,11.090689956006202
Example 2,Lasso,13.757487003341108
Example 2,Lasso,14.005433326332868
Example 2,Lasso,11.931445476889076
Example 2,Lasso,9.190267230306505
Example 2,Lasso,11.663789421760388
Example 2,Lasso,12.29418318189123
Example 2,Lasso,11.971333605991644
Example 2,Lasso,10.372488351441921
Example 2,Lasso,13.048509999811921
Example 2,Lasso,12.087260961509731
Example 2,Lasso,11.823639463419346
Example 2,Lasso,10.982202307314044
Example 2,Lasso,11.127901474755168
Example 2,Lasso,12.460181095934626
Example 2,Lasso,10.030346249512439
Example 2,Lasso,12.796965876328953
Example 2,Lasso,9.887886893633423
Example 2,Lasso,9.179871809346656
Example 2,Lasso,14.692378049272993
Example 2,Lasso,9.2999047136779
Example 2,Lasso,10.380701282965031
Example 2,Lasso,11.129637996594631
Example 2,Lasso,10.447890228049136
Example 2,Lasso,10.592672654020573
Example 2,Lasso,12.02986888279231
Example 2,Lasso,11.012765684736042
Example 2,Elastic Net,10.241327002999096
Example 2,Elastic Net,11.418291549472118
Example 2,Elastic Net,10.920527935046431
Example 2,Elastic Net,10.671159120582187
Example 2,Elastic Net,8.976557189846087
Example 2,Elastic Net,11.103660954933781
Example 2,Elastic Net,11.945714393321902
Example 2,Elastic Net,10.299828265111703
Example 2,Elastic Net,7.805719676029118
Example 2,Elastic Net,10.716594570567816
Example 2,Elastic Net,8.434521023380144
Example 2,Elastic Net,11.120103644370248
Example 2,Elastic Net,11.699405548435914
Example 2,Elastic Net,10.248373299624706
Example 2,Elastic Net,10.012899898046106
Example 2,Elastic Net,11.31751048815842
Example 2,Elastic Net,12.273536617342307
Example 2,Elastic Net,10.081688509261523
Example 2,Elastic Net,10.084740154250348
Example 2,Elastic Net,9.984355194883683
Example 2,Elastic Net,12.26339657519073
Example 2,Elastic Net,11.519416301048437
Example 2,Elastic Net,10.122041474420518
Example 2,Elastic Net,10.197583859519698
Example 2,Elastic Net,11.421742902354284
Example 2,Elastic Net,11.850057643067847
Example 2,Elastic Net,11.874797426439061
Example 2,Elastic Net,9.138969835712595
Example 2,Elastic Net,11.177502915698724
Example 2,Elastic Net,12.29418318189123
Example 2,Elastic Net,11.06126974054178
Example 2,Elastic Net,9.978954542453053
Example 2,Elastic Net,13.048509999811921
Example 2,Elastic Net,11.097651195873787
Example 2,Elastic Net,10.028050868523279
Example 2,Elastic Net,10.089017666377835
Example 2,Elastic Net,10.762083913726576
Example 2,Elastic Net,12.27732961515311
Example 2,Elastic Net,9.623380505191427
Example 2,Elastic Net,12.286753625980712
Example 2,Elastic Net,9.8043226020659
Example 2,Elastic Net,9.130225383309561
Example 2,Elastic Net,12.41173921358009
Example 2,Elastic Net,9.299766671354634
Example 2,Elastic Net,10.242841887231702
Example 2,Elastic Net,10.634167981964683
Example 2,Elastic Net,9.64441664259335
Example 2,Elastic Net,10.16331869657272
Example 2,Elastic Net,11.81709866057436
Example 2,Elastic Net,9.771592206270103
Example 2,Ridge,10.282935012398926
Example 2,Ridge,10.842598069636852
Example 2,Ridge,10.155986305167838
Example 2,Ridge,10.614477762303517
Example 2,Ridge,8.970288245070618
Example 2,Ridge,10.984740188520744
Example 2,Ridge,11.827156807696698
Example 2,Ridge,9.905022177576814
Example 2,Ridge,7.721049875144889
Example 2,Ridge,10.537517589239862
Example 2,Ridge,8.547300305168976
Example 2,Ridge,11.123592510182425
Example 2,Ridge,10.938981357885016
Example 2,Ridge,10.032433918934544
Example 2,Ridge,9.624144071144013
Example 2,Ridge,10.899814461170177
Example 2,Ridge,11.587305889368183
Example 2,Ridge,10.140716763903026
Example 2,Ridge,9.818735574879208
Example 2,Ridge,10.08192761090006
Example 2,Ridge,12.141542450042213
Example 2,Ridge,11.252041607672725
Example 2,Ridge,10.21527665509493
Example 2,Ridge,10.488911420800887
Example 2,Ridge,11.739027554511354
Example 2,Ridge,11.244607152241448
Example 2,Ridge,11.695689588733291
Example 2,Ridge,9.178189151546704
Example 2,Ridge,11.083577713349534
Example 2,Ridge,11.388033253067245
Example 2,Ridge,10.852771815921312
Example 2,Ridge,9.900768328322862
Example 2,Ridge,11.45472159844186
Example 2,Ridge,10.715960167012893
Example 2,Ridge,10.202117492408574
Example 2,Ridge,9.977067245350723
Example 2,Ridge,9.751057519133395
Example 2,Ridge,11.457288779993345
Example 2,Ridge,9.435619183377415
Example 2,Ridge,11.986819285674347
Example 2,Ridge,9.471108486652552
Example 2,Ridge,9.12464556161711
Example 2,Ridge,12.012775352020158
Example 2,Ridge,8.935752342488595
Example 2,Ridge,10.226646006913478
Example 2,Ridge,10.393998021939323
Example 2,Ridge,9.594976981260828
Example 2,Ridge,10.051413117353166
Example 2,Ridge,11.831107882452295
Example 2,Ridge,9.743477259450525
Example 2,RFS Unopt,10.66925667739901
Example 2,RFS Unopt,11.294974772552086
Example 2,RFS Unopt,9.816470741056555
Example 2,RFS Unopt,10.852762325573265
Example 2,RFS Unopt,10.077883841967184
Example 2,RFS Unopt,11.50030080310136
Example 2,RFS Unopt,11.62247083710602
Example 2,RFS Unopt,11.962101728620047
Example 2,RFS Unopt,8.649883783749674
Example 2,RFS Unopt,11.998764209289577
Example 2,RFS Unopt,9.18960618153573
Example 2,RFS Unopt,12.39251598063656
Example 2,RFS Unopt,11.356887382476692
Example 2,RFS Unopt,10.585286959395875
Example 2,RFS Unopt,9.786970013496644
Example 2,RFS Unopt,11.62273797402435
Example 2,RFS Unopt,12.074584033678896
Example 2,RFS Unopt,11.642617421014057
Example 2,RFS Unopt,9.956170474952758
Example 2,RFS Unopt,14.541774904505486
Example 2,RFS Unopt,12.296900121122844
Example 2,RFS Unopt,11.401394259135047
Example 2,RFS Unopt,11.10162602617417
Example 2,RFS Unopt,10.801862382353306
Example 2,RFS Unopt,15.245555912460041
Example 2,RFS Unopt,11.329930501402643
Example 2,RFS Unopt,13.622922713492683
Example 2,RFS Unopt,9.443029227274671
Example 2,RFS Unopt,11.732651208609687
Example 2,RFS Unopt,11.505212673690572
Example 2,RFS Unopt,11.068568665373716
Example 2,RFS Unopt,10.255651974012354
Example 2,RFS Unopt,11.693499817697642
Example 2,RFS Unopt,10.696939705516712
Example 2,RFS Unopt,10.973143823905087
Example 2,RFS Unopt,10.793514204485218
Example 2,RFS Unopt,9.856476295032637
Example 2,RFS Unopt,11.802495467561073
Example 2,RFS Unopt,9.804853227443958
Example 2,RFS Unopt,11.574461251331313
Example 2,RFS Unopt,9.880566402337047
Example 2,RFS Unopt,9.544998846521501
Example 2,RFS Unopt,13.499959469124418
Example 2,RFS Unopt,10.521585028130849
Example 2,RFS Unopt,10.20540983838761
Example 2,RFS Unopt,11.310159959223792
Example 2,RFS Unopt,12.200870785544977
Example 2,RFS Unopt,11.43407750211994
Example 2,RFS Unopt,12.03584217544029
Example 2,RFS Unopt,10.489474911488827
Example 2,RFS Opt,10.270493297849969
Example 2,RFS Opt,10.494460729240489
Example 2,RFS Opt,9.851876348632993
Example 2,RFS Opt,11.15439581966938
Example 2,RFS Opt,10.124386300814495
Example 2,RFS Opt,11.428781185921924
Example 2,RFS Opt,11.415208695108849
Example 2,RFS Opt,12.884390733443384
Example 2,RFS Opt,7.783684143191202
Example 2,RFS Opt,10.89982940944769
Example 2,RFS Opt,13.04839817907267
Example 2,RFS Opt,13.433295599300648
Example 2,RFS Opt,11.60722428754148
Example 2,RFS Opt,11.56843787210424
Example 2,RFS Opt,9.77113524253089
Example 2,RFS Opt,10.903053760085221
Example 2,RFS Opt,11.017751361614652
Example 2,RFS Opt,10.40510143434134
Example 2,RFS Opt,9.67526598141152
Example 2,RFS Opt,12.093068322955576
Example 2,RFS Opt,12.10178985268376
Example 2,RFS Opt,12.384042532478253
Example 2,RFS Opt,11.080778494637597
Example 2,RFS Opt,10.453554892904494
Example 2,RFS Opt,12.354382364474988
Example 2,RFS Opt,11.321624138243257
Example 2,RFS Opt,12.073590496322922
Example 2,RFS Opt,9.645386495470559
Example 2,RFS Opt,10.977505603982644
Example 2,RFS Opt,10.906551831884805
Example 2,RFS Opt,10.851778599534502
Example 2,RFS Opt,9.851155650494883
Example 2,RFS Opt,11.600720666673213
Example 2,RFS Opt,10.946243743123585
Example 2,RFS Opt,10.0111698022085
Example 2,RFS Opt,10.458756667655303
Example 2,RFS Opt,9.70418827214595
Example 2,RFS Opt,12.23505631250652
Example 2,RFS Opt,9.219439364467407
Example 2,RFS Opt,11.32821577492838
Example 2,RFS Opt,10.06395948428598
Example 2,RFS Opt,9.664941186544056
Example 2,RFS Opt,14.21549715336882
Example 2,RFS Opt,9.212921524537835
Example 2,RFS Opt,10.235334216510251
Example 2,RFS Opt,10.147631969348708
Example 2,RFS Opt,10.851016127916036
Example 2,RFS Opt,11.283232450750155
Example 2,RFS Opt,13.256822890958123
Example 2,RFS Opt,9.727245653416375
Example 2,FS,10.900624916376735
Example 2,FS,12.959551853965234
Example 2,FS,11.509783898104631
Example 2,FS,11.154395819669373
Example 2,FS,9.556244325094362
Example 2,FS,11.899592426681199
Example 2,FS,11.458841356532115
Example 2,FS,11.89360173236381
Example 2,FS,8.73107045053734
Example 2,FS,11.65015564664557
Example 2,FS,10.38720285465082
Example 2,FS,13.433295599300644
Example 2,FS,11.50454416278039
Example 2,FS,10.538051918808673
Example 2,FS,11.218249273366263
Example 2,FS,11.749379813350536
Example 2,FS,13.649606899681581
Example 2,FS,11.247378742141294
Example 2,FS,10.784183215457062
Example 2,FS,11.046404603015688
Example 2,FS,12.43205100721291
Example 2,FS,12.384042532478258
Example 2,FS,15.050857970155054
Example 2,FS,10.852751949974511
Example 2,FS,14.111259092837566
Example 2,FS,11.273818484476184
Example 2,FS,13.066921529734573
Example 2,FS,9.678513103796845
Example 2,FS,12.36596774822977
Example 2,FS,13.408454098790049
Example 2,FS,12.033852152579321
Example 2,FS,12.27588062429
Example 2,FS,11.73748200356514
Example 2,FS,11.152447938624272
Example 2,FS,10.77077468242951
Example 2,FS,10.47226544202604
Example 2,FS,10.621783047480795
Example 2,FS,13.92401780778205
Example 2,FS,10.455417179018362
Example 2,FS,13.881971571992814
Example 2,FS,10.087140650147841
Example 2,FS,11.337086607827539
Example 2,FS,12.884636612574868
Example 2,FS,9.543446147953373
Example 2,FS,10.264078171351116
Example 2,FS,11.28666446259034
Example 2,FS,10.369883877332962
Example 2,FS,10.638041234305614
Example 2,FS,11.859881530532435
Example 2,FS,10.462075482961708
Example 2,OLS,10.28208750530894
Example 2,OLS,11.983043225310785
Example 2,OLS,10.92624283568511
Example 2,OLS,10.814433733502478
Example 2,OLS,9.235921235927023
Example 2,OLS,11.587328245368544
Example 2,OLS,12.655180386228974
Example 2,OLS,11.554226042622044
Example 2,OLS,8.096600404157758
Example 2,OLS,11.296768471996248
Example 2,OLS,8.422082865808385
Example 2,OLS,11.507706546501927
Example 2,OLS,11.259991894084326
Example 2,OLS,10.146756324873907
Example 2,OLS,10.540297013016362
Example 2,OLS,11.452934893007786
Example 2,OLS,12.530048993538191
Example 2,OLS,11.163642492230673
Example 2,OLS,10.505375888419088
Example 2,OLS,10.580583245173479
Example 2,OLS,12.540991112637615
Example 2,OLS,11.24943416136326
Example 2,OLS,11.77574774084328
Example 2,OLS,11.34910113090774
Example 2,OLS,12.94837228456295
Example 2,OLS,11.242834134446872
Example 2,OLS,12.630611169115967
Example 2,OLS,9.142793254064818
Example 2,OLS,11.930296361820707
Example 2,OLS,13.307470447881657
Example 2,OLS,11.25603572860397
Example 2,OLS,10.225216519185755
Example 2,OLS,11.752730641099763
Example 2,OLS,10.625563321688736
Example 2,OLS,10.733860188995939
Example 2,OLS,10.372709576507415
Example 2,OLS,10.070803983863428
Example 2,OLS,13.136628921762059
Example 2,OLS,10.38908366989188
Example 2,OLS,13.19998658744922
Example 2,OLS,9.916637587208093
Example 2,OLS,9.353124355019524
Example 2,OLS,12.74707486474481
Example 2,OLS,9.300049786700642
Example 2,OLS,10.46297277389547
Example 2,OLS,11.146812719731761
Example 2,OLS,10.308136116001432
Example 2,OLS,10.37495378971704
Example 2,OLS,11.999557177093957
Example 2,OLS,10.256514830339713
Example 3,Lasso,264.6567544030138
Example 3,Lasso,275.11207577977785
Example 3,Lasso,243.51314144206597
Example 3,Lasso,299.97692534123036
Example 3,Lasso,293.2417175896219
Example 3,Lasso,262.2825993908599
Example 3,Lasso,333.1361733153753
Example 3,Lasso,315.6533462314963
Example 3,Lasso,248.3384132493102
Example 3,Lasso,258.76271087452915
Example 3,Lasso,281.7709011555983
Example 3,Lasso,286.9508233671633
Example 3,Lasso,280.13508209104873
Example 3,Lasso,351.8733617980741
Example 3,Lasso,287.15014389848943
Example 3,Lasso,288.05859665981853
Example 3,Lasso,281.6399048864371
Example 3,Lasso,292.15308109355084
Example 3,Lasso,264.6618579606995
Example 3,Lasso,285.31475862915676
Example 3,Lasso,273.26355367665985
Example 3,Lasso,280.084182543148
Example 3,Lasso,316.5061700640066
Example 3,Lasso,285.3465479119843
Example 3,Lasso,295.5798473103031
Example 3,Lasso,268.93005201269807
Example 3,Lasso,309.79349179921206
Example 3,Lasso,287.4357470645889
Example 3,Lasso,254.79620502931513
Example 3,Lasso,266.5142893890694
Example 3,Lasso,236.4647077478365
Example 3,Lasso,294.4774758835184
Example 3,Lasso,290.8275224555073
Example 3,Lasso,247.02213068981985
Example 3,Lasso,245.92269192965134
Example 3,Lasso,324.0758038355258
Example 3,Lasso,264.54923551170725
Example 3,Lasso,256.4537241490189
Example 3,Lasso,293.8782808280572
Example 3,Lasso,337.6096977687774
Example 3,Lasso,224.42533993814314
Example 3,Lasso,257.62915987191604
Example 3,Lasso,297.8129355903726
Example 3,Lasso,281.90675913630463
Example 3,Lasso,261.7470869626054
Example 3,Lasso,310.6541745444802
Example 3,Lasso,292.1984086109615
Example 3,Lasso,285.6957808137859
Example 3,Lasso,271.86886901091407
Example 3,Lasso,269.3790788323437
Example 3,Elastic Net,235.44128999595858
Example 3,Elastic Net,252.9107656268894
Example 3,Elastic Net,230.15890308294314
Example 3,Elastic Net,277.26426555521493
Example 3,Elastic Net,262.93420248509915
Example 3,Elastic Net,254.24640144234476
Example 3,Elastic Net,293.90822804080034
Example 3,Elastic Net,299.8811180407041
Example 3,Elastic Net,229.54496855884165
Example 3,Elastic Net,233.7792387277184
Example 3,Elastic Net,252.02062268725183
Example 3,Elastic Net,264.96593189005944
Example 3,Elastic Net,251.83310597878742
Example 3,Elastic Net,292.22038142631357
Example 3,Elastic Net,266.96155795300746
Example 3,Elastic Net,234.22186136669262
Example 3,Elastic Net,256.5934946441825
Example 3,Elastic Net,258.672157970045
Example 3,Elastic Net,238.75064847281806
Example 3,Elastic Net,259.22416857788323
Example 3,Elastic Net,258.28121493468575
Example 3,Elastic Net,246.0108002292354
Example 3,Elastic Net,299.5285557706104
Example 3,Elastic Net,259.2007724379427
Example 3,Elastic Net,259.61636324719876
Example 3,Elastic Net,254.23875408816747
Example 3,Elastic Net,280.34473678398683
Example 3,Elastic Net,264.87427810281514
Example 3,Elastic Net,211.81187512677533
Example 3,Elastic Net,253.51768370103193
Example 3,Elastic Net,232.31950298549546
Example 3,Elastic Net,257.8007929602769
Example 3,Elastic Net,251.0726625926797
Example 3,Elastic Net,234.42422732642495
Example 3,Elastic Net,231.98709445577936
Example 3,Elastic Net,291.3402985561993
Example 3,Elastic Net,230.25539087044737
Example 3,Elastic Net,250.30850969636265
Example 3,Elastic Net,265.99586808051595
Example 3,Elastic Net,248.25645266137082
Example 3,Elastic Net,225.14205528098245
Example 3,Elastic Net,226.4715677305898
Example 3,Elastic Net,271.9983283389313
Example 3,Elastic Net,267.30875949067615
Example 3,Elastic Net,246.6328087172724
Example 3,Elastic Net,281.2402718827328
Example 3,Elastic Net,259.4946284678678
Example 3,Elastic Net,252.94489879011726
Example 3,Elastic Net,252.07552382541516
Example 3,Elastic Net,248.27579898602903
Example 3,Ridge,307.9170109485159
Example 3,Ridge,301.5656229337616
Example 3,Ridge,254.515349772919
Example 3,Ridge,307.90133121694447
Example 3,Ridge,320.5442322561561
Example 3,Ridge,263.5026185078387
Example 3,Ridge,333.27765960796967
Example 3,Ridge,336.3226190347882
Example 3,Ridge,251.0063302175008
Example 3,Ridge,303.55154413649853
Example 3,Ridge,305.19542040536925
Example 3,Ridge,307.81754257964315
Example 3,Ridge,297.69539514625677
Example 3,Ridge,328.2205866293696
Example 3,Ridge,319.3731588717916
Example 3,Ridge,317.5889203498389
Example 3,Ridge,310.2288715141891
Example 3,Ridge,289.0685430263346
Example 3,Ridge,295.63439632659635
Example 3,Ridge,294.4291275049809
Example 3,Ridge,327.20149942125164
Example 3,Ridge,301.1017844505298
Example 3,Ridge,312.3928524911046
Example 3,Ridge,324.80402135029726
Example 3,Ridge,308.06267133455987
Example 3,Ridge,294.23546722948953
Example 3,Ridge,326.24470405517604
Example 3,Ridge,305.590231590938
Example 3,Ridge,266.3785123905871
Example 3,Ridge,294.9785062831778
Example 3,Ridge,273.17689743662686
Example 3,Ridge,269.99297405319135
Example 3,Ridge,318.9744341197362
Example 3,Ridge,250.40645570817316
Example 3,Ridge,255.87079258071702
Example 3,Ridge,380.3247175727689
Example 3,Ridge,268.13010455923893
Example 3,Ridge,294.8315045889108
Example 3,Ridge,324.038474020836
Example 3,Ridge,317.7983387679565
Example 3,Ridge,246.33126141193782
Example 3,Ridge,281.2659286825343
Example 3,Ridge,336.35144384958534
Example 3,Ridge,318.54104184921994
Example 3,Ridge,274.52088933367304
Example 3,Ridge,351.39164134764206
Example 3,Ridge,331.8938992967271
Example 3,Ridge,303.59285362361413
Example 3,Ridge,319.4680868009814
Example 3,Ridge,313.7650383147179
Example 3,RFS Unopt,282.1536340624471
Example 3,RFS Unopt,283.6713303813739
Example 3,RFS Unopt,261.04928023303313
Example 3,RFS Unopt,309.631594223143
Example 3,RFS Unopt,367.999418462966
Example 3,RFS Unopt,286.0685724673306
Example 3,RFS Unopt,315.81241972094614
Example 3,RFS Unopt,316.5755090368888
Example 3,RFS Unopt,248.8801604418651
Example 3,RFS Unopt,277.6709227575704
Example 3,RFS Unopt,308.2979545244418
Example 3,RFS Unopt,286.43644578398505
Example 3,RFS Unopt,298.04304992312433
Example 3,RFS Unopt,333.0400927572836
Example 3,RFS Unopt,294.73963830590094
Example 3,RFS Unopt,284.5003953877113
Example 3,RFS Unopt,285.1905486923873
Example 3,RFS Unopt,305.18137229001434
Example 3,RFS Unopt,270.7368481162019
Example 3,RFS Unopt,285.60619849225486
Example 3,RFS Unopt,270.6143351265962
Example 3,RFS Unopt,265.7592872579812
Example 3,RFS Unopt,317.7170549408606
Example 3,RFS Unopt,290.5431252771774
Example 3,RFS Unopt,301.1774840793828
Example 3,RFS Unopt,286.9367828430649
Example 3,RFS Unopt,313.61191067503273
Example 3,RFS Unopt,275.50354365217265
Example 3,RFS Unopt,270.88871980323313
Example 3,RFS Unopt,272.4825645290767
Example 3,RFS Unopt,260.6789810454392
Example 3,RFS Unopt,284.63954286355323
Example 3,RFS Unopt,310.9800927720435
Example 3,RFS Unopt,259.02136580604184
Example 3,RFS Unopt,248.2102372307898
Example 3,RFS Unopt,335.76414823231534
Example 3,RFS Unopt,285.42134378221954
Example 3,RFS Unopt,267.88111189053654
Example 3,RFS Unopt,308.08749633316944
Example 3,RFS Unopt,309.46727818532815
Example 3,RFS Unopt,236.18253348980122
Example 3,RFS Unopt,274.2624840064691
Example 3,RFS Unopt,295.3677892276641
Example 3,RFS Unopt,286.1317383407381
Example 3,RFS Unopt,299.2328514457687
Example 3,RFS Unopt,305.97779825511157
Example 3,RFS Unopt,296.1287587293169
Example 3,RFS Unopt,292.96404212279054
Example 3,RFS Unopt,289.36953644472135
Example 3,RFS Unopt,299.77355466129336
Example 3,RFS Opt,237.0685141096519
Example 3,RFS Opt,255.19728903795527
Example 3,RFS Opt,231.34238410536625
Example 3,RFS Opt,278.4759933644733
Example 3,RFS Opt,260.2132875965507
Example 3,RFS Opt,252.8741985885091
Example 3,RFS Opt,269.97459215718413
Example 3,RFS Opt,293.0938771721613
Example 3,RFS Opt,220.51828078912868
Example 3,RFS Opt,229.913251557132
Example 3,RFS Opt,247.2033820439282
Example 3,RFS Opt,266.4695696628207
Example 3,RFS Opt,252.41001537596057
Example 3,RFS Opt,263.75806061534354
Example 3,RFS Opt,269.3326632129506
Example 3,RFS Opt,229.25157365577357
Example 3,RFS Opt,254.70109492074883
Example 3,RFS Opt,256.940408630491
Example 3,RFS Opt,237.2053266530158
Example 3,RFS Opt,254.16963357901196
Example 3,RFS Opt,259.88189680188987
Example 3,RFS Opt,248.3416940220733
Example 3,RFS Opt,292.17351226823695
Example 3,RFS Opt,333.03415273833906
Example 3,RFS Opt,256.8733620259022
Example 3,RFS Opt,250.80136098921153
Example 3,RFS Opt,280.2063656470011
Example 3,RFS Opt,256.8806621741982
Example 3,RFS Opt,214.79760175689185
Example 3,RFS Opt,252.612438798731
Example 3,RFS Opt,240.97245007103535
Example 3,RFS Opt,245.5777896649997
Example 3,RFS Opt,251.7330450544867
Example 3,RFS Opt,234.80682999253756
Example 3,RFS Opt,234.85373840782154
Example 3,RFS Opt,290.8384769377268
Example 3,RFS Opt,226.61308017754402
Example 3,RFS Opt,244.17989191319998
Example 3,RFS Opt,267.9605563082052
Example 3,RFS Opt,240.46771841437987
Example 3,RFS Opt,229.87477361759792
Example 3,RFS Opt,270.04076629618487
Example 3,RFS Opt,305.0357261395287
Example 3,RFS Opt,268.97934054043253
Example 3,RFS Opt,251.67234604529196
Example 3,RFS Opt,284.10629819006846
Example 3,RFS Opt,257.31043157923204
Example 3,RFS Opt,253.20305224315808
Example 3,RFS Opt,240.60280618555774
Example 3,RFS Opt,247.14499426419505
Example 3,FS,359.9077589474613
Example 3,FS,299.45846959147195
Example 3,FS,271.3583967150136
Example 3,FS,314.5541414221433
Example 3,FS,344.2667430580966
Example 3,FS,276.00573699526774
Example 3,FS,384.32518845942604
Example 3,FS,342.9249491000104
Example 3,FS,260.0061897961625
Example 3,FS,348.93562425429786
Example 3,FS,342.5898364325546
Example 3,FS,366.51025029661076
Example 3,FS,324.23844262770217
Example 3,FS,407.4189347985886
Example 3,FS,340.29143765615515
Example 3,FS,382.9154236249975
Example 3,FS,316.0960167826028
Example 3,FS,319.01662574838383
Example 3,FS,287.1607599045456
Example 3,FS,338.8875381657807
Example 3,FS,290.53298383256146
Example 3,FS,347.6563887343587
Example 3,FS,338.25034780235086
Example 3,FS,333.03415273833946
Example 3,FS,334.9663932384428
Example 3,FS,337.95878464742736
Example 3,FS,395.48764336788577
Example 3,FS,296.02419139732837
Example 3,FS,290.5145347811282
Example 3,FS,345.99042905733666
Example 3,FS,359.99473413210757
Example 3,FS,311.1533026031309
Example 3,FS,352.12023780743334
Example 3,FS,286.0755682446685
Example 3,FS,331.3825511674121
Example 3,FS,399.8908453915992
Example 3,FS,340.8805298357853
Example 3,FS,314.6572534583997
Example 3,FS,352.09230219741096
Example 3,FS,392.3362684946481
Example 3,FS,281.297278929779
Example 3,FS,320.92102133532757
Example 3,FS,316.0360674654054
Example 3,FS,311.99712672860346
Example 3,FS,300.5241439418635
Example 3,FS,367.5505330138231
Example 3,FS,365.3488914185988
Example 3,FS,307.5845019154201
Example 3,FS,322.23234590433594
Example 3,FS,339.0164467226209
Example 3,OLS,423.77903311429225
Example 3,OLS,373.82336816725524
Example 3,OLS,281.1860307816998
Example 3,OLS,344.87223863699523
Example 3,OLS,376.36347187056725
Example 3,OLS,296.08866347357923
Example 3,OLS,399.3857734630136
Example 3,OLS,437.63616079529055
Example 3,OLS,297.45089586531714
Example 3,OLS,379.78230832785835
Example 3,OLS,383.1104958186759
Example 3,OLS,367.0559058344463
Example 3,OLS,348.71661253932007
Example 3,OLS,437.1840080700544
Example 3,OLS,385.3906675071892
Example 3,OLS,370.8330936417041
Example 3,OLS,447.7804412533883
Example 3,OLS,344.09807978527067
Example 3,OLS,379.96106543880916
Example 3,OLS,395.8246362731971
Example 3,OLS,482.28274804335257
Example 3,OLS,398.80424985686693
Example 3,OLS,339.37127189119667
Example 3,OLS,440.2159439159018
Example 3,OLS,386.6521541197614
Example 3,OLS,403.894736698931
Example 3,OLS,394.30544686125694
Example 3,OLS,410.030940671946
Example 3,OLS,328.6694271449609
Example 3,OLS,368.5590564059557
Example 3,OLS,384.3989832218581
Example 3,OLS,338.9847596509884
Example 3,OLS,402.96112125945086
Example 3,OLS,294.4718371580049
Example 3,OLS,309.0709172148392
Example 3,OLS,488.518243297727
Example 3,OLS,340.9849272288694
Example 3,OLS,370.5049878667448
Example 3,OLS,380.606463724012
Example 3,OLS,484.1921353694907
Example 3,OLS,280.4090674053482
Example 3,OLS,362.1650313350672
Example 3,OLS,415.48675821917624
Example 3,OLS,408.5554305077708
Example 3,OLS,326.29139261054775
Example 3,OLS,429.67499196012864
Example 3,OLS,392.77822518517735
Example 3,OLS,408.3894943505675
Example 3,OLS,423.9699960453781
Example 3,OLS,407.91629588105627
Example 4,Lasso,316.25114957135463
Example 4,Lasso,354.6337710281553
Example 4,Lasso,261.6113492046998
Example 4,Lasso,299.4790734436597
Example 4,Lasso,280.61262516601727
Example 4,Lasso,372.00799100326213
Example 4,Lasso,263.4174105879762
Example 4,Lasso,266.9958382938444
Example 4,Lasso,305.3034070661712
Example 4,Lasso,289.3760542704373
Example 4,Lasso,383.7785124980977
Example 4,Lasso,400.39825886755386
Example 4,Lasso,311.50120042351614
Example 4,Lasso,273.37637611852574
Example 4,Lasso,310.5057355646719
Example 4,Lasso,299.17326376423586
Example 4,Lasso,289.1106756584159
Example 4,Lasso,264.9725448672441
Example 4,Lasso,297.9562656061075
Example 4,Lasso,278.51976661717583
Example 4,Lasso,273.5069394654308
Example 4,Lasso,343.5215037377574
Example 4,Lasso,308.030919246438
Example 4,Lasso,224.68456790822214
Example 4,Lasso,293.94212238891896
Example 4,Lasso,280.00334357153827
Example 4,Lasso,286.5453143256851
Example 4,Lasso,271.70638789362005
Example 4,Lasso,282.77072399150416
Example 4,Lasso,238.0590366136512
Example 4,Lasso,356.5028529312174
Example 4,Lasso,325.4723814104498
Example 4,Lasso,251.67691463235104
Example 4,Lasso,344.1811541731151
Example 4,Lasso,256.87732730293385
Example 4,Lasso,309.5136240755171
Example 4,Lasso,292.77487076981004
Example 4,Lasso,286.45513655932564
Example 4,Lasso,422.5564396231751
Example 4,Lasso,282.10560627519857
Example 4,Lasso,257.6591406170589
Example 4,Lasso,248.59607284504452
Example 4,Lasso,270.7219203503415
Example 4,Lasso,275.5227617562523
Example 4,Lasso,253.6198558715548
Example 4,Lasso,255.8617222511761
Example 4,Lasso,299.5674104135179
Example 4,Lasso,318.38437245500387
Example 4,Lasso,353.68821804672496
Example 4,Lasso,333.37027661644873
Example 4,Elastic Net,325.002229973927
Example 4,Elastic Net,332.42657802793906
Example 4,Elastic Net,261.6113492046998
Example 4,Elastic Net,291.8138268082132
Example 4,Elastic Net,280.61262516601727
Example 4,Elastic Net,372.3270087133102
Example 4,Elastic Net,263.4174105879762
Example 4,Elastic Net,301.3740783567528
Example 4,Elastic Net,305.3034070661712
Example 4,Elastic Net,289.3760542704373
Example 4,Elastic Net,383.7785124980977
Example 4,Elastic Net,330.47403798628625
Example 4,Elastic Net,341.5464862933292
Example 4,Elastic Net,273.37637611852574
Example 4,Elastic Net,314.60425782778054
Example 4,Elastic Net,299.17326376423586
Example 4,Elastic Net,289.1106756584159
Example 4,Elastic Net,264.9725448672441
Example 4,Elastic Net,297.9562656061075
Example 4,Elastic Net,278.51976661717583
Example 4,Elastic Net,269.5317924249583
Example 4,Elastic Net,301.09274726510773
Example 4,Elastic Net,322.0894147630659
Example 4,Elastic Net,225.79544396549224
Example 4,Elastic Net,302.01319823377327
Example 4,Elastic Net,280.00334357153827
Example 4,Elastic Net,290.42703184434265
Example 4,Elastic Net,271.70638789362005
Example 4,Elastic Net,286.8335100677922
Example 4,Elastic Net,238.0590366136512
Example 4,Elastic Net,324.39506177497316
Example 4,Elastic Net,326.15397610603327
Example 4,Elastic Net,251.67691463235104
Example 4,Elastic Net,344.1811541731151
Example 4,Elastic Net,255.55378461760665
Example 4,Elastic Net,321.46359957227605
Example 4,Elastic Net,291.2503841505708
Example 4,Elastic Net,286.45513655932564
Example 4,Elastic Net,422.5564396231751
Example 4,Elastic Net,282.10560627519857
Example 4,Elastic Net,256.6224871984229
Example 4,Elastic Net,248.59607284504452
Example 4,Elastic Net,270.7219203503415
Example 4,Elastic Net,275.5227617562523
Example 4,Elastic Net,253.6198558715548
Example 4,Elastic Net,256.2246431350405
Example 4,Elastic Net,328.48044591589934
Example 4,Elastic Net,319.4759646266497
Example 4,Elastic Net,353.68821804672496
Example 4,Elastic Net,352.1221854114805
Example 4,Ridge,304.05666320028797
Example 4,Ridge,425.06682669773056
Example 4,Ridge,326.50641808741943
Example 4,Ridge,339.4570959269094
Example 4,Ridge,340.4731756883964
Example 4,Ridge,405.4042872951198
Example 4,Ridge,269.38479353083466
Example 4,Ridge,337.0889957611556
Example 4,Ridge,447.7729549022866
Example 4,Ridge,416.5975673690071
Example 4,Ridge,429.072166851069
Example 4,Ridge,410.61481563874605
Example 4,Ridge,339.8428288863446
Example 4,Ridge,398.8514793006234
Example 4,Ridge,326.22832030221934
Example 4,Ridge,344.9120139865515
Example 4,Ridge,402.92673329175085
Example 4,Ridge,310.1581353896416
Example 4,Ridge,354.7235701368019
Example 4,Ridge,283.63556415728556
Example 4,Ridge,344.81261047477744
Example 4,Ridge,339.9180913138004
Example 4,Ridge,345.97991666325686
Example 4,Ridge,252.36399024866816
Example 4,Ridge,366.3515518507974
Example 4,Ridge,332.53420758985413
Example 4,Ridge,288.661487452023
Example 4,Ridge,378.0715622561451
Example 4,Ridge,318.3950598793584
Example 4,Ridge,286.6458990753179
Example 4,Ridge,377.3298576441304
Example 4,Ridge,424.81246523327735
Example 4,Ridge,352.01059796823176
Example 4,Ridge,354.3418521845413
Example 4,Ridge,409.56103625940244
Example 4,Ridge,361.72515424460784
Example 4,Ridge,320.46156353357395
Example 4,Ridge,333.4090253518284
Example 4,Ridge,497.35818486221376
Example 4,Ridge,316.3196186780143
Example 4,Ridge,354.17311339709136
Example 4,Ridge,324.6449883858894
Example 4,Ridge,373.9429518521727
Example 4,Ridge,355.166006741169
Example 4,Ridge,339.89172170620236
Example 4,Ridge,334.6493487751159
Example 4,Ridge,392.3839538910002
Example 4,Ridge,365.3248909548214
Example 4,Ridge,388.5059037299719
Example 4,Ridge,411.76730135420826
Example 4,RFS Unopt,283.0632725726415
Example 4,RFS Unopt,284.5925914316632
Example 4,RFS Unopt,420.9746817534153
Example 4,RFS Unopt,450.0503546100523
Example 4,RFS Unopt,229.99397093464387
Example 4,RFS Unopt,337.44642521655135
Example 4,RFS Unopt,253.35951777346418
Example 4,RFS Unopt,445.1220247031898
Example 4,RFS Unopt,432.49022248694484
Example 4,RFS Unopt,244.8084471811974
Example 4,RFS Unopt,417.8861929699674
Example 4,RFS Unopt,256.4476027272328
Example 4,RFS Unopt,235.24135829316765
Example 4,RFS Unopt,245.58056229543152
Example 4,RFS Unopt,421.1515996230011
Example 4,RFS Unopt,443.3307319212682
Example 4,RFS Unopt,399.4967917842179
Example 4,RFS Unopt,326.9945029436629
Example 4,RFS Unopt,474.1581014322638
Example 4,RFS Unopt,222.44263691310604
Example 4,RFS Unopt,422.19155364232984
Example 4,RFS Unopt,420.24291095686254
Example 4,RFS Unopt,283.41997134295343
Example 4,RFS Unopt,358.737270332381
Example 4,RFS Unopt,261.4379144700787
Example 4,RFS Unopt,251.37560625600847
Example 4,RFS Unopt,232.0952708851953
Example 4,RFS Unopt,385.8604690143539
Example 4,RFS Unopt,269.2619864163646
Example 4,RFS Unopt,403.106254646821
Example 4,RFS Unopt,684.6677134827501
Example 4,RFS Unopt,499.8743642427907
Example 4,RFS Unopt,377.99450878155534
Example 4,RFS Unopt,274.83403366272717
Example 4,RFS Unopt,244.92288939646642
Example 4,RFS Unopt,254.6704799066894
Example 4,RFS Unopt,402.6009139812575
Example 4,RFS Unopt,244.0957353664749
Example 4,RFS Unopt,354.7466599563821
Example 4,RFS Unopt,431.6794330604057
Example 4,RFS Unopt,392.7994226378409
Example 4,RFS Unopt,334.60920797772894
Example 4,RFS Unopt,382.15043168431424
Example 4,RFS Unopt,252.9743217124331
Example 4,RFS Unopt,238.72530218039574
Example 4,RFS Unopt,515.2742797908926
Example 4,RFS Unopt,237.4508854910877
Example 4,RFS Unopt,432.5983587713504
Example 4,RFS Unopt,435.95351303552377
Example 4,RFS Unopt,243.11172562864348
Example 4,RFS Opt,290.3453910780944
Example 4,RFS Opt,269.5892254239505
Example 4,RFS Opt,244.33347428659587
Example 4,RFS Opt,426.4066457627983
Example 4,RFS Opt,413.302081553226
Example 4,RFS Opt,548.4481096974478
Example 4,RFS Opt,243.18206843585682
Example 4,RFS Opt,261.00492702792513
Example 4,RFS Opt,457.6321335514871
Example 4,RFS Opt,279.34770516910334
Example 4,RFS Opt,461.1984197585181
Example 4,RFS Opt,247.9687426858599
Example 4,RFS Opt,446.32579493684267
Example 4,RFS Opt,249.05711284377222
Example 4,RFS Opt,451.37079221101453
Example 4,RFS Opt,485.5125331625552
Example 4,RFS Opt,262.87481825866683
Example 4,RFS Opt,235.15678233668586
Example 4,RFS Opt,502.3006043163783
Example 4,RFS Opt,230.00432966440022
Example 4,RFS Opt,436.2889785031127
Example 4,RFS Opt,438.59009357969495
Example 4,RFS Opt,304.3578293738603
Example 4,RFS Opt,232.99663961833213
Example 4,RFS Opt,289.9872653122277
Example 4,RFS Opt,249.1056176737162
Example 4,RFS Opt,452.81018566749844
Example 4,RFS Opt,293.4395182182374
Example 4,RFS Opt,261.24501054749425
Example 4,RFS Opt,250.51941393146552
Example 4,RFS Opt,392.0524147313086
Example 4,RFS Opt,350.63022857440507
Example 4,RFS Opt,397.0868693801794
Example 4,RFS Opt,476.80860637583265
Example 4,RFS Opt,517.0276833695876
Example 4,RFS Opt,260.4814669274037
Example 4,RFS Opt,264.2863205630336
Example 4,RFS Opt,248.11321199423935
Example 4,RFS Opt,344.98029823286845
Example 4,RFS Opt,417.4879137973527
Example 4,RFS Opt,292.2920349609395
Example 4,RFS Opt,347.42305452588204
Example 4,RFS Opt,421.19729128607753
Example 4,RFS Opt,255.74354629620336
Example 4,RFS Opt,282.31105231641726
Example 4,RFS Opt,522.4656771002553
Example 4,RFS Opt,429.84459194586947
Example 4,RFS Opt,383.27249003908696
Example 4,RFS Opt,382.9093841935607
Example 4,RFS Opt,234.61220834052676
Example 4,FS,316.99065057130053
Example 4,FS,300.3934974948952
Example 4,FS,543.9514483952732
Example 4,FS,562.8713471577844
Example 4,FS,413.25862897623995
Example 4,FS,548.4481096974483
Example 4,FS,243.33579866241146
Example 4,FS,485.367735120392
Example 4,FS,459.6331369708342
Example 4,FS,286.7999580574895
Example 4,FS,468.42268909355613
Example 4,FS,247.72433724429123
Example 4,FS,449.6655261092562
Example 4,FS,248.99940595900836
Example 4,FS,451.37079221101476
Example 4,FS,485.51253316255503
Example 4,FS,438.66817950703114
Example 4,FS,271.94508805099264
Example 4,FS,502.79038281017745
Example 4,FS,278.22896757161055
Example 4,FS,458.8778421122065
Example 4,FS,446.94939680825667
Example 4,FS,483.07204586319386
Example 4,FS,414.4002009666772
Example 4,FS,482.1701978849134
Example 4,FS,530.5645984349533
Example 4,FS,452.81018566749844
Example 4,FS,480.39305557051824
Example 4,FS,532.5535165830083
Example 4,FS,437.6068246429457
Example 4,FS,234.2945798969933
Example 4,FS,569.894935571348
Example 4,FS,397.9970698273553
Example 4,FS,476.80860637583277
Example 4,FS,517.077709306703
Example 4,FS,459.9358121434918
Example 4,FS,465.5624444895878
Example 4,FS,474.638351030973
Example 4,FS,453.3347996157003
Example 4,FS,455.02871329777935
Example 4,FS,448.05591297442805
Example 4,FS,410.7902313448553
Example 4,FS,420.7894365824922
Example 4,FS,460.8169532577059
Example 4,FS,235.46688907338012
Example 4,FS,565.3690683549753
Example 4,FS,429.84459194587004
Example 4,FS,513.5071939391668
Example 4,FS,467.64027004999406
Example 4,FS,423.8863600349915
Example 4,OLS,2573.7631428575164
Example 4,OLS,790.3752855036594
Example 4,OLS,1017.2589586255702
Example 4,OLS,559.6469294314859
Example 4,OLS,3054.452593597636
Example 4,OLS,1465.947075744089
Example 4,OLS,1301.8749303530037
Example 4,OLS,1366.2929790681942
Example 4,OLS,1175.5475347789375
Example 4,OLS,1516.7266653985978
Example 4,OLS,1438.451586221846
Example 4,OLS,611.3784820234373
Example 4,OLS,631.7160069263125
Example 4,OLS,1390.0171345061435
Example 4,OLS,814.0899897801096
Example 4,OLS,643.9285007439425
Example 4,OLS,1549.5643001481994
Example 4,OLS,1041.7263086251337
Example 4,OLS,2852.5326918982573
Example 4,OLS,814.6309917653467
Example 4,OLS,1850.1436108765733
Example 4,OLS,2319.6357567102
Example 4,OLS,666.8215969250599
Example 4,OLS,1433.0917815866162
Example 4,OLS,914.1756226268506
Example 4,OLS,2851.8929663884896
Example 4,OLS,617.3510634837526
Example 4,OLS,1231.3611051815003
Example 4,OLS,1018.8004145948566
Example 4,OLS,621.5838568475697
Example 4,OLS,1073.6549612564
Example 4,OLS,1334.309857771594
Example 4,OLS,1065.464682257065
Example 4,OLS,981.1109393607142
Example 4,OLS,2217.6172228035725
Example 4,OLS,911.0348655850498
Example 4,OLS,885.2976834446614
Example 4,OLS,1342.6879459384218
Example 4,OLS,1738.378612022628
Example 4,OLS,1716.7441616053943
Example 4,OLS,2132.0981459819714
Example 4,OLS,1008.2070844929139
Example 4,OLS,2150.597749985033
Example 4,OLS,1291.8088920742935
Example 4,OLS,1364.9580405460663
Example 4,OLS,1942.2330813787773
Example 4,OLS,1029.6075244394008
Example 4,OLS,975.2601374625926
Example 4,OLS,1598.0147333547984
Example 4,OLS,856.9094685300713
Example 5,Lasso,14.56797430763602
Example 5,Lasso,14.12288982937663
Example 5,Lasso,9.626517174182231
Example 5,Lasso,10.536353996608002
Example 5,Lasso,16.86138263357443
Example 5,Lasso,14.554603749803675
Example 5,Lasso,14.044267516308143
Example 5,Lasso,34.58835020104443
Example 5,Lasso,18.54200768253062
Example 5,Lasso,13.465677642605685
Example 5,Lasso,22.810706471341987
Example 5,Lasso,9.754850572327776
Example 5,Lasso,11.863734257297338
Example 5,Lasso,14.092399313184872
Example 5,Lasso,19.529480709508242
Example 5,Lasso,24.094757024786304
Example 5,Lasso,25.135436697162074
Example 5,Lasso,11.481808203141648
Example 5,Lasso,24.93527550867228
Example 5,Lasso,12.570090468582253
Example 5,Lasso,12.467939102109767
Example 5,Lasso,18.095244623002692
Example 5,Lasso,17.424183555775933
Example 5,Lasso,11.410282227989255
Example 5,Lasso,13.740152144877442
Example 5,Lasso,9.549400477728097
Example 5,Lasso,23.964557027701684
Example 5,Lasso,15.164789086477846
Example 5,Lasso,15.718739322135667
Example 5,Lasso,12.553599583579958
Example 5,Lasso,12.063203686012452
Example 5,Lasso,12.39886360742779
Example 5,Lasso,14.667530588362066
Example 5,Lasso,19.67148200819464
Example 5,Lasso,15.61248142734601
Example 5,Lasso,12.230262437050051
Example 5,Lasso,29.83735360328736
Example 5,Lasso,14.122532924383309
Example 5,Lasso,11.428830606399927
Example 5,Lasso,10.490728488951065
Example 5,Lasso,14.075639629665503
Example 5,Lasso,13.907610211587517
Example 5,Lasso,16.145465937652087
Example 5,Lasso,25.932802749997858
Example 5,Lasso,24.64244053567638
Example 5,Lasso,15.070921343010214
Example 5,Lasso,10.890398566167335
Example 5,Lasso,12.019259645121842
Example 5,Lasso,15.445952040210138
Example 5,Lasso,14.390687140793213
Example 5,Elastic Net,14.56797430763602
Example 5,Elastic Net,14.12288982937663
Example 5,Elastic Net,9.626517174182231
Example 5,Elastic Net,10.536353996608002
Example 5,Elastic Net,16.86138263357443
Example 5,Elastic Net,14.554603749803675
Example 5,Elastic Net,14.044267516308143
Example 5,Elastic Net,34.73031273894502
Example 5,Elastic Net,18.54200768253062
Example 5,Elastic Net,13.465677642605685
Example 5,Elastic Net,22.04862874084902
Example 5,Elastic Net,9.754850572327776
Example 5,Elastic Net,11.863734257297338
Example 5,Elastic Net,14.092399313184872
Example 5,Elastic Net,19.529480709508242
Example 5,Elastic Net,23.551524285688725
Example 5,Elastic Net,25.135436697162074
Example 5,Elastic Net,11.481808203141648
Example 5,Elastic Net,24.93527550867228
Example 5,Elastic Net,12.570090468582253
Example 5,Elastic Net,12.467939102109767
Example 5,Elastic Net,18.095244623002692
Example 5,Elastic Net,17.368892661894975
Example 5,Elastic Net,11.410282227989255
Example 5,Elastic Net,13.740152144877442
Example 5,Elastic Net,9.549400477728097
Example 5,Elastic Net,23.964557027701684
Example 5,Elastic Net,15.164789086477846
Example 5,Elastic Net,15.718739322135667
Example 5,Elastic Net,12.553599583579958
Example 5,Elastic Net,12.063203686012452
Example 5,Elastic Net,12.39886360742779
Example 5,Elastic Net,14.667530588362066
Example 5,Elastic Net,19.67148200819464
Example 5,Elastic Net,15.61248142734601
Example 5,Elastic Net,12.230262437050051
Example 5,Elastic Net,29.83735360328736
Example 5,Elastic Net,14.122532924383309
Example 5,Elastic Net,11.428830606399927
Example 5,Elastic Net,10.490728488951065
Example 5,Elastic Net,14.075639629665503
Example 5,Elastic Net,13.907610211587517
Example 5,Elastic Net,16.145465937652087
Example 5,Elastic Net,26.08548701570915
Example 5,Elastic Net,24.796456493060887
Example 5,Elastic Net,15.070921343010214
Example 5,Elastic Net,10.890398566167335
Example 5,Elastic Net,12.019259645121842
Example 5,Elastic Net,15.445952040210138
Example 5,Elastic Net,14.390687140793213
Example 5,Ridge,50.68447029894654
Example 5,Ridge,46.852901274850204
Example 5,Ridge,37.511736019251074
Example 5,Ridge,55.68098442207736
Example 5,Ridge,44.75746453578062
Example 5,Ridge,47.34280346960931
Example 5,Ridge,39.48391096086606
Example 5,Ridge,64.60291254503355
Example 5,Ridge,51.328214661709815
Example 5,Ridge,60.850310376823785
Example 5,Ridge,58.16895554154646
Example 5,Ridge,42.18694685532842
Example 5,Ridge,45.61000369096473
Example 5,Ridge,44.52016724947869
Example 5,Ridge,47.4413695312367
Example 5,Ridge,64.55040130871
Example 5,Ridge,59.53274371048368
Example 5,Ridge,45.05384424854916
Example 5,Ridge,52.38799017928243
Example 5,Ridge,50.72598029051125
Example 5,Ridge,48.62782961365526
Example 5,Ridge,46.31121834945871
Example 5,Ridge,47.263593874107194
Example 5,Ridge,45.056745728455574
Example 5,Ridge,44.38897826084339
Example 5,Ridge,37.10601154986201
Example 5,Ridge,61.321817483673
Example 5,Ridge,50.62071108937923
Example 5,Ridge,48.17791262532561
Example 5,Ridge,36.99825164291581
Example 5,Ridge,41.88234772821279
Example 5,Ridge,40.27713241796531
Example 5,Ridge,49.61876465453898
Example 5,Ridge,41.62094072708445
Example 5,Ridge,48.8226420627181
Example 5,Ridge,53.078447378226414
Example 5,Ridge,61.76241716352215
Example 5,Ridge,47.715819846290564
Example 5,Ridge,52.938148155662134
Example 5,Ridge,47.26659388008261
Example 5,Ridge,45.60502724861731
Example 5,Ridge,51.81984152124655
Example 5,Ridge,57.99810481202877
Example 5,Ridge,54.250508409409356
Example 5,Ridge,65.12059431204594
Example 5,Ridge,50.0623851838771
Example 5,Ridge,44.832719636530186
Example 5,Ridge,51.414242750853944
Example 5,Ridge,50.37784825185137
Example 5,Ridge,51.3274959302534
Example 5,RFS Unopt,16.85859798533124
Example 5,RFS Unopt,12.145333011106805
Example 5,RFS Unopt,8.641351012915198
Example 5,RFS Unopt,10.568469370297283
Example 5,RFS Unopt,11.383854887998893
Example 5,RFS Unopt,13.889725887683271
Example 5,RFS Unopt,14.389168307471506
Example 5,RFS Unopt,13.423261666806999
Example 5,RFS Unopt,19.6441417443256
Example 5,RFS Unopt,17.05423482928795
Example 5,RFS Unopt,17.262791438381992
Example 5,RFS Unopt,10.602477046021926
Example 5,RFS Unopt,12.0592564383282
Example 5,RFS Unopt,11.394680009878828
Example 5,RFS Unopt,12.409313887033033
Example 5,RFS Unopt,24.6802946315928
Example 5,RFS Unopt,29.726171672396617
Example 5,RFS Unopt,11.788040013417266
Example 5,RFS Unopt,24.11372914429568
Example 5,RFS Unopt,13.354516026895743
Example 5,RFS Unopt,12.818930221789048
Example 5,RFS Unopt,16.878261899675095
Example 5,RFS Unopt,10.852163269653671
Example 5,RFS Unopt,12.841405077688414
Example 5,RFS Unopt,12.35455918817023
Example 5,RFS Unopt,9.538950102666597
Example 5,RFS Unopt,23.635969577782387
Example 5,RFS Unopt,15.304648340762142
Example 5,RFS Unopt,13.96644358520607
Example 5,RFS Unopt,11.5454968477361
Example 5,RFS Unopt,12.544171380092196
Example 5,RFS Unopt,13.278361613114507
Example 5,RFS Unopt,12.873908541815075
Example 5,RFS Unopt,15.351270130387492
Example 5,RFS Unopt,14.586477633959882
Example 5,RFS Unopt,14.270214363969377
Example 5,RFS Unopt,37.91137651612221
Example 5,RFS Unopt,14.592704041950299
Example 5,RFS Unopt,11.71341128387493
Example 5,RFS Unopt,9.651968139901532
Example 5,RFS Unopt,13.132498143146151
Example 5,RFS Unopt,13.588685584707754
Example 5,RFS Unopt,13.756137269169207
Example 5,RFS Unopt,14.627255995117878
Example 5,RFS Unopt,18.09144359255891
Example 5,RFS Unopt,15.414696820222993
Example 5,RFS Unopt,11.988137385782917
Example 5,RFS Unopt,10.376104630706578
Example 5,RFS Unopt,14.256358041356382
Example 5,RFS Unopt,14.707925392823514
Example 5,RFS Opt,14.43524658716103
Example 5,RFS Opt,24.982569192771447
Example 5,RFS Opt,14.850929065171313
Example 5,RFS Opt,17.351319649431584
Example 5,RFS Opt,26.419298776645082
Example 5,RFS Opt,12.274316519120129
Example 5,RFS Opt,13.731039975540844
Example 5,RFS Opt,11.166874507817404
Example 5,RFS Opt,31.3413578662926
Example 5,RFS Opt,16.003098261557437
Example 5,RFS Opt,30.29617092032444
Example 5,RFS Opt,23.769278258160135
Example 5,RFS Opt,10.365146920466838
Example 5,RFS Opt,11.306854905257797
Example 5,RFS Opt,27.428321101282812
Example 5,RFS Opt,22.512256299714505
Example 5,RFS Opt,35.52645705406231
Example 5,RFS Opt,9.886688914366323
Example 5,RFS Opt,23.334679647787052
Example 5,RFS Opt,23.186568784979762
Example 5,RFS Opt,21.762564521357284
Example 5,RFS Opt,27.828725492310525
Example 5,RFS Opt,30.086858151784146
Example 5,RFS Opt,28.352614353819263
Example 5,RFS Opt,27.404442957579363
Example 5,RFS Opt,9.686498053242929
Example 5,RFS Opt,42.66199463635763
Example 5,RFS Opt,26.92862593387625
Example 5,RFS Opt,12.720883035215572
Example 5,RFS Opt,15.73252038470437
Example 5,RFS Opt,25.27713786715978
Example 5,RFS Opt,26.909959418529315
Example 5,RFS Opt,27.67330970216126
Example 5,RFS Opt,26.7037712745175
Example 5,RFS Opt,23.42390121009986
Example 5,RFS Opt,12.897257844034051
Example 5,RFS Opt,35.85447932071993
Example 5,RFS Opt,24.17515493611777
Example 5,RFS Opt,11.584986713096795
Example 5,RFS Opt,24.900082960661685
Example 5,RFS Opt,21.799621992119548
Example 5,RFS Opt,25.592420171830916
Example 5,RFS Opt,27.08675003985001
Example 5,RFS Opt,32.939340180477174
Example 5,RFS Opt,24.825980595873563
Example 5,RFS Opt,27.228004449027015
Example 5,RFS Opt,28.308523472043913
Example 5,RFS Opt,10.7247763828755
Example 5,RFS Opt,26.411036654842714
Example 5,RFS Opt,27.12892123546324
Example 5,FS,14.43524658716114
Example 5,FS,25.24104433531746
Example 5,FS,25.00102983005051
Example 5,FS,31.660293846991646
Example 5,FS,26.41929877664515
Example 5,FS,30.69238550655986
Example 5,FS,42.800474399596375
Example 5,FS,27.672295836078312
Example 5,FS,32.428601169535334
Example 5,FS,62.422206543148384
Example 5,FS,30.797519758232763
Example 5,FS,25.012830202882284
Example 5,FS,9.939188808852611
Example 5,FS,11.2058603439154
Example 5,FS,27.428321101282897
Example 5,FS,63.310483019477395
Example 5,FS,35.52645705406234
Example 5,FS,9.886688914366301
Example 5,FS,67.76562439381155
Example 5,FS,23.186568784979713
Example 5,FS,26.698913634729262
Example 5,FS,27.8287254923106
Example 5,FS,30.08685815178426
Example 5,FS,28.352614353819227
Example 5,FS,27.328599807163602
Example 5,FS,23.817652353195278
Example 5,FS,50.7172501366215
Example 5,FS,26.92862593387639
Example 5,FS,13.133310550577288
Example 5,FS,14.677440078454014
Example 5,FS,26.63092469005643
Example 5,FS,27.549550514635484
Example 5,FS,27.673309702161216
Example 5,FS,27.868148031413664
Example 5,FS,23.423901210099913
Example 5,FS,28.901514244217942
Example 5,FS,68.89118948431577
Example 5,FS,26.780027410266285
Example 5,FS,56.204293972551774
Example 5,FS,24.900082960661678
Example 5,FS,27.876462098208982
Example 5,FS,25.592420171831083
Example 5,FS,28.05289789439955
Example 5,FS,32.93934018047717
Example 5,FS,25.907561713359815
Example 5,FS,27.588289404047863
Example 5,FS,28.925282881804677
Example 5,FS,24.351826874230515
Example 5,FS,29.21194943295962
Example 5,FS,28.81607599951938
Example 5,OLS,50.51644483688131
Example 5,OLS,52.77562473740911
Example 5,OLS,37.4721265872778
Example 5,OLS,61.314397916079976
Example 5,OLS,49.80338950042721
Example 5,OLS,53.774873976512794
Example 5,OLS,38.64217478062893
Example 5,OLS,64.58649279359234
Example 5,OLS,57.414123074431394
Example 5,OLS,69.04841210376702
Example 5,OLS,58.16584344406217
Example 5,OLS,47.60902495958173
Example 5,OLS,48.247456194966674
Example 5,OLS,47.56483871363692
Example 5,OLS,52.4058303650866
Example 5,OLS,65.438341192204
Example 5,OLS,59.524178609484466
Example 5,OLS,47.45916108230853
Example 5,OLS,52.24905186469932
Example 5,OLS,56.18435814369589
Example 5,OLS,48.6439468617731
Example 5,OLS,51.77602797954354
Example 5,OLS,47.29804464579004
Example 5,OLS,48.621594183945675
Example 5,OLS,56.401644769459914
Example 5,OLS,38.42626320108091
Example 5,OLS,63.59842357472395
Example 5,OLS,49.33518309409941
Example 5,OLS,49.767422145689686
Example 5,OLS,36.99892476241799
Example 5,OLS,41.922757989187645
Example 5,OLS,42.054430799210785
Example 5,OLS,49.64439967764063
Example 5,OLS,41.77046106252908
Example 5,OLS,53.14711770808589
Example 5,OLS,53.07902596403653
Example 5,OLS,64.0762002469032
Example 5,OLS,47.30609683432347
Example 5,OLS,55.44630222006332
Example 5,OLS,48.16421677998539
Example 5,OLS,46.44354111972027
Example 5,OLS,55.66749964208313
Example 5,OLS,61.2298803037261
Example 5,OLS,58.30206540936876
Example 5,OLS,65.09814734970111
Example 5,OLS,52.22817576582232
Example 5,OLS,44.8232881980172
Example 5,OLS,52.96509480913668
Example 5,OLS,50.32823919510139
Example 5,OLS,63.50873585181295
Example 6,Lasso,17.521311369498854
Example 6,Lasso,12.734130008695155
Example 6,Lasso,13.882824942121658
Example 6,Lasso,12.381008746071036
Example 6,Lasso,12.522935446528852
Example 6,Lasso,12.489646261745529
Example 6,Lasso,14.527139676654423
Example 6,Lasso,19.684108014213706
Example 6,Lasso,14.849870662024339
Example 6,Lasso,20.755782487459577
Example 6,Lasso,25.15163091780477
Example 6,Lasso,14.398318303269477
Example 6,Lasso,18.423660468033827
Example 6,Lasso,17.648929319864976
Example 6,Lasso,14.59775043957261
Example 6,Lasso,13.578315803650005
Example 6,Lasso,21.367656486066128
Example 6,Lasso,13.064936497157614
Example 6,Lasso,12.227239951335472
Example 6,Lasso,16.93497377267587
Example 6,Lasso,14.305766011161614
Example 6,Lasso,16.178718513825142
Example 6,Lasso,26.37849180404389
Example 6,Lasso,17.833954299496806
Example 6,Lasso,13.723674262001456
Example 6,Lasso,15.003173152755753
Example 6,Lasso,17.13170673623184
Example 6,Lasso,26.706355253111237
Example 6,Lasso,17.538867524413792
Example 6,Lasso,18.102928659440707
Example 6,Lasso,24.512205407391633
Example 6,Lasso,28.96825830666596
Example 6,Lasso,22.333146545782395
Example 6,Lasso,12.862264818526851
Example 6,Lasso,16.02613923967784
Example 6,Lasso,12.384921951402742
Example 6,Lasso,13.333570592160351
Example 6,Lasso,9.440701390082076
Example 6,Lasso,12.777891553480474
Example 6,Lasso,26.117236419304984
Example 6,Lasso,20.338946584503745
Example 6,Lasso,17.11227089372527
Example 6,Lasso,17.490107090380445
Example 6,Lasso,18.535209324296787
Example 6,Lasso,27.529305898322878
Example 6,Lasso,15.541451864148167
Example 6,Lasso,18.617106067687896
Example 6,Lasso,10.517236953026105
Example 6,Lasso,32.2155303553425
Example 6,Lasso,33.6513171983782
Example 6,Elastic Net,17.521311369498854
Example 6,Elastic Net,12.734130008695155
Example 6,Elastic Net,13.882824942121658
Example 6,Elastic Net,12.381008746071036
Example 6,Elastic Net,12.522935446528852
Example 6,Elastic Net,12.489646261745529
Example 6,Elastic Net,14.527139676654423
Example 6,Elastic Net,19.684108014213706
Example 6,Elastic Net,14.849870662024339
Example 6,Elastic Net,20.755782487459577
Example 6,Elastic Net,25.15163091780477
Example 6,Elastic Net,14.398318303269477
Example 6,Elastic Net,18.423660468033827
Example 6,Elastic Net,17.648929319864976
Example 6,Elastic Net,14.59775043957261
Example 6,Elastic Net,13.578315803650005
Example 6,Elastic Net,21.367656486066128
Example 6,Elastic Net,13.064936497157614
Example 6,Elastic Net,12.227239951335472
Example 6,Elastic Net,16.93497377267587
Example 6,Elastic Net,14.305766011161614
Example 6,Elastic Net,16.178718513825142
Example 6,Elastic Net,26.37849180404389
Example 6,Elastic Net,17.833954299496806
Example 6,Elastic Net,13.723674262001456
Example 6,Elastic Net,15.003173152755753
Example 6,Elastic Net,17.13170673623184
Example 6,Elastic Net,26.706355253111237
Example 6,Elastic Net,17.538867524413792
Example 6,Elastic Net,18.102928659440707
Example 6,Elastic Net,24.512205407391633
Example 6,Elastic Net,29.541784469342456
Example 6,Elastic Net,22.333146545782395
Example 6,Elastic Net,12.862264818526851
Example 6,Elastic Net,16.02613923967784
Example 6,Elastic Net,12.384921951402742
Example 6,Elastic Net,13.333570592160351
Example 6,Elastic Net,9.440701390082076
Example 6,Elastic Net,12.777891553480474
Example 6,Elastic Net,21.91056672561742
Example 6,Elastic Net,20.338946584503745
Example 6,Elastic Net,17.11227089372527
Example 6,Elastic Net,17.490107090380445
Example 6,Elastic Net,18.535209324296787
Example 6,Elastic Net,27.536515959444046
Example 6,Elastic Net,15.541451864148167
Example 6,Elastic Net,18.617106067687896
Example 6,Elastic Net,10.517236953026105
Example 6,Elastic Net,32.2155303553425
Example 6,Elastic Net,33.6513171983782
Example 6,Ridge,75.6301488607334
Example 6,Ridge,76.1075597264664
Example 6,Ridge,81.00640452785301
Example 6,Ridge,63.41154714115768
Example 6,Ridge,92.87199969817632
Example 6,Ridge,82.0700992341116
Example 6,Ridge,74.77098142244296
Example 6,Ridge,85.22578128470612
Example 6,Ridge,77.7418837749265
Example 6,Ridge,89.61547404895974
Example 6,Ridge,75.42816415898932
Example 6,Ridge,85.16773740826456
Example 6,Ridge,84.32800741689061
Example 6,Ridge,90.35511219365013
Example 6,Ridge,57.05709493472252
Example 6,Ridge,65.68262195018923
Example 6,Ridge,86.37015290178995
Example 6,Ridge,83.10849529855079
Example 6,Ridge,78.1938786104201
Example 6,Ridge,101.00992821109176
Example 6,Ridge,75.06952194998611
Example 6,Ridge,82.851724948591
Example 6,Ridge,91.86197588251501
Example 6,Ridge,91.31184062316851
Example 6,Ridge,80.77535607675455
Example 6,Ridge,95.32932943624463
Example 6,Ridge,91.39165671258412
Example 6,Ridge,84.95039809988677
Example 6,Ridge,79.27488827051924
Example 6,Ridge,58.37599243599556
Example 6,Ridge,90.11890610002267
Example 6,Ridge,96.38587202816522
Example 6,Ridge,93.1363560901373
Example 6,Ridge,68.81184539671452
Example 6,Ridge,83.8910226070994
Example 6,Ridge,83.14716372595589
Example 6,Ridge,85.57799862692157
Example 6,Ridge,82.51847634252255
Example 6,Ridge,91.3091591520409
Example 6,Ridge,65.69677425435817
Example 6,Ridge,78.73977382624616
Example 6,Ridge,81.35238897588235
Example 6,Ridge,104.8702362047449
Example 6,Ridge,53.86736423355861
Example 6,Ridge,98.39658417727216
Example 6,Ridge,99.82866689107837
Example 6,Ridge,89.1264344702187
Example 6,Ridge,66.75389840471381
Example 6,Ridge,104.09103975211924
Example 6,Ridge,101.57461734029688
Example 6,RFS Unopt,13.405527673528011
Example 6,RFS Unopt,10.273696714769494
Example 6,RFS Unopt,10.09103825168957
Example 6,RFS Unopt,10.297017706323274
Example 6,RFS Unopt,12.51745329049737
Example 6,RFS Unopt,11.266554426701598
Example 6,RFS Unopt,11.234545933041893
Example 6,RFS Unopt,11.41951195843006
Example 6,RFS Unopt,15.229619502424654
Example 6,RFS Unopt,13.337897830911507
Example 6,RFS Unopt,15.91599261256822
Example 6,RFS Unopt,12.657377902182104
Example 6,RFS Unopt,15.316142131369885
Example 6,RFS Unopt,15.054634016240506
Example 6,RFS Unopt,12.27739843245399
Example 6,RFS Unopt,16.015864978477495
Example 6,RFS Unopt,17.40428947105388
Example 6,RFS Unopt,11.492219799140194
Example 6,RFS Unopt,11.308307948020635
Example 6,RFS Unopt,13.564036230228286
Example 6,RFS Unopt,13.42371461963247
Example 6,RFS Unopt,13.240947793284198
Example 6,RFS Unopt,12.068098145021285
Example 6,RFS Unopt,16.628866944060675
Example 6,RFS Unopt,11.564371793439818
Example 6,RFS Unopt,10.091382708193471
Example 6,RFS Unopt,14.184818635959363
Example 6,RFS Unopt,15.286958135500832
Example 6,RFS Unopt,14.92104148527768
Example 6,RFS Unopt,12.057459877250254
Example 6,RFS Unopt,16.576476281623055
Example 6,RFS Unopt,16.86114714618175
Example 6,RFS Unopt,13.662825322782222
Example 6,RFS Unopt,12.837224258152974
Example 6,RFS Unopt,17.538154046343095
Example 6,RFS Unopt,11.96904564600959
Example 6,RFS Unopt,10.323192581866948
Example 6,RFS Unopt,9.993831704685856
Example 6,RFS Unopt,11.083548545568874
Example 6,RFS Unopt,13.098613189193692
Example 6,RFS Unopt,12.85757161427017
Example 6,RFS Unopt,12.06696997903559
Example 6,RFS Unopt,14.719557240314316
Example 6,RFS Unopt,11.206484283603581
Example 6,RFS Unopt,19.548005695464663
Example 6,RFS Unopt,14.52114740397361
Example 6,RFS Unopt,16.159394353531066
Example 6,RFS Unopt,10.421090901655237
Example 6,RFS Unopt,21.06501800212316
Example 6,RFS Unopt,26.182611348409075
Example 6,RFS Opt,38.117604304481226
Example 6,RFS Opt,8.31662353385434
Example 6,RFS Opt,31.748250379278847
Example 6,RFS Opt,10.423551422660916
Example 6,RFS Opt,12.774885738994318
Example 6,RFS Opt,34.26140003536575
Example 6,RFS Opt,11.289318922780067
Example 6,RFS Opt,38.845192040076725
Example 6,RFS Opt,36.10677258253095
Example 6,RFS Opt,14.279313683508853
Example 6,RFS Opt,35.599125214102514
Example 6,RFS Opt,11.145161226430295
Example 6,RFS Opt,39.075964371917145
Example 6,RFS Opt,46.52953760597392
Example 6,RFS Opt,11.118501117201928
Example 6,RFS Opt,16.083176976306905
Example 6,RFS Opt,39.492083406139976
Example 6,RFS Opt,35.69960231348188
Example 6,RFS Opt,33.44888299305363
Example 6,RFS Opt,39.4708402576729
Example 6,RFS Opt,32.59466930480524
Example 6,RFS Opt,13.210581968263037
Example 6,RFS Opt,34.266942614383694
Example 6,RFS Opt,34.10378462780639
Example 6,RFS Opt,11.818432173911678
Example 6,RFS Opt,9.001750385954074
Example 6,RFS Opt,40.22016354046024
Example 6,RFS Opt,38.14296197570654
Example 6,RFS Opt,39.66370535642945
Example 6,RFS Opt,39.3363041853443
Example 6,RFS Opt,38.544500867099345
Example 6,RFS Opt,34.93545829219823
Example 6,RFS Opt,32.80756638180849
Example 6,RFS Opt,26.01577555995615
Example 6,RFS Opt,22.67281416541024
Example 6,RFS Opt,35.877321539990554
Example 6,RFS Opt,36.73065890374657
Example 6,RFS Opt,11.25387348758075
Example 6,RFS Opt,33.28369887155104
Example 6,RFS Opt,32.18923109001835
Example 6,RFS Opt,33.34450972339919
Example 6,RFS Opt,32.81043191197215
Example 6,RFS Opt,39.270716855821775
Example 6,RFS Opt,36.898920428011316
Example 6,RFS Opt,33.558170811625764
Example 6,RFS Opt,39.757022903520195
Example 6,RFS Opt,38.917919202767926
Example 6,RFS Opt,10.706336205761637
Example 6,RFS Opt,12.464362004259964
Example 6,RFS Opt,50.78833092869019
Example 6,FS,38.80206069128688
Example 6,FS,8.084218787260816
Example 6,FS,35.785441996078426
Example 6,FS,36.62525433307867
Example 6,FS,37.63089323467138
Example 6,FS,34.26140003536584
Example 6,FS,32.21305325319742
Example 6,FS,40.28829929002915
Example 6,FS,41.261213380057235
Example 6,FS,52.424070866406474
Example 6,FS,38.39235531539001
Example 6,FS,11.145161226430266
Example 6,FS,39.07596437191711
Example 6,FS,46.52953760597389
Example 6,FS,34.99558282740271
Example 6,FS,37.12644965016887
Example 6,FS,39.49208340613995
Example 6,FS,35.699602313481776
Example 6,FS,34.3583325210096
Example 6,FS,39.415615736650324
Example 6,FS,34.69180754040893
Example 6,FS,35.22765406098788
Example 6,FS,35.12912279353188
Example 6,FS,44.91177881477702
Example 6,FS,35.47578352633575
Example 6,FS,35.38896170136683
Example 6,FS,41.57067149369896
Example 6,FS,43.41777889921017
Example 6,FS,42.45514429053557
Example 6,FS,41.745527416841924
Example 6,FS,38.54450086709926
Example 6,FS,34.935458292198234
Example 6,FS,39.422677239987436
Example 6,FS,35.353899846596526
Example 6,FS,37.68453043786032
Example 6,FS,36.3158663193327
Example 6,FS,36.730658903746566
Example 6,FS,35.00873383732945
Example 6,FS,34.54873016249426
Example 6,FS,32.189231090018346
Example 6,FS,33.34450972339918
Example 6,FS,32.810431911972174
Example 6,FS,39.270716855821675
Example 6,FS,36.898920428011344
Example 6,FS,33.558170811625786
Example 6,FS,41.5783350438448
Example 6,FS,38.91791920276794
Example 6,FS,39.31902790884916
Example 6,FS,12.134694816202538
Example 6,FS,50.78833092869013
Example 6,OLS,75.79511006077854
Example 6,OLS,85.07316670957853
Example 6,OLS,84.46719784618755
Example 6,OLS,65.87246343238982
Example 6,OLS,93.14713992116891
Example 6,OLS,81.89307514849772
Example 6,OLS,73.0539911693599
Example 6,OLS,84.86826495950807
Example 6,OLS,85.26492547226093
Example 6,OLS,96.11182733869268
Example 6,OLS,77.3629378636176
Example 6,OLS,86.17951209939793
Example 6,OLS,84.3981560949639
Example 6,OLS,91.53248023945119
Example 6,OLS,57.55599496300438
Example 6,OLS,70.01446095040038
Example 6,OLS,86.97461246165899
Example 6,OLS,83.23161299884877
Example 6,OLS,85.23796808408069
Example 6,OLS,104.98164925782918
Example 6,OLS,75.59556010792686
Example 6,OLS,85.23299873021763
Example 6,OLS,95.74391909396914
Example 6,OLS,92.37163865493147
Example 6,OLS,90.0788155667123
Example 6,OLS,95.68194022680869
Example 6,OLS,100.49470741077278
Example 6,OLS,84.81341143381391
Example 6,OLS,78.93624337951651
Example 6,OLS,58.64753449947635
Example 6,OLS,93.72152324474482
Example 6,OLS,96.1740876486965
Example 6,OLS,90.75605520605622
Example 6,OLS,68.95812783034256
Example 6,OLS,83.73925763721536
Example 6,OLS,84.30388057931569
Example 6,OLS,85.03811735296405
Example 6,OLS,82.51552456323668
Example 6,OLS,92.18350099959608
Example 6,OLS,65.8223902008193
Example 6,OLS,79.30919664838727
Example 6,OLS,82.7594102448525
Example 6,OLS,104.70943176394175
Example 6,OLS,55.860730536977805
Example 6,OLS,96.72833025171907
Example 6,OLS,103.13886149472539
Example 6,OLS,88.39665003542746
Example 6,OLS,73.09757035950679
Example 6,OLS,105.03811200953214
Example 6,OLS,107.09712091230527
